{"segGroups": [{"objectId": 1, "id": 1, "partId": 1, "index": 0, "dominantNormal": [0, -2.220446049250313e-16, 1], "obb": {"axesLengths": [5.662805989204821, 0.22774993864260826, 3.712810304264472], "centroid": [0.8546639383308415, 0.4650859737974078, -1.3029749493381009], "normalizedAxes": [0.9345368146896362, 0.35586652159690857, 7.901824119403068e-17, 0, -2.220446049250313e-16, 1, 0.35586652159690857, -0.9345368146896362, -2.0750885780565747e-16]}, "segments": [13245, 6009, 7792, 11488, 18120, 18033, 17571, 8696, 6390, 6299, 10112, 381, 1062, 1220, 1309, 1310, 1315, 1492, 1561, 1579, 1636, 1744, 1817, 2265, 2385, 3093, 3098, 3102, 3297, 5477, 5479, 5538, 5548, 5552, 5574, 5591, 5613, 5631, 5662, 5666, 5693, 5702, 5713, 5776, 5806, 5957, 6100, 6115, 6158, 6170, 6217, 6234, 6250, 6251, 6374, 6415, 6449, 6464, 6470, 6473, 6484, 6508, 6987, 7006, 7052, 7060, 7135, 7162, 7703, 7750, 7809, 7817, 8135, 8419, 8424, 8450, 8646, 8736, 8787, 8817, 8821, 8834, 8839, 8891, 8894, 8929, 9060, 9099, 9132, 9441, 9537, 9842, 10074, 10105, 10116, 10155, 10160, 10185, 10213, 10246, 10487, 10525, 10552, 10555, 10644, 11169, 11288, 11290, 11325, 11365, 11383, 11385, 11498, 11501, 11510, 11543, 11544, 11819, 11875, 11892, 12036, 12045, 12078, 12099, 12104, 12142, 12149, 12253, 12277, 12298, 12299, 12310, 12313, 12330, 12336, 12368, 12372, 12381, 12388, 12419, 12421, 12715, 12720, 12726, 12891, 12893, 12905, 12917, 12974, 12979, 13004, 13006, 13040, 13049, 13057, 13069, 13239, 13365, 13417, 13421, 13434, 13437, 13464, 13471, 13499, 13566, 13979, 14017, 14032, 14041, 14053, 14060, 14226, 14238, 14259, 14289, 14480, 14499, 16092, 16639, 16685, 17465, 17598, 18076, 18116, 18126, 18150, 18272, 18315, 18330, 18344, 18357, 18401, 18424, 18432, 18801, 18821, 18871, 18873, 19000, 19300, 19483, 19798, 19801, 19807, 19823, 20755, 20758, 20770, 20800, 20962, 21008, 21011, 21046, 21058, 21065, 21077, 21098, 21166, 21181, 21519, 21655, 21659, 21664, 21666, 21668, 23410, 23482, 23483, 23486, 23488, 23491, 23595, 23598, 23672, 23675, 23856, 23858, 24115, 24309, 24313, 24328, 24357, 24360, 24364, 24399, 24400, 24423, 24427, 24428, 24450, 24633, 24634, 24637, 24641, 24645, 24772, 24778, 24998, 25109, 26822, 26824, 26827, 26833, 26953, 26957, 26961, 26966, 27393, 27492, 27496, 27521, 27573, 27574, 27579, 27588, 27614, 28724, 10469, 1650, 10043, 17861, 7038, 8122, 8397, 10563, 12343, 17884, 17885, 17903, 24317], "label": "floor"}, {"objectId": 2, "id": 2, "partId": 2, "index": 1, "dominantNormal": [0, -2.220446049250313e-16, 1], "obb": {"axesLengths": [1.260076696255723, 0.6809339967161265, 0.9388711184119597], "centroid": [1.9226796602403682, 1.010510622566168, -0.9703629489161896], "normalizedAxes": [-0.6936623454093933, 0.7203003168106079, 1.5993879927358632e-16, 0, -2.220446049250313e-16, 1, 0.7203003168106079, 0.6936623454093933, 1.5402398143779934e-16]}, "segments": [29554, 29531, 20725, 4, 15735, 25732, 22567, 21526, 25813, 15897, 17278, 15227, 15106, 27482, 25958, 18305, 18264, 25722, 8876, 15753, 8198, 716, 8918, 40, 175, 176, 515, 546, 585, 2102, 2506, 2563, 2608, 2643, 2661, 2704, 2713, 2714, 2716, 2781, 2803, 2823, 2838, 2850, 2851, 2886, 2903, 2915, 2927, 2935, 2959, 2983, 2986, 2992, 2996, 3048, 3052, 3057, 7942, 7952, 7965, 7975, 7988, 8826, 8939, 14694, 14696, 14721, 14724, 14730, 15128, 15134, 15138, 15179, 15193, 15194, 15256, 15770, 15791, 16720, 16731, 18139, 18165, 18286, 18304, 18352, 18383, 20645, 20697, 20710, 20730, 20814, 20822, 20879, 21506, 21535, 21834, 21837, 22416, 22427, 22440, 22455, 22557, 25379, 25381, 25572, 25575, 25602, 25609, 25612, 25640, 25770, 25887, 25894, 25962, 25982, 25984, 27505, 27518, 20811, 27524, 18996, 27390, 20490, 18908, 20847, 27545], "label": "armchair"}, {"objectId": 3, "id": 3, "partId": 3, "index": 2, "dominantNormal": [0, -2.220446049250313e-16, 1], "obb": {"axesLengths": [1.2734076662816252, 0.6768799868923425, 1.0073776376788985], "centroid": [0.0299516797895083, 0.41165524533139164, -0.9684399541071058], "normalizedAxes": [0.05745420232415199, 0.9983481168746948, 2.216778131890906e-16, 0, -2.220446049250313e-16, 1, 0.9983481168746948, -0.05745420232415199, -1.2757395656349145e-17]}, "segments": [17350, 26584, 25463, 16874, 23921, 9386, 8814, 24085, 24103, 9982, 12411, 12582, 8587, 9357, 10864, 25486, 9831, 8607, 9808, 8555, 8560, 8758, 8761, 8788, 8806, 9319, 9334, 9409, 9410, 9424, 9916, 9930, 9994, 10751, 10872, 11639, 11642, 11646, 11670, 11697, 11699, 11702, 11732, 12434, 12452, 12467, 12471, 12529, 12531, 12540, 12546, 12559, 12594, 12599, 12628, 14963, 14967, 15005, 23862, 23895, 23897, 23954, 23957, 24073, 24080, 24082, 24320, 24372, 24458, 24461, 24472, 24508, 24523, 24539, 24547, 24551, 24570, 24591, 24592, 24616, 25132, 25517, 25519], "label": "armchair"}, {"objectId": 4, "id": 4, "partId": 4, "index": 3, "dominantNormal": [0.3400353491306305, -0.9404126405715942, -2.088135532422251e-16], "obb": {"axesLengths": [4.4813182012171024, 0.9582970226191646, 0.8727980128752163], "centroid": [1.4627008911163442, -1.2367246107084302, -0.8820214912588552], "normalizedAxes": [0.9404126405715942, 0.3400353491306305, 7.550301475825594e-17, 0, -2.220446049250313e-16, 1, 0.3400353491306305, -0.9404126405715942, -2.088135532422251e-16]}, "segments": [9005, 13341, 1302, 27028, 27254, 7200, 10856, 12118, 17978, 19939, 25854, 26843, 19098, 8498, 8707, 112, 196, 208, 254, 256, 261, 268, 463, 916, 925, 938, 944, 990, 1000, 1011, 1032, 1034, 1042, 1050, 1101, 1102, 1105, 1128, 1132, 1133, 1137, 1828, 1835, 2045, 2216, 2274, 2383, 2656, 3123, 3129, 3174, 3194, 3937, 3985, 4003, 4019, 4048, 4050, 4095, 4571, 4580, 4596, 4608, 4622, 4655, 4658, 4661, 4918, 4932, 4943, 4953, 5018, 5073, 5155, 5175, 5206, 5249, 5257, 5264, 5827, 7885, 8051, 8073, 8146, 8150, 8175, 8218, 8226, 8339, 9535, 10016, 10473, 10774, 10778, 10865, 10936, 10939, 10997, 11006, 11019, 11035, 11048, 11066, 11131, 12062, 12211, 12663, 12684, 13107, 13111, 13121, 13145, 13174, 13175, 13178, 13206, 13665, 13841, 13908, 13917, 14006, 14030, 14096, 14341, 14349, 14353, 14373, 14377, 14439, 14837, 14900, 14974, 15384, 16235, 16240, 16310, 16322, 16664, 16738, 16823, 16842, 16863, 16876, 16879, 16955, 16978, 17022, 17040, 17069, 17071, 17207, 17611, 17652, 17879, 18055, 18083, 19222, 19500, 19506, 19745, 20111, 20201, 20204, 20213, 20262, 20273, 20279, 20317, 20324, 20328, 21399, 21465, 21502, 21505, 21683, 21704, 21721, 21730, 21754, 21758, 21867, 21891, 21896, 21898, 21921, 21950, 22087, 22668, 22902, 22911, 22971, 22974, 22976, 22982, 23005, 23258, 23269, 23298, 23303, 23326, 23335, 23336, 23462, 23475, 24436, 24439, 24491, 24620, 24621, 24628, 24882, 25151, 25202, 25264, 25301, 25318, 25358, 25361, 25399, 25425, 25431, 25445, 25579, 25660, 25662, 25667, 25669, 25674, 25716, 25857, 25995, 26093, 26368, 26376, 26461, 26604, 26679, 26819, 26840, 27452, 27577, 29183, 29199, 29202, 29289, 29326, 29328, 18584, 14863, 14700, 13582, 13478, 29322, 13688, 5122, 4112], "label": "counter"}, {"objectId": 5, "id": 5, "partId": 5, "index": 4, "dominantNormal": [0.8744428157806396, 0.48512861132621765, 1.0772019083975907e-16], "obb": {"axesLengths": [0.5903039775639708, 0.6917449677345534, 0.562115190631067], "centroid": [1.1065855398484197, 0.5392014520717787, -0.9689774389793543], "normalizedAxes": [-0.48512861132621765, 0.8744428157806396, 1.9416530955954406e-16, 0, -2.220446049250313e-16, 1, 0.8744428157806396, 0.48512861132621765, 1.0772019083975907e-16]}, "segments": [23374, 27694, 27733, 19842, 14676, 27702, 8068, 8246, 4147, 4224, 4227, 4694, 4708, 4722, 5236, 8014, 8015, 8127, 8259, 19644, 19688, 19836, 19843, 23027, 23029, 23360, 23684, 23739, 27720, 8116], "label": "table"}, {"objectId": 6, "id": 6, "partId": 6, "index": 5, "dominantNormal": [0, -2.220446049250313e-16, 1], "obb": {"axesLengths": [0.7412615750460263, 0.5578900450939672, 0.7420871760167113], "centroid": [0.8279202287289025, 1.314931367268822, -1.04894496577356],