{"segGroups": [{"objectId": 3, "id": 3, "partId": 3, "index": 0, "dominantNormal": [0.5487891435623169, -0.8359608054161072, -1.856205867714305e-16], "obb": {"axesLengths": [1.5583191640974436, 2.151669931001887, 0.5324595260382342], "centroid": [-3.971808193874839, 2.3408799158998654, -0.4658350442771986], "normalizedAxes": [0.8359608054161072, 0.5487891435623169, 1.2185566856944094e-16, 0, -2.220446049250313e-16, 1, 0.5487891435623169, -0.8359608054161072, -1.856205867714305e-16]}, "segments": [2098, 4551, 6353, 6055, 3601, 5839, 3084, 1827, 1835, 876, 1280, 38447, 2565, 4087, 121, 122, 279, 413, 423, 429, 430, 866, 1101, 1125, 1130, 1192, 1209, 1289, 1775, 1800, 1802, 1830, 2533, 2600, 3716, 4035, 5726, 5788, 6197, 28768, 29814, 29830, 29838, 29853, 29868, 34877, 35097, 35100, 35117, 35283, 35285, 38951, 38954, 38958, 38977, 38980, 38987, 5471, 5583], "label": "wall"}, {"objectId": 4, "id": 4, "partId": 4, "index": 1, "dominantNormal": [0.9116174578666687, 0.4110396206378937, 9.126913017307585e-17], "obb": {"axesLengths": [0.9540468089011882, 0.9297279507727633, 0.7295391305245897], "centroid": [-2.480897495597935, -0.42665348187000807, -1.0699760575089], "normalizedAxes": [-0.4110395908355713, 0.9116175174713135, 2.0241975150965563e-16, 0, -2.220446049250313e-16, 1, 0.9116175174713135, 0.4110395908355713, 9.126912355563095e-17]}, "segments": [33434, 32747, 34352, 32266, 32336, 30861, 17024, 9330, 35730, 19141, 33692, 9621, 16099, 8695, 9629, 16397, 17073, 22919, 33705, 40046, 39953], "label": "armchair"}, {"objectId": 5, "id": 5, "partId": 5, "index": 2, "dominantNormal": [0.9154354929924011, 0.40246468782424927, 8.936511260421149e-17], "obb": {"axesLengths": [0.9706670407242998, 0.9318389088249446, 0.7552329786458208], "centroid": [-1.6466229978253466, 0.059392957102474275, -1.0674005408657226], "normalizedAxes": [-0.4024646580219269, 0.9154354929924011, 2.0326751237584897e-16, 0, -2.220446049250313e-16, 1, 0.9154354929924011, 0.4024646580219269, 8.936510598676659e-17]}, "segments": [39624, 28712, 11313, 34162, 29653, 39651, 25767, 19378, 36721, 42615, 12635, 34115, 21422, 21445, 38072, 29018, 38085, 38087, 42631, 42668], "label": "armchair"}, {"objectId": 6, "id": 6, "partId": 6, "index": 3, "dominantNormal": [0, -2.220446049250313e-16, 1], "obb": {"axesLengths": [0.5832883665227829, 0.49125002716667865, 0.5760173309412976], "centroid": [-1.817447437108879, 1.1205357484449763, -1.3411250609144187], "normalizedAxes": [-0.6742602586746216, 0.738493800163269, 1.639785640968381e-16, 0, -2.220446049250313e-16, 1, 0.738493800163269, 0.6742602586746216, 1.4971585275405576e-16]}, "segments": [20547, 20178, 21031, 37969, 20685, 26033, 26051, 26106, 37984, 26009, 26083, 20632], "label": "cube"}, {"objectId": 7, "id": 7, "partId": 7, "index": 4, "dominantNormal": [-0.3119359016418457, -0.9501031637191772, -2.1096528162604705e-16], "obb": {"axesLengths": [0.8857604707576527, 0.8799099725504966, 0.8128690255489781], "centroid": [-3.6164268590973543, -0.9466568297226909, -0.9299550643064445], "normalizedAxes": [0.9501031637191772, -0.3119359016418457, -6.926368404199705e-17, 0, -2.220446049250313e-16, 1, -0.3119359016418457, -0.9501031637191772, -2.1096528162604705e-16]}, "segments": [8771, 28505, 35121, 28501, 4672, 8081, 37127, 4464, 4504, 4700, 4758, 4789, 6272, 26523, 38117, 38214, 12331, 8418, 38201, 28521, 7612, 26507, 35065, 37096], "label": "armchair"}, {"objectId": 8, "id": 8, "partId": 8, "index": 5, "dominantNormal": [0.45038673281669617, -0.8928335905075073, -1.9824888186803665e-16], "obb": {"axesLengths": [0.881479085716666, 0.8199999596178537, 0.6601460091888837], "centroid": [-2.150547484838433, 3.777761557141144, -0.3000000623104717], "normalizedAxes": [0.8928335905075073, 0.45038673281669617, 1.0000594415175893e-16, 0, -2.220446049250313e-16, 1, 0.45038673281669617, -0.8928335905075073, -1.9824888186803665e-16]}, "segments": [14880, 23129, 23123, 16915, 31791, 32250, 11034, 6499, 6506, 8829, 8842, 23154, 23180, 23204, 23815, 31449, 31467, 31512, 31752, 32519, 32570, 35052, 35134, 37273, 37311, 38877, 39019, 39029, 37178, 31610, 12259, 12206, 6934, 23116, 16093, 23097, 23109, 23115, 37257, 38899, 8110, 8431, 9302, 22867, 22872, 23836], "label": "lamp"}, {"objectId": 9, "id": 9, "partId": 9, "index": 6, "dominantNormal": [0.05984688550233841, -0.9982075691223145, -2.216466053189402e-16], "obb": {"axesLengths": [1.520587598217121, 1.3504199381823845, 0.4615212734280246], "centroid": [-3.196596091757103, -1.6761421807969796, -0.8252100511457021], "normalizedAxes": [0.9982075691223145, 0.05984688177704811, 1.3288677220179703e-17, 0, -2.220446049250313e-16, 1, 0.05984688177704811, -0.9982075691223145, -2.216466053189402e-16]}, "segments": [29091, 12059, 9609, 39755, 39733, 14491, 2516, 13099, 13325, 13354, 13361, 13371, 13379, 13772, 13788, 14458, 14478, 14481, 14490, 14553, 14581, 14607, 14608, 14764, 32116, 32129, 32184, 35396, 35551, 35553, 35556, 35564, 39526, 39531, 39535, 29117, 33198, 70, 78, 919, 2420, 12580, 12587, 12597, 12610, 17788, 17817, 17863, 17964, 17991, 17998, 18008, 29167, 29203, 30438, 30453, 30456, 30472, 31612, 33892, 33904, 33906, 34496, 34498, 34503, 34505, 34510, 34513, 35347, 38879, 39725, 39790, 39816, 39819, 31617, 27673, 31410, 31413, 31416, 31423, 39130, 39294, 34192, 33114, 6020], "label": "wardrobe"}, {"objectId": 10, "id": 10, "partId": 10, "index": 7, "dominantNormal": [-0.35818177461624146, -0.933651864528656, -2.0731235939678428e-16], "obb": {"axesLengths": [0.43621899173619444, 1.4399999207258234, 0.3187080534553506], "centroid": [-1.7534838294114885, -1.339341619011968, -0.8300000367549805], "normalizedAxes": [0.933651864528656, -0.35818180441856384, -7.953233725345484e-17, 0, -2.220446049250313e-16, 1, -0.35818180441856384, -0.933651864528656, -2.0731235939678428e-16]}, "segments": [36855, 3296, 35393, 2704, 2730, 2962, 3472, 3791, 7435, 7440, 9403, 9411, 9422, 19384, 20995, 34664, 36876, 36881, 36886, 7796, 2909, 3794, 7413, 7417, 19407, 8063, 36916], "label": "pillar"}, {"objectId": 11, "id": 11, "partId": 11, "index": 8, "dominantNormal": [0.9500437378883362, 0.312116801738739, 6.930385193254263e-17], "obb": {"axesLengths": [0.86362501613977, 0.9430500058148054, 0.4332396931981963], "centroid": [-3.5442062764768196, 3.37847630565301, -1.0815250830247611], "normalizedAxes": [-0.312116801738739, 0.9500437378883362, 2.109520864409156e-16, 0, -2.220446049250313e-16, 1, 0.9500437378883362, 0.312116801738739, 6.930385193254263e-17]}, "segments": [28782, 26279, 15721, 28623], "label": "wall"}, {"objectId": 12, "id": 12, "partId": 12, "index": 9, "dominantNormal": [0.7867690920829773, -0.6172474026679993, -1.3705645566641761e-16], "obb": {"axesLengths": [0.4377909134169851, 1.3799999792873856, 0.2819138470993078], "centroid": [-3.0547015684303314, 3.673921097234325, -0.8000000660357616], "normalizedAxes": [0.6172474026679993, 0.7867690920829773, 1.7469783221879027e-16, 0, -2.220446049250313e-16, 1, 0.7867690920829773, -0.6172474026679993, -1.3705645566641761e-16]}, "segments": [25935, 32742, 32274, 32278, 32298, 32300, 35050, 25011, 24557, 5045, 5087, 5173, 24564, 24904, 24945, 25500, 25503, 25826, 28463, 28465, 37750, 37804, 37807, 37837, 38629, 38632, 38745, 38747, 38764, 38767, 39155, 7957, 37939, 4832, 24974, 32969, 37754, 12428], "label": "pillar"}, {"objectId": 13, "id": 13, "partId": 13, "index": 10, "dominantNormal": [0, -2.220446049250313e-16, 1], "obb": {"axesLengths": [0.7495072702042482, 0.50840996559538, 0.5361028152504683], "centroid": [-2.462891388928504, 5.110460415252784, -1.3242050907802192], "normalizedAxes": [0.9958145618438721, 0.0913965180516243, 2.029410374229641e-17, 0, -2.220446049250313e-16, 1, 0.0913965180516243, -0.9958145618438721, -2.2111525096321573e-16]}, "segments": [3121, 32656, 29030, 31151, 39241, 30218, 32671, 39289, 17781, 3272], "label": "puf"}, {"objectId": 17, "id": 17, "partId": 17, "index": 14, "dominantNormal": [0, -2.220446049250313e-16, 1],