{"segGroups": [{"objectId": 1, "id": 1, "partId": 1, "index": 0, "dominantNormal": [0, -2.220446049250313e-16, 1], "obb": {"axesLengths": [4.9384033489269585, 0.36027001529328445, 3.814105529888538], "centroid": [0.16348189472483532, 1.4904853608845539, -1.550135078854005], "normalizedAxes": [0.4027923345565796, 0.9152913689613342, 2.0323551041231052e-16, 0, -2.220446049250313e-16, 1, 0.9152913689613342, -0.4027923345565796, -8.943786479344675e-17]}, "segments": [19257, 3572, 3344, 19504, 3489, 2419, 6864, 872, 143, 682, 1532, 2451, 2617, 2639, 2717, 2798, 2842, 2915, 2972, 6314, 6964, 6976, 6990, 7019, 7428, 8677, 9351, 9379, 9380, 9408, 9493, 9502, 9519, 9538, 9623, 9642, 9656, 9664, 9669, 9689, 9698, 9763, 9772, 10164, 10710, 10733, 11042, 11684, 12070, 12321, 12337, 13660, 14041, 14044, 14057, 14106, 14144, 15024, 15055, 15081, 15083, 15091, 15116, 15370, 15655, 15665, 15689, 15936, 16241, 16445, 16573, 16587, 17059, 17495, 17840, 17883, 17982, 17986, 18044, 18110, 18134, 18141, 18843, 18994, 19026, 19029, 19118, 19185, 19566, 20079, 20238, 20246, 20797, 20830, 21611, 22106, 22175, 22177, 22180, 22182, 22249, 22587, 22595, 22721, 22724, 22730, 23022, 23216, 23251, 23478, 23640, 23644, 23683, 23695, 23734, 23741, 23743, 23751, 23766, 23778, 23796, 23913, 23940, 24001, 24046, 24052, 24128, 24132, 24142, 24165, 24168, 24177, 24203, 24212, 24246, 24281, 24294, 24296, 24301, 24368, 24373, 24385, 24870, 24873, 15265, 12061, 23151, 4904, 4073, 14312, 12202, 16263, 2893, 6278, 6286, 6300, 6756, 7412, 12193, 12245, 13092, 13153, 13934, 13959, 14029, 14168, 14345, 16313, 16660, 19591, 19611, 19614, 22739, 23497, 23500, 23504, 23652, 23658, 23660, 23674, 23688, 23692, 23712, 23715, 23717, 23720, 23724, 24066, 24068, 24071, 16466, 20774, 16419], "label": "floor"}, {"objectId": 2, "id": 2, "partId": 2, "index": 1, "dominantNormal": [0.9407013654708862, -0.339235782623291, -7.532547532902245e-17], "obb": {"axesLengths": [0.6997542791333828, 0.6566409917926563, 0.63024266211097], "centroid": [0.4794946124757489, 1.5815558455186967, -0.5915255788915894], "normalizedAxes": [0.339235782623291, 0.9407013654708862, 2.0887766304842042e-16, 0, -2.220446049250313e-16, 1, 0.9407013654708862, -0.339235782623291, -7.532547532902245e-17]}, "segments": [12463, 22961, 22512, 12475, 8230, 8239, 12527, 20164, 22945, 22947, 22950, 22954, 22966, 22969, 22972, 22975, 22981, 22983, 22986, 22992, 24678, 24684, 24688, 11412, 12041, 22863, 12901, 11460, 9108, 3949, 11870, 9077, 9117, 9128, 9131, 9142, 10502, 10602, 11470, 11483, 11498, 11510, 11754, 11775, 11832, 11835, 11883, 11900, 11934, 11979, 12025, 12031, 12814, 22163, 22265, 22487, 22576, 22609, 22619, 22622, 22636, 22640, 22642, 22691, 22926, 22939, 22990, 22995, 22998, 23005, 23009], "label": "chair"}, {"objectId": 3, "id": 3, "partId": 3, "index": 2, "dominantNormal": [0, -2.220446049250313e-16, 1], "obb": {"axesLengths": [3.002400617391825, 1.2399999520182612, 1.3983182195449269], "centroid": [0.8766634771796177, 1.4416064402420488, -1.030000060329515], "normalizedAxes": [0.5535816550254822, 0.8327949047088623, 1.8491761559965843e-16, 0, -2.220446049250313e-16, 1, 0.8327949047088623, -0.5535816550254822, -1.2291981988387816e-16]}, "segments": [8242, 9980, 3036, 5698, 11952, 10176, 17, 13647, 2338, 386, 402, 2441, 2543, 3081, 3324, 3381, 3410, 3420, 3453, 3523, 3713, 4096, 4159, 5291, 5294, 5319, 5407, 5416, 5426, 5589, 5611, 5639, 5669, 5766, 5926, 5949, 5958, 5985, 6035, 6048, 6112, 6146, 7382, 7631, 7632, 7669, 8159, 8315, 9499, 10013, 10419, 10486, 10588, 11130, 13284, 13331, 13629, 13639, 13819, 15380, 15790, 15810, 16920, 16961, 16979, 17022, 17026, 17270, 17508, 17529, 18246, 18255, 18258, 18441, 19281, 19678, 20795, 21709, 21729, 21932, 21938, 21944, 21993, 22005, 22121, 22128, 22141, 22355, 22389, 22400, 22404, 23016, 23349, 23560, 23578, 23911, 24091, 24094, 24113, 24116, 24309, 24310, 24692, 24864, 24867, 8328, 21139, 3556, 24719, 20301, 7758, 22199, 15305, 13694, 23629, 17100, 22229, 15401], "label": "bar"}, {"objectId": 4, "id": 4, "partId": 4, "index": 3, "dominantNormal": [0.8666122555732727, 0.49898210167884827, 1.1079628363194166e-16], "obb": {"axesLengths": [1.6144360043696588, 2.167579900452943, 0.07729796276926475], "centroid": [-0.6844173601824541, 2.682848627492088, -0.5137900671803985], "normalizedAxes": [-0.49898213148117065, 0.8666122555732727, 1.924265759119576e-16, 0, -2.220446049250313e-16, 1, 0.8666122555732727, 0.49898213148117065, 1.1079629024938657e-16]}, "segments": [19307, 7845, 5139, 20484, 12297, 4392, 1340, 7799, 215, 227, 262, 1120, 3994, 5203, 6914, 15136, 21776, 4920], "label": "wall"}, {"objectId": 5, "id": 5, "partId": 5, "index": 4, "dominantNormal": [0.5134232044219971, -0.8581355810165405, -1.9054437605892994e-16], "obb": {"axesLengths": [2.248153340183761, 2.5066999828808005, 0.11594125231304483], "centroid": [-1.2513187533849128, 1.427371707605793, -0.36335012269944134], "normalizedAxes": [0.8581355214118958, 0.5134232044219971, 1.1400285258522593e-16, 0, -2.220446049250313e-16, 1, 0.5134232044219971, -0.8581355214118958, -1.9054436282404014e-16]}, "segments": [18759, 8765, 5928, 1764, 1778, 486, 14744, 1395, 559, 17766, 20665, 22291, 948, 6404, 7081, 10463, 11261, 13756, 15041, 18814, 22014], "label": "wall"}, {"objectId": 6, "id": 6, "initialPoint": [-0.06310429034724718, 0.683630318167579, -0.3323061615177336], "index": 5, "dominantNormal": [0.7208420038223267, 0.6930994391441345, 1.5389899113852013e-16], "obb": {"axesLengths": [0.29218260512500815, 0.6400000011920925, 0.222349206030363], "centroid": [-0.06601655024051833, 0.7224356130804166, -0.1700000950492202], "normalizedAxes": [-0.6930994391441345, 0.7208420038223267, 1.6005907795209643e-16, 0, -2.220446049250313e-16, 1, 0.7208420038223267, 0.6930994391441345, 1.5389899113852013e-16]}, "segments": [19752, 19755, 19767, 19776, 19786, 19803, 19812, 24564, 24465, 16076, 10206, 10219, 24431, 19720, 5870, 11319, 24500, 24517, 10218], "partId": 6, "label": "plant"}, {"objectId": 8, "id": 8, "initialPoint": [1.1445523508371203, 2.446658338961591, -0.4517838553734541], "index": 6, "dominantNormal": [0, -2.220446049250313e-16, 1], "obb": {"axesLengths": [0.3897276047997527, 0.12246796215024669, 0.3300056024207374], "centroid": [1.113368764240187, 2.3931735519764348, -0.46876607552910166], "normalizedAxes": [-0.19267868995666504, 0.9812619090080261, 2.1788391291366918e-16, 0, -2.220446049250313e-16, 1, 0.9812619090080261, 0.19267868995666504, 4.2783263588900286e-17]}, "segments": [2474, 2401, 8971], "partId": 8, "label": "folder"}, {"objectId": 9, "id": 9, "initialPoint": [1.189674827959709, 2.029367748317914, -0.41968075865052246], "index": 7, "dominantNormal": [0, -2.220446049250313e-16, 1], "obb": {"axesLengths": [0.38826297837566487, 0.0755759758746033, 0.37426256287878845], "centroid": [1.2354198478277991, 2.087578552916262, -0.45303408554336744], "normalizedAxes": [0.8133994936943054, -0.5817054510116577, -1.291645570526207e-16, 0, -2.220446049250313e-16, 1, -0.5817054510116577, -0.8133994936943054, -1.8061096922357254e-16]}, "segments": [5768, 21951, 21585, 5398], "partId": 9, "label": "bag"}, {"objectId": 10, "id": 10, "initialPoint": [1.486491668169029, 2.1537911100005305, -0.41696643997956384], "index": 8, "dominantNormal": [0, -2.220446049250313e-16, 1], "obb": {"axesLengths": [0.2894971377140468, 0.1768580039547829, 0.21539248760565757], "centroid": [1.5127712400273432, 2.174549063696777, -0.3977510916742488], "normalizedAxes": [-0.36070090532302856, 0.9326815605163574, 2.0709690862571626e-16, 0, -2.220446049250313e-16, 1, 0.9326815605163574, 0.36070090532302856, 8.0091690018553e-17]}, "segments": [4238, 11284, 6107, 21596, 21603], "partId": 10, "label": "telephone"}], "scan_id": "baf673a6-8e94-22f8-8047-575f7de04f21", "annId": "1836", "appId": "stk.v1"}