{"segGroups": [{"objectId": 1, "id": 1, "partId": 1, "index": 0, "dominantNormal": [0, -2.220446049250313e-16, 1], "obb": {"axesLengths": [6.888370116099939, 0.3886700185685586, 5.888258160059822], "centroid": [-0.10579605473741982, 0.0674384590723999, -0.7575879616829455], "normalizedAxes": [-0.05213944986462593, 0.9986398220062256, 2.2174258473977595e-16, 0, -2.220446049250313e-16, 1, 0.9986398220062256, 0.05213944986462593, 1.1577283546199342e-17]}, "segments": [16958, 7178, 26629, 26160, 8391, 16, 329, 407, 412, 447, 488, 501, 513, 649, 681, 685, 724, 727, 730, 731, 972, 975, 984, 1115, 1125, 1130, 1149, 1174, 1186, 1193, 1199, 1217, 1229, 1330, 1422, 1477, 1480, 1488, 1515, 1516, 1540, 1569, 1670, 1703, 1855, 2061, 2079, 2100, 2325, 2343, 2370, 2376, 2596, 2631, 2723, 2724, 2726, 2730, 2978, 2980, 2984, 3015, 3019, 3068, 3137, 3139, 3159, 3192, 3204, 3233, 3708, 3712, 3769, 3771, 3885, 3901, 3911, 3948, 3963, 3982, 4025, 4067, 4587, 4748, 4756, 4762, 4774, 4782, 4783, 4819, 4823, 4835, 4838, 4867, 4911, 4919, 4946, 4981, 5026, 5057, 5224, 5240, 5258, 5261, 5286, 5304, 5313, 5327, 5401, 5565, 5587, 5591, 5608, 5614, 5639, 5679, 5856, 6003, 6057, 6130, 6138, 6151, 6157, 6252, 6258, 6268, 6271, 6344, 6356, 6387, 6405, 6417, 6470, 6501, 6539, 6541, 6862, 6895, 7016, 7121, 7123, 7128, 7129, 7135, 7209, 7238, 8230, 8235, 8238, 8255, 8267, 8283, 8533, 9382, 9624, 9628, 9848, 9900, 9904, 9936, 10043, 10123, 10128, 10150, 10166, 10177, 10226, 10237, 10239, 10281, 10294, 10300, 10348, 10354, 10355, 10357, 10364, 10367, 10379, 10404, 10468, 10475, 10478, 10480, 10483, 10486, 10515, 10526, 10562, 10575, 10580, 10611, 10636, 10646, 10656, 10683, 10685, 10715, 10720, 10739, 10740, 10747, 10763, 10807, 10814, 10830, 10841, 10888, 10894, 10923, 10925, 10935, 10937, 10950, 10955, 11019, 11026, 11033, 11048, 11053, 11115, 11148, 11155, 11183, 11233, 11387, 11408, 11418, 11421, 11446, 11452, 11523, 11577, 11756, 11802, 11809, 11824, 11958, 11978, 11997, 12048, 12106, 12110, 12127, 12153, 12162, 12215, 12221, 12293, 12296, 12326, 12346, 12370, 12383, 12425, 12428, 12433, 12439, 12440, 12441, 12656, 12658, 12685, 12705, 12707, 13103, 13130, 13402, 13499, 13544, 13558, 13568, 13618, 13626, 13631, 13658, 13697, 13739, 13762, 13763, 13847, 13853, 13865, 13921, 13929, 14074, 14083, 14091, 14134, 14793, 14805, 14820, 15002, 15011, 15065, 15135, 15142, 15165, 15172, 15388, 15393, 15394, 15538, 15559, 16314, 16317, 16423, 16438, 16467, 16479, 16565, 16582, 16584, 16625, 16717, 16735, 16736, 16757, 16759, 16770, 16843, 16881, 16917, 17182, 17282, 17389, 17414, 17440, 17582, 17755, 17786, 17858, 18004, 18015, 18082, 18346, 18619, 18705, 18707, 18738, 18796, 18907, 18930, 19026, 19148, 19169, 19223, 19276, 19280, 19284, 19318, 19319, 19322, 19339, 19422, 19594, 19646, 19697, 19971, 20153, 20164, 20176, 20185, 20187, 20220, 20251, 20258, 20295, 20382, 20402, 20408, 20430, 20449, 20458, 20476, 20482, 20499, 20539, 20966, 21033, 21051, 21202, 21220, 21306, 21307, 21309, 21310, 21315, 21342, 21465, 21469, 21529, 21781, 21810, 21953, 21955, 21960, 21961, 21964, 21965, 21969, 22114, 22116, 22127, 22143, 22266, 22268, 22277, 22392, 22396, 22401, 22413, 22414, 22459, 22476, 22502, 22506, 22585, 22663, 22762, 22766, 22773, 22778, 23013, 23179, 23184, 23190, 23193, 23205, 23209, 23221, 23224, 23229, 23232, 23246, 23251, 23256, 23271, 23279, 23288, 23293, 23299, 23302, 23410, 23436, 23451, 23463, 23646, 23655, 23669, 23706, 23757, 23831, 23837, 23839, 24056, 24078, 24130, 24161, 24175, 24180, 24229, 24453, 24460, 24472, 24475, 24728, 25171, 25177, 25406, 25645, 25648, 25651, 25654, 25679, 25711, 25714, 25820, 25926, 26879, 27108, 27109, 27892, 18754, 7514, 26715, 8054, 27437, 24096, 24298, 16032, 15849, 15099, 15639, 2779, 2822, 2829, 2832, 2883, 2912, 2914, 3433, 3530, 3532, 3539, 3569, 3651, 3662, 3701, 3705, 3798, 4368, 5931, 6280, 6314, 6321, 6598, 6606, 6614, 6639, 6657, 6669, 6673, 6682, 6693, 6711, 6713, 6722, 6741, 6755, 7187, 7233, 7442, 7446, 7500, 7528, 7556, 7561, 7577, 7590, 7617, 7624, 7629, 7630, 7633, 7640, 7655, 7656, 7669, 7688, 7697, 7712, 7719, 7733, 7737, 7748, 7752, 7776, 7786, 7791, 7813, 7888, 7897, 7912, 7967, 7970, 7972, 7975, 7988, 7998, 8004, 8007, 8017, 8024, 8028, 8702, 8716, 8753, 8776, 8806, 8812, 8815, 8852, 9496, 9497, 9502, 9531, 9542, 9560, 12558, 12715, 12718, 12796, 12822, 12898, 12917, 12943, 12945, 12947, 12977, 13160, 13239, 13464, 13521, 13549, 14390, 14401, 14418, 14425, 14433, 14449, 14452, 14456, 14458, 14469, 14483, 14485, 14508, 14527, 14531, 14541, 14549, 14611, 14645, 14649, 14651, 14666, 14668, 14687, 14698, 14731, 14743, 14752, 14756, 14783, 14785, 14792, 14816, 14823, 14871, 14901, 14930, 14961, 14963, 14966, 15007, 15018, 15138, 15175, 15187, 15211, 15483, 15500, 15543, 15570, 15653, 15665, 15775, 15803, 15819, 15820, 15821, 15826, 15829, 15835, 15886, 15921, 15940, 15961, 16077, 16078, 16094, 16143, 16144, 16163, 16177, 16189, 16211, 16224, 16245, 16350, 16354, 16387, 16539, 16557, 16560, 17466, 17482, 17674, 17681, 17690, 17697, 17754, 17802, 17815, 17829, 17900, 17913, 17981, 18035, 18148, 18208, 18231, 18292, 18626, 18791, 18835, 21111, 21157, 21260, 21269, 21273, 21289, 21291, 21452, 21788, 21790, 21849, 21855, 21882, 21886, 21892, 21896, 21900, 21905, 21908, 21938, 22041, 22095, 22417, 22422, 22526, 22589, 22593, 22597, 22611, 22643, 22649, 22651, 22665, 22667, 22670, 22672, 22677, 22678, 22680, 22686, 22689, 22690, 22692, 22697, 22700, 22704, 22838, 22840, 22844, 22846, 23540, 23661, 23953, 23954, 23964, 23967, 23973, 23999, 24005, 24016, 24020, 24025, 24028, 24031, 24034, 24036, 24055, 24105, 24109, 24111, 24282, 24287, 24315, 24317, 24323, 24325, 24527, 24534, 24541, 24696, 24735, 24766, 24907, 24910, 24913, 25755, 25886, 25954, 26301, 26549, 26685, 27914, 27918, 1812, 17434, 5667, 7874, 10342, 7851, 127, 3030, 3041, 3045, 3075, 3093, 3100, 3122, 3222, 3271, 3287, 3293, 3294, 3354, 3892, 4100, 4105, 4152, 4205, 4283, 4390, 5011, 5107, 5213, 5276, 5303, 5307, 6125, 6141, 6411, 7082, 7092, 7147, 7427, 7755, 7774, 7780, 7781, 7829, 8787, 8834, 8930, 8963, 8996, 9062, 9725, 9770, 10059, 10060, 10061, 10075, 10089, 12618, 13572, 13585, 13643, 15881, 15883, 15900, 16002, 16035, 16045, 16393, 16489, 18280, 18284, 18294, 19627, 19632, 20664, 21538, 21550, 21553, 21666, 21971, 22344, 22416, 22446, 22452, 22982, 22987, 23000, 23004, 23458, 23822, 24327, 24342, 24343, 24354, 24401, 24683, 25616, 25643, 26207, 3447, 3401, 4221, 4183, 22012, 4235, 4372, 22007, 24872, 15451, 24902, 17475, 24858], "label": "floor"}, {"objectId": 2, "id": 2, "partId": 2, "index": 1, "dominantNormal": [0, -2.220446049250313e-16, 1], "obb": {"axesLengths": [0.5593691018672692, 0.4599609570213936, 0.5418354219397858], "centroid": [0.7279341325735263, 0.6161529442302686, -0.3199804595862219], "normalizedAxes": [-0.5609120726585388, 0.8278753757476807, 1.838252607350556e-16, 0, -2.220446049250313e-16, 1, 0.8278753757476807, 0.5609120726585388, 1.245474995711457e-16]}, "segments": [17577, 21281, 23922, 8618, 12741, 8933, 8982, 9009, 9218, 9275, 9299, 9569, 10014, 10115, 12010, 12819, 12832, 12845, 13811, 13890, 17038, 21275, 22851, 22867, 23525, 23849, 23851, 23878, 24943, 8976, 8998, 9246, 9311, 17617, 17639, 23518, 23875, 24667, 24951, 8951, 12764, 13814, 23493, 23854, 23857, 23862, 23865, 23867, 24921], "label": "chair"}, {"objectId": 3, "id": 3, "partId": 3, "index": 2, "dominantNormal": [0.9999618530273438, -0.008733658120036125, -1.939261666813713e-18], "obb": {"axesLengths": [0.5189036726368511, 0.647661969490454, 0.4845378197646392], "centroid": [0.1465912270389292, 1.50951989217765, -0.5061689595244305], "normalizedAxes": [0.008733658120036125, 0.9999618530273438, 2.2203613459555877e-16, 0, -2.220446049250313e-16, 1, 0.9999618530273438, -0.008733658120036125, -1.939261666813713e-18]}, "segments": [25591, 19592, 24138, 24181, 13991, 14075, 25548, 15315, 19598, 16337, 13956], "label": "chair"}, {"objectId": 4, "id": 4, "partId": 4, "index": 3,