{"segGroups": [{"objectId": 1, "id": 1, "partId": 1, "index": 0, "dominantNormal": [0, -2.220446049250313e-16, 1], "obb": {"axesLengths": [4.051756734138958, 0.4399999877810477, 2.7791629605085237], "centroid": [-0.836519112878128, 0.48700669379861083, -1.1699999774992473], "normalizedAxes": [0.9155511260032654, 0.4022015929222107, 8.930669380063054e-17, 0, -2.220446049250313e-16, 1, 0.4022015929222107, -0.9155511260032654, -2.0329318806206262e-16]}, "segments": [9227, 1439, 1795, 2011, 3007, 3493, 4260, 11374, 6804, 5906, 5964, 3251, 9615, 11664, 11390, 4122, 4583, 1070, 3673, 6249, 1252, 2376, 2328, 11696, 6057, 6663, 5501, 5256, 6891, 5043, 6638, 196, 326, 334, 346, 388, 783, 970, 1029, 1083, 1095, 1133, 1493, 1494, 1560, 1632, 1661, 1663, 1707, 1772, 1784, 1810, 1832, 1837, 1851, 1869, 1989, 2348, 2623, 3393, 3408, 3411, 3469, 3882, 3894, 3950, 3960, 3968, 3975, 3979, 3983, 4014, 4024, 4029, 4040, 4056, 4062, 4063, 4103, 4104, 4121, 4130, 4132, 4133, 4139, 4158, 4169, 4219, 4231, 4286, 4300, 4301, 4318, 4333, 4511, 4606, 4638, 4682, 4734, 4743, 4752, 4834, 4843, 4859, 4877, 4888, 4911, 4919, 4942, 4946, 4972, 4980, 4989, 5013, 5015, 5027, 5151, 5153, 5157, 5159, 5224, 5238, 5241, 5251, 5253, 5255, 5259, 5267, 5271, 5274, 5276, 5287, 5289, 5299, 5304, 5326, 5339, 5373, 5384, 5395, 5481, 5531, 5592, 5651, 5722, 5783, 5857, 6189, 6197, 6233, 6263, 6267, 6275, 6280, 6339, 6394, 6430, 6443, 6461, 6650, 6652, 6654, 6706, 7007, 7184, 7405, 7520, 7635, 7680, 8206, 8307, 8317, 8332, 8345, 8351, 8415, 8420, 8435, 8463, 8473, 8478, 8506, 8518, 8528, 8563, 8569, 8604, 8614, 8626, 8633, 8663, 9471, 9482, 9527, 9531, 9537, 9543, 9550, 9562, 9822, 9825, 9842, 9865, 9874, 9906, 10011, 10028, 10111, 10252, 10253, 10343, 10433, 10441, 10459, 10464, 10494, 10496, 10504, 10512, 10521, 10522, 10524, 10531, 10550, 10551, 10560, 10563, 10568, 10589, 10600, 10606, 10619, 10625, 10708, 10718, 10721, 10726, 10731, 10737, 10830, 10832, 10835, 10965, 11071, 11110, 11114, 11119, 11131, 11137, 11141, 11144, 11287, 11294, 11298, 11595, 11739, 11750, 11754, 12432, 12452], "label": "floor"}, {"objectId": 2, "id": 2, "partId": 2, "index": 1, "dominantNormal": [0.2966477572917938, -0.9549869894981384, -2.1204970879165917e-16], "obb": {"axesLengths": [2.751249746885114, 2.0241499686803666, 0.20702121513376043], "centroid": [-1.542701272777492, 1.0186962334552496, -0.24207503738831693], "normalizedAxes": [0.9549869894981384, 0.2966477572917938, 6.586903406975293e-17, 0, -2.220446049250313e-16, 1, 0.2966477572917938, -0.9549869894981384, -2.1204970879165917e-16]}, "segments": [8936, 7867, 6641, 9137, 7728, 2229, 2103, 757, 6360, 7177, 10089, 6541, 7323], "label": "wall"}, {"objectId": 3, "id": 3, "partId": 3, "index": 2, "dominantNormal": [0.9235029816627502, 0.38359126448631287, 8.517437077555653e-17], "obb": {"axesLengths": [1.212025083815892, 0.7365000083334742, 0.20739393956172467], "centroid": [0.8552795976480376, 1.530568488207403, -0.9782500216010954], "normalizedAxes": [-0.3835912346839905, 0.9235029816627502, 2.050588547103938e-16, 0, -2.220446049250313e-16, 1, 0.9235029816627502, 0.3835912346839905, 8.517436415811163e-17]}, "segments": [2203, 2663, 10242, 158, 152, 372, 313, 3352], "label": "wall"}, {"objectId": 4, "id": 4, "partId": 4, "index": 3, "dominantNormal": [0, -2.220446049250313e-16, 1], "obb": {"axesLengths": [1.8142071678620504, 0.34185998867765094, 1.0161076232545452], "centroid": [-1.4043385240471566, 0.522930804731801, -0.6390700067042558], "normalizedAxes": [0.961002767086029, 0.2765386998653412, 6.140392635808149e-17, 0, -2.220446049250313e-16, 1, 0.2765386998653412, -0.961002767086029, -2.133854797494792e-16]}, "segments": [6697, 3320, 11789, 9388, 6854, 3871, 2288], "label": "table"}, {"objectId": 5, "id": 5, "partId": 5, "index": 4, "dominantNormal": [-0.4447545111179352, -0.8956525325775146, -1.9887481274627797e-16], "obb": {"axesLengths": [0.6889403832753, 0.7326599791796506, 0.6481311824610991], "centroid": [-0.5222583906221071, 0.8703863422648086, -0.7963300038949401], "normalizedAxes": [0.8956525325775146, -0.4447544813156128, -9.875533309236246e-17, 0, -2.220446049250313e-16, 1, -0.4447544813156128, -0.8956525325775146, -1.9887481274627797e-16]}, "segments": [10921, 5685, 10748, 4242, 3840, 7282, 10944, 10990, 3307, 3962, 2291, 6054, 10972, 6154, 7303, 7351, 7252, 7142, 2699, 2748], "label": "chair"}, {"objectId": 6, "id": 6, "partId": 6, "index": 5, "dominantNormal": [0.323201984167099, -0.9463300108909607, -2.1012747339698394e-16], "obb": {"axesLengths": [0.41626199555479915, 0.6103789669935633, 0.37215025126234513], "centroid": [-0.9949543695477914, 0.2461371723827394, -0.6855174913514223], "normalizedAxes": [0.9463300108909607, 0.323201984167099, 7.176525688536972e-17, 0, -2.220446049250313e-16, 1, 0.323201984167099, -0.9463300108909607, -2.1012747339698394e-16]}, "segments": [8032, 8816, 8753, 11981, 8921, 8920, 11784, 8927, 8939, 8954, 8803, 2870, 2879, 8740, 12365, 8744], "label": "chair"}, {"objectId": 7, "id": 7, "partId": 7, "index": 6, "dominantNormal": [0, -2.220446049250313e-16, 1], "obb": {"axesLengths": [0.5335935843722338, 0.4157760050346848, 0.4992077586201462], "centroid": [-1.5788971345387206, -0.045306717215159, -0.6720560210483667], "normalizedAxes": [0.819488525390625, 0.5730955600738525, 1.2725277722088813e-16, 0, -2.220446049250313e-16, 1, 0.5730955600738525, -0.819488525390625, -1.8196300586095782e-16]}, "segments": [1058, 9337, 12275, 10331, 4442, 4402, 1024, 4418, 4445, 4547, 4580, 4582, 9242, 9276, 9287, 9289, 12329, 12350, 10584, 11046, 8118, 10588], "label": "chair"}, {"objectId": 8, "id": 8, "partId": 8, "index": 7, "dominantNormal": [0.870880126953125, -0.4914954900741577, -1.09133921915951e-16], "obb": {"axesLengths": [0.5432770634982252, 0.7948399902543425, 0.4999002067581042], "centroid": [-2.1504639166373916, 0.3127295165211644, -0.7659399952901903], "normalizedAxes": [0.4914954900741577, 0.870880126953125, 1.9337423372636775e-16, 0, -2.220446049250313e-16, 1, 0.870880126953125, -0.4914954900741577, -1.09133921915951e-16]}, "segments": [1368, 476, 499, 235, 7493, 7503, 10199, 10277, 10319, 10326, 11006, 12000, 12001, 12181, 10690, 5035, 137, 4693, 6843, 10259, 10771, 12332, 12335, 12338, 12341, 12344], "label": "chair"}, {"objectId": 11, "id": 11, "partId": 11, "index": 8, "dominantNormal": [-0.08456235378980637, -0.9964181780815125, -2.2124928069222892e-16], "obb": {"axesLengths": [0.12676890878552727, 0.16144999500848356, 0.0933669982158089], "centroid": [-1.0505073707319232, 0.346586402615105, -0.4133399949221317], "normalizedAxes": [0.9964181780815125, -0.08456235378980637, -1.877661443878828e-17, 0, -2.220446049250313e-16, 1, -0.08456235378980637, -0.9964181780815125, -2.2124928069222892e-16]}, "segments": [8046, 7798], "label": "object"}], "scan_id": "1776ad7e-4db7-2333-89e1-66854e82170c", "annId": "4078", "appId": "stk.v1"}