{"segGroups": [{"objectId": 1, "id": 1, "partId": 1, "index": 0, "dominantNormal": [0, -2.220446049250313e-16, 1], "obb": {"axesLengths": [4.724221330951136, 0.45459996637851025, 4.002141207903504], "centroid": [-0.10390869009519627, 2.778129952001615, -1.3970700691550202], "normalizedAxes": [0.5038019418716431, 0.8638191819190979, 1.9180638897588984e-16, 0, -2.220446049250313e-16, 1, 0.8638191819190979, -0.5038019418716431, -1.1186650314335257e-16]}, "segments": [23538, 2305, 8698, 124, 132, 162, 822, 857, 891, 901, 937, 1268, 1374, 1431, 1442, 1536, 1611, 1919, 2112, 2168, 2410, 2433, 2465, 2585, 2599, 2618, 2678, 2688, 2783, 2899, 3125, 3145, 3256, 3285, 3287, 3298, 3305, 3443, 3449, 3518, 3521, 3525, 3529, 3635, 3637, 3654, 3671, 3677, 3680, 4069, 4100, 4109, 4128, 4172, 4206, 4819, 4841, 4865, 4900, 4926, 5082, 5163, 5211, 5346, 5348, 5886, 5941, 5947, 5960, 5964, 6006, 6205, 6241, 6252, 6302, 6363, 6431, 6450, 7672, 7682, 7694, 7701, 7722, 7755, 7786, 7874, 7919, 7972, 8045, 8134, 8164, 8289, 8329, 8330, 8639, 8725, 8733, 8935, 8936, 9122, 9136, 9201, 9207, 9615, 9689, 9712, 9719, 9757, 9947, 9957, 9996, 10012, 10039, 10072, 10074, 10142, 10152, 10256, 10417, 13541, 13572, 16714, 16731, 17736, 17760, 17786, 18728, 18734, 20387, 20392, 20482, 20683, 20745, 21483, 21506, 21946, 21979, 21993, 22005, 22006, 22017, 22027, 22036, 22400, 22407, 22413, 22466, 22475, 22486, 22662, 22674, 22800, 22808, 22812, 23036, 23069, 23080, 23094, 23175, 23225, 23230, 23259, 23338, 23980, 23985, 24096, 24143, 25051, 25059, 25522, 26024, 26025, 26066, 26069, 26078, 26082, 26084, 26086, 26089, 26095, 26102, 26150, 26152, 26155, 26160, 26204, 26593, 26595, 26633, 26752, 26898, 26900, 26902, 27053, 27058, 27061, 27067, 27070, 27093, 27210, 31271, 31755, 32829, 32863, 32865, 32907, 33224, 33265, 33383, 33387, 33390, 33862, 33869, 33873, 33875, 34176, 34182, 34200, 34203, 34206, 34208, 34210, 34472, 34626, 34629, 35420, 35494, 35729, 30348, 2156, 20752, 20759], "label": "floor"}, {"objectId": 2, "id": 2, "partId": 2, "index": 1, "dominantNormal": [0.8984958529472351, -0.4389820396900177, -9.747359357215439e-17], "obb": {"axesLengths": [4.233106818519883, 2.5428999094016858, 0.4702666470276979], "centroid": [-1.6589225276846067, 3.38988740519924, -0.16145007495321106], "normalizedAxes": [0.4389820098876953, 0.8984958529472351, 1.9950615669444785e-16, 0, -2.220446049250313e-16, 1, 0.8984958529472351, -0.4389820098876953, -9.747358695470949e-17]}, "segments": [3463, 18813, 32136, 154, 182, 189, 199, 214, 220, 226, 238, 245, 246, 264, 274, 443, 446, 514, 517, 523, 610, 788, 798, 799, 830, 866, 893, 930, 959, 960, 990, 991, 1024, 1055, 1060, 1081, 1103, 1112, 1125, 1169, 1210, 1245, 1246, 1291, 1317, 1328, 1333, 1411, 1451, 1719, 1727, 1760, 1814, 1880, 1895, 1904, 1918, 1938, 1951, 1955, 1958, 1960, 1962, 1974, 2017, 2220, 2226, 2529, 2566, 2587, 2639, 2649, 2674, 2709, 2725, 2807, 2825, 2999, 3080, 3122, 3166, 3173, 3183, 3191, 3195, 3212, 3217, 3227, 3233, 3728, 4487, 4510, 4535, 4559, 4561, 4578, 4632, 4661, 4671, 5034, 5232, 5270, 5721, 6833, 6837, 7401, 7425, 7430, 7447, 7455, 7470, 7519, 7536, 7537, 7892, 7935, 7944, 7959, 8355, 9251, 9252, 9372, 9378, 9404, 9407, 9418, 9466, 9467, 9515, 9545, 9672, 9690, 11431, 11487, 11490, 11540, 11568, 11614, 11879, 12023, 12028, 12050, 13221, 13479, 13487, 13648, 13664, 13785, 13826, 13933, 13996, 14109, 14150, 14156, 14291, 14300, 14321, 14442, 14481, 14613, 14712, 14714, 14814, 14901, 14915, 14920, 14932, 14978, 14982, 15008, 15214, 15220, 15223, 15575, 15713, 15715, 15813, 15871, 15877, 17557, 17564, 17566, 17586, 17598, 17602, 17616, 21072, 21219, 21449, 25373, 25379, 25381, 25389, 25395, 25417, 25418, 25441, 25482, 25487, 25497, 25506, 25520, 25531, 25980, 26021, 26133, 26162, 26164, 26166, 26214, 26219, 26226, 26228, 26234, 26312, 26336, 26344, 26393, 26398, 26561, 26652, 26665, 26666, 26685, 26687, 26691, 26766, 26768, 27147, 27154, 27156, 27166, 27427, 27433, 27443, 27445, 27897, 28551, 28552, 28555, 28558, 29198, 29293, 29352, 29356, 29363, 29390, 29416, 29539, 32037, 32070, 32191, 32678, 32691, 32701, 32756, 35826, 35836, 35838, 35844, 35848, 35857, 18288, 4403, 6026, 6035, 6055, 6069, 6112, 6129, 6142, 6144, 6657, 6677, 6683, 8683, 26647, 26908, 21884, 412, 497, 1170, 27176, 7821, 5030, 27451, 19872, 15696, 16252, 29547, 9619, 9600, 16353, 19592, 19417, 30920, 15738, 15011, 30016, 14940, 30968, 30926, 25187, 34557, 19272, 15769, 19256, 19046, 25137, 19168, 19601, 29476, 16189, 19613, 333, 382, 394, 401, 764, 1029, 1031, 1032, 1292, 3243, 3251, 4359, 4518, 4531, 4544, 4564, 4593, 4651, 4679, 4684, 4687, 4702, 4720, 4723, 4736, 4737, 4738, 4742, 4752, 5733, 5780, 5798, 8778, 8798, 8799, 8813, 8850, 8908, 8909, 8920, 8951, 8961, 9001, 9007, 9023, 9044, 9164, 9323, 9327, 9478, 9480, 9531, 9562, 9625, 9629, 9641, 9692, 11595, 13091, 13100, 13967, 13982, 14751, 14786, 14808, 14827, 14832, 14884, 14975, 14976, 15645, 15663, 15685, 15712, 15745, 15755, 16045, 16051, 16117, 16156, 16185, 16188, 16214, 16223, 16264, 16277, 16302, 16338, 16339, 16350, 16352, 16385, 16414, 16426, 16522, 16524, 19039, 19149, 19177, 19189, 19234, 19285, 19290, 19314, 19347, 19380, 19425, 19483, 19611, 19634, 19658, 19805, 19874, 20165, 20968, 21006, 21015, 21023, 21156, 21263, 21310, 21359, 21403, 21409, 21422, 21792, 21846, 21892, 25148, 25171, 25191, 25376, 25580, 25620, 25858, 25860, 25888, 26098, 26212, 26585, 26660, 26663, 26675, 26684, 26688, 26700, 26707, 26709, 26711, 26720, 26725, 26736, 26737, 26742, 26873, 26879, 27189, 27190, 27194, 27373, 27387, 27392, 27393, 27395, 27462, 27466, 27477, 27483, 27863, 28863, 29289, 29295, 29457, 29484, 29487, 29491, 29503, 29519, 29523, 29525, 29534, 29578, 30042, 30158, 30818, 30867, 30935, 30943, 30953, 30958, 31115, 31117, 31165, 31195, 31238, 32427, 32464, 32710, 34518, 34565, 36104, 36107, 25892, 36118, 6080, 3328, 4115, 26913, 6485], "label": "wall"}, {"objectId": 3, "id": 3, "partId": 3, "index": 2, "dominantNormal": [0.07689478993415833, -0.9970391988754272, -2.2138717500906396e-16], "obb": {"axesLengths": [0.8234893207556278, 1.4282439627890886, 0.7082939303872442], "centroid": [-1.7530945129633588, 2.5785200948594618, -0.41271809854988484], "normalizedAxes": [0.9970391988754272, 0.07689478993415833, 1.707407325172346e-17, 0, -2.220446049250313e-16, 1, 0.07689478993415833, -0.9970391988754272, -2.2138717500906396e-16]},