{"segGroups": [{"objectId": 1, "id": 1, "partId": 1, "index": 0, "dominantNormal": [0, -2.220446049250313e-16, 1], "obb": {"axesLengths": [2.55892108877137, 0.17136990640975736, 1.8270500454653977], "centroid": [-0.13455673976411042, 0.6290617952285713, -1.3788250536997255], "normalizedAxes": [0.962357223033905, -0.27178770303726196, -6.034899314439056e-17, 0, -2.220446049250313e-16, 1, -0.27178770303726196, -0.962357223033905, -2.1368622938531368e-16]}, "segments": [1527, 213, 2442, 826, 6235, 106], "label": "floor"}, {"objectId": 2, "id": 2, "partId": 2, "index": 1, "dominantNormal": [0, -2.220446049250313e-16, 1], "obb": {"axesLengths": [1.7032932183993026, 0.7974189341645177, 1.011167303155636], "centroid": [-0.12429497741371977, 1.1843883968379298, -1.0362905192722287], "normalizedAxes": [0.8314605355262756, -0.5555838346481323, -1.2336439306717846e-16, 0, -2.220446049250313e-16, 1, -0.5555838346481323, -0.8314605355262756, -1.8462132612168683e-16]}, "segments": [5430, 5506, 6669, 7721, 4511, 5087, 4976, 5467, 549, 2859, 2737, 7188, 7819, 2545], "label": "table"}, {"objectId": 3, "id": 3, "partId": 3, "index": 2, "dominantNormal": [0, -2.220446049250313e-16, 1], "obb": {"axesLengths": [1.1444342327383172, 0.5650899283940358, 0.6192313435662153], "centroid": [-0.3554106049467922, 1.2714322193117527, -1.1325450446895895], "normalizedAxes": [0.787722647190094, -0.6160300970077515, -1.3678615951201489e-16, 0, -2.220446049250313e-16, 1, -0.6160300970077515, -0.787722647190094, -1.7490956398582424e-16]}, "segments": [3218, 7359, 6818, 6874, 2599, 3068, 7316, 3008, 5716, 5806, 1980, 6841, 241, 336, 357, 387, 391, 397, 468, 479, 480, 538, 582, 718, 1825, 2123, 2146, 2187, 2213, 2255, 2268, 3029, 3043, 3239, 5835, 6067, 6152, 6156, 6197, 6250, 6269, 6293, 6296, 6302, 6753, 6758, 6762, 6795, 6797, 6805, 6860, 6920, 6922, 6926, 6945, 7283, 7289, 7633, 8366, 8439, 5734, 5769, 2562, 258, 255, 497, 5864], "label": "boxes"}, {"objectId": 4, "id": 4, "partId": 4, "index": 3, "dominantNormal": [0.7255664467811584, 0.6881521344184875, 1.528004688152701e-16], "obb": {"axesLengths": [0.5517567015950097, 0.6234399536973246, 0.21823185094162148], "centroid": [0.045683288345288786, 0.6001592252029189, -1.1017200562981526], "normalizedAxes": [-0.6881521344184875, 0.7255664467811584, 1.6110811502238108e-16, 0, -2.220446049250313e-16, 1, 0.7255664467811584, 0.6881521344184875, 1.528004688152701e-16]}, "segments": [726, 4821, 4423, 4846, 669, 8425, 5780, 8089, 1122, 5056], "label": "drawers rack"}, {"objectId": 5, "id": 5, "partId": 5, "index": 4, "dominantNormal": [-0.6534334421157837, -0.7569839954376221, -1.680842122015185e-16], "obb": {"axesLengths": [2.2399042153362774, 1.4394499840710306, 0.14164308232695172], "centroid": [0.33765129534917765, 1.2809999881968785, -0.7297250672381751], "normalizedAxes": [0.7569839954376221, -0.6534334421157837, -1.450913704994025e-16, 0, -2.220446049250313e-16, 1, -0.6534334421157837, -0.7569839954376221, -1.680842122015185e-16]}, "segments": [4368, 1404, 3732], "label": "wall"}, {"objectId": 6, "id": 6, "partId": 6, "index": 5, "dominantNormal": [0.7951759099960327, -0.6063787937164307, -1.346431396856819e-16], "obb": {"axesLengths": [1.3999005514581888, 1.3414899332488337, 0.11956491053948683], "centroid": [-0.9345616794469761, 1.4934442818170366, -0.7407450410075128], "normalizedAxes": [0.6063787937164307, 0.7951759099960327, 1.7656452078097134e-16, 0, -2.220446049250313e-16, 1, 0.7951759099960327, -0.6063787937164307, -1.346431396856819e-16]}, "segments": [3827, 5660, 3806, 3489, 2953, 3646, 3689], "label": "wall"}, {"objectId": 7, "id": 7, "partId": 7, "index": 6, "dominantNormal": [0, -2.220446049250313e-16, 1], "obb": {"axesLengths": [0.6514461394141295, 0.5827009547643146, 0.6020976946549115], "centroid": [-0.5758169575456806, 0.6425714446003657, -1.1333995368579899], "normalizedAxes": [0.9486387372016907, -0.31636136770248413, -7.024633490504065e-17, 0, -2.220446049250313e-16, 1, -0.31636136770248413, -0.9486387372016907, -2.1064011361853e-16]}, "segments": [1265, 8358, 1273, 1906, 1314, 1608, 1262, 1638, 7001, 7016, 6578, 951, 6967, 6442, 8282, 6524, 1666, 8302, 1439, 777, 788, 790, 794, 1448, 1470, 1479, 5926, 6395, 6463, 6933, 6955, 8459, 8460, 8466, 1474, 810, 8245, 5938, 8453], "label": "chair"}, {"objectId": 8, "id": 8, "partId": 8, "index": 7, "dominantNormal": [0, -2.220446049250313e-16, 1], "obb": {"axesLengths": [0.5081877098839315, 0.32000001549720714, 0.42151405738638975], "centroid": [0.07004941742740156, 1.2833516779668468, -0.5700000706578056], "normalizedAxes": [0.7295798659324646, -0.6838956475257874, -1.5185533886481192e-16, 0, -2.220446049250313e-16, 1, -0.6838956475257874, -0.7295798659324646, -1.619992730922314e-16]}, "segments": [3612, 7455, 1245, 1655, 2092, 2176, 2650, 2663, 2664, 3420, 3439, 3465, 7402, 7404, 7405, 7406, 7418, 3472, 7491, 3331, 2661], "label": "microwave"}, {"objectId": 9, "id": 9, "partId": 9, "index": 8, "dominantNormal": [0, -2.220446049250313e-16, 1], "obb": {"axesLengths": [0.3420272529378194, 0.1158559892507792, 0.28694458517025523], "centroid": [0.5535671571696179, 0.9898133913437706, -0.6920720642604988], "normalizedAxes": [0.9871969819068909, 0.15950597822666168, 3.541744191851974e-17, 0, -2.220446049250313e-16, 1, 0.15950597822666168, -0.9871969819068909, -2.1920176383069886e-16]}, "segments": [4553, 7993, 8004], "label": "toaster"}, {"objectId": 10, "id": 10, "partId": 10, "index": 9, "dominantNormal": [0, -2.220446049250313e-16, 1], "obb": {"axesLengths": [0.4958603071578436, 0.27741002416439287, 0.28504107774358317], "centroid": [-1.0841679522153886, 0.586641140362832, -1.0287050535337265], "normalizedAxes": [0.2151811271905899, 0.976574182510376, 2.1684302853550185e-16, 0, -2.220446049250313e-16, 1, 0.976574182510376, -0.2151811271905899, -4.777980837435745e-17]}, "segments": [1191, 1181, 1940, 2071], "label": "chair"}, {"objectId": 11, "id": 11, "partId": 11, "index": 10, "dominantNormal": [0.9210283756256104, 0.38949552178382874, 8.648537925455918e-17], "obb": {"axesLengths": [0.4491327309849059, 0.3206210064749193, 0.27788507795612016], "centroid": [-1.0894975492836942, 0.7309495040556799, -0.8343165490819563], "normalizedAxes": [-0.38949549198150635, 0.9210283756256104, 2.0450938179053199e-16, 0, -2.220446049250313e-16, 1, 0.9210283756256104, 0.38949549198150635, 8.648537263711428e-17]}, "segments": [7663, 7694, 2258, 4173, 4099, 1143, 2053, 2262, 3897, 3912, 4185, 4201, 4234, 4242, 6942, 7656], "label": "item"}], "scan_id": "8f0f144b-55de-28ce-8053-2828b87a0cc9", "annId": "3836", "appId": "stk.v1"}