{"segGroups": [{"objectId": 1, "id": 1, "partId": 1, "index": 0, "dominantNormal": [0, -2.220446049250313e-16, 1], "obb": {"axesLengths": [6.010711638473372, 0.4800000083446504, 5.162314247324637], "centroid": [1.8239275515659192, 0.9383710062734614, -1.2899999386072172], "normalizedAxes": [-0.5620178580284119, 0.8271251320838928, 1.8365867317713232e-16, 0, -2.220446049250313e-16, 1, 0.8271251320838928, 0.5620178580284119, 1.2479303324673105e-16]}, "segments": [2, 8, 81, 386, 1242, 1816, 1824, 1872, 1917, 1950, 1959, 1972, 1984, 1988, 2277, 2985, 3152, 3641, 3649, 3704, 3744, 3894, 3895, 3966, 4453, 4529, 4828, 4906, 4926, 4955, 4958, 4973, 5007, 5009, 5011, 5036, 5159, 5213, 5234, 5457, 5630, 5641, 6280, 6283, 6474, 6482, 6490, 6649, 6757, 6968, 7180, 7378, 7569, 7582, 7684, 7827, 8483, 8771, 8954, 9395, 9408, 9641, 9782, 9804, 9808, 9907, 9966, 10072, 10134, 10169, 10358, 10369, 10379, 10392, 10396, 10421, 11203, 11750, 12010, 12454, 12965, 13053, 13100, 14085, 15198, 15353, 15354, 15375, 15381, 15404, 15408, 15411, 15469, 15595, 15723, 15756, 15840, 15884, 15898, 15901, 15982, 15998, 16049, 16197, 16541, 16586, 16606, 16729, 17110, 17170, 17365, 17397, 17412, 17454, 17749, 18696, 18859, 19275, 19330, 19492, 19496, 19534, 19535, 19540, 19565, 19568, 20335, 20513, 20516, 21375, 21383, 21717, 22056, 16286, 16099, 15745, 5471, 21043, 871, 861, 18549, 3271, 565, 574, 616, 622, 670, 710, 835, 849, 851, 872, 894, 901, 903, 972, 988, 1013, 1025, 1027, 1052, 1562, 1599, 1600, 1606, 1607, 1611, 1628, 1686, 1704, 1729, 1730, 1731, 1740, 2402, 2412, 2704, 2744, 2845, 2960, 2964, 2976, 2995, 2998, 3005, 3007, 3016, 3025, 3046, 3073, 3079, 3101, 3103, 3108, 3111, 3129, 3234, 3284, 3287, 3319, 3336, 3344, 3349, 3387, 3408, 3425, 3479, 3482, 3492, 3662, 3746, 3763, 3795, 3914, 4272, 4332, 4333, 4338, 4352, 4363, 4373, 4376, 4407, 4422, 4427, 4469, 4491, 4524, 4587, 4588, 4690, 4744, 5085, 5224, 5231, 5235, 5252, 5274, 5348, 5362, 8502, 8591, 8659, 8689, 8812, 8885, 8960, 8966, 8991, 9013, 9050, 9060, 9101, 9132, 9134, 9193, 9221, 9251, 9262, 9273, 9291, 9295, 9300, 9330, 9367, 10400, 10402, 10405, 10535, 10577, 10613, 10670, 10675, 10692, 10719, 10796, 10839, 10860, 10865, 10910, 10918, 10969, 11082, 11334, 11342, 11355, 11379, 11385, 11419, 11462, 11496, 11560, 11577, 11589, 11606, 11655, 11697, 11709, 12401, 12535, 12553, 12611, 12661, 12677, 12704, 12729, 13036, 13041, 13043, 13158, 13162, 13297, 13310, 13392, 13804, 13813, 13926, 13956, 13963, 14902, 14908, 14949, 14951, 14979, 15074, 15094, 15242, 15273, 15274, 15275, 15362, 15456, 15506, 15531, 15534, 15606, 15766, 15773, 16240, 16575, 17053, 17054, 17093, 17609, 17663, 17787, 17936, 17941, 17950, 17957, 17960, 17983, 18022, 18024, 18026, 18042, 18045, 18067, 18293, 18305, 18308, 18313, 18353, 18379, 18382, 18384, 18419, 18422, 18451, 18578, 18597, 18871, 18873, 18958, 18961, 18996, 19269, 19274, 19278, 19283, 19288, 19292, 19295, 19302, 19304, 19347, 19357, 19363, 19394, 19418, 19501, 19511, 19518, 19522, 19525, 19532, 19656, 19657, 19991, 19994, 20345, 20393, 20394, 20583, 20605, 20724, 20832, 21390, 21656, 21658, 21664, 21770, 12060, 1105, 2746, 4089, 4146, 4307, 5148, 5284, 5296, 5316, 5594, 12028, 12128, 17910, 18029, 18040, 18096, 20953, 17775, 2865, 1138, 15554, 10441, 19630, 10497, 10427, 19570, 19573, 8461, 10416, 10271, 7208, 7828, 7866, 5285, 7816, 18759, 5299, 5265, 5329, 8453, 5350, 7820, 7209, 7813, 7832, 10248, 10292, 16447, 16472, 16460, 2304, 4080, 4126, 4175, 5834, 6781, 6802, 9021, 9070, 9430, 10259, 10283, 10291, 10436, 10453, 10509, 11229, 11263, 12908, 13326, 13788, 14254, 15619, 16058, 16110, 16176, 16372, 16438, 16451, 16455, 16481, 17583, 18049, 18057, 18061, 18608, 18756, 19549, 20338, 20411, 21406, 21407], "label": "floor"}, {"objectId": 2, "id": 2, "partId": 2, "index": 1, "dominantNormal": [0, -2.220446049250313e-16, 1], "obb": {"axesLengths": [4.321255023352612, 0.9225220474037066, 1.5658583125841539], "centroid": [1.9771138087586835, 0.9766498622757979, -0.8662890058095231], "normalizedAxes": [0.998136043548584, 0.06102840602397919, 1.355102830479886e-17, 0, -2.220446049250313e-16, 1, 0.06102840602397919, -0.998136043548584, -2.2163072345117918e-16]}, "segments": [4023, 10602, 18369, 11888, 14399, 8221, 14517, 980, 1535, 2174, 2563, 3577, 5942, 6078, 11951, 12960, 13376, 13715, 16675, 18807, 19974, 20078, 20160, 20247, 21611, 21614, 3921, 17673, 20302, 3572, 673, 799, 1905, 1908, 2141, 3538, 3596, 11970, 11971, 11994, 13802, 14488, 15086, 17613, 17617, 17635, 17701, 17705, 17744, 17792, 18452, 18455, 21605, 17711, 18510, 2036, 17697, 18466, 32, 2068, 2086, 2095, 2574, 2583, 2613, 2660, 2663, 2714, 2734, 2765, 2776, 3163, 3206, 3218, 4850, 7786, 7864, 7968, 17694, 18074, 18155, 18324, 18345, 18350, 18737, 18739, 18744, 18746, 18750, 18753, 19640, 1676, 18092, 8414, 9323, 9108, 9084, 1122, 1177, 1630, 1697, 3754, 5381, 5415, 5428, 5441, 5497, 5940, 5946, 5970, 6004, 6006, 6623, 6705, 8178, 8422, 8428, 8497, 8534, 9146, 9236, 9391, 9522, 9583, 9621, 9635, 9657, 9675, 11060, 11352, 11432, 12288, 12551, 12563, 13245, 18766, 18771, 18906, 18907, 18967, 18983, 18991, 19284, 19346, 19464, 19468, 19823, 19985, 20153, 20157, 20176, 20186, 20371, 227, 711, 6640, 6643, 6648, 18932, 18911, 1496, 6576, 9549, 9501, 12212, 9079, 19407, 4647, 2421, 5489, 18070, 18826, 9507, 13589, 12192, 13258, 19328, 13584, 15018, 13764, 13933, 14016, 14170, 14189, 14191, 14266, 14783, 14956, 14958, 14983, 20258, 20518, 20550, 21080, 21324, 8121, 733, 2532, 2796, 3932, 6730, 8078, 11023, 11064, 11217, 11805, 13192, 15577, 15580, 15695, 17916, 18130, 18496, 20466, 1689, 3719, 13451, 13456, 13940, 21403, 1691, 1784, 9588, 16791, 13856, 1399, 1415, 12129, 18132, 19654, 369, 17905, 14810, 2794, 11859, 11865, 14261, 21292, 19230, 12054, 7922, 19145, 8128, 20556, 16657, 8065, 8007, 21313, 16801, 8772, 20417, 19326, 16727, 19729, 8745, 19019, 2188, 5671, 19853, 2482, 350, 352, 459, 1338, 1355, 2203, 4205, 4216, 5647, 5667, 5765, 5781, 5812, 6367, 6395, 6397, 6797, 6899, 7003, 7008, 7027, 7034, 7102, 7146, 7407, 7872, 7989, 10808, 10843, 12041, 12067, 13180, 13712, 13864, 14486, 14635, 15917, 16188, 16316, 16622, 16628, 16670, 16687, 16787, 17050, 17112, 17124, 17269, 17287, 17304, 17363, 17375, 17377, 17545, 17551, 17567, 17570, 18622, 18659, 19063, 19091, 19138, 19207, 19319, 19741, 20386, 20561, 20563, 20570, 21207, 18083, 187, 197, 18229, 17813, 15940, 25, 16184, 14496, 7261, 2929, 18052, 19376, 13509, 5867, 14007, 8194, 5841, 2292, 7457, 6732, 20014, 17599, 9247, 18805, 5833, 16898, 2307, 9420, 9421, 12980, 14311, 2943], "label": "bench"}], "scan_id": "6bde6053-9162-246f-8d5d-54e5e3dd721d", "annId": "4910", "appId": "stk.v1"}