{"segGroups": [{"objectId": 1, "id": 1, "partId": 1, "index": 0, "dominantNormal": [0, -2.220446049250313e-16, 1], "obb": {"axesLengths": [10.230171194058643, 0.5121300106019513, 2.368722771490923], "centroid": [-1.544896095033774, 3.69659197832269, -1.3184150330331552], "normalizedAxes": [-0.4884192943572998, 0.8726090788841248, 1.9375813817482096e-16, 0, -2.220446049250313e-16, 1, 0.8726090788841248, 0.4884192943572998, 1.0845086925332921e-16]}, "segments": [14940, 7136, 17774, 27406, 21118, 4345, 2116, 985, 996, 1046, 1078, 1180, 1193, 1348, 1605, 1610, 1970, 2088, 2171, 2245, 2506, 2857, 2943, 3053, 3079, 3536, 3554, 3739, 3827, 3945, 3958, 4192, 4213, 4347, 4355, 4608, 4622, 5039, 5073, 5090, 5099, 5144, 5188, 5255, 5272, 5345, 5408, 5545, 6882, 7021, 7611, 7704, 7794, 7848, 7891, 8065, 10880, 10889, 10897, 11399, 11577, 12022, 12620, 12919, 13252, 13877, 14463, 14589, 14597, 15191, 15330, 15375, 17149, 18117, 19724, 20131, 20596, 22709, 26715, 27611, 28774, 28778, 28788, 28856, 28890, 28895, 28900, 28905, 28907, 28911, 28914, 28916, 28918, 28920, 29940, 29951, 30031, 30074, 31161, 31674, 31935, 32246, 33208, 5554, 3381, 3423, 5456, 7455, 8847, 645, 739, 744, 816, 822, 1981, 2003, 2015, 3114, 3142, 3254, 5350, 5387, 5539, 5789, 5796, 5800, 5821, 5858, 5903, 5914, 5916, 5968, 7132, 7415, 7431, 10812, 10867, 10919, 11241, 13994, 28757, 28763, 28800, 28806, 28815, 28889, 28894, 29372, 8269, 2297, 18765, 2250, 2442, 2448, 6130, 8205, 8221, 8226, 13814, 15639, 15658, 15660, 21778, 23307, 24677, 28927, 29099, 29924, 23433, 27948, 23118, 17210, 33036, 22979, 16589], "label": "floor"}, {"objectId": 2, "id": 2, "partId": 2, "index": 1, "dominantNormal": [0.8596146106719971, 0.5109429359436035, 1.1345212235083302e-16], "obb": {"axesLengths": [9.8460298158226, 2.7910199733595555, 0.9677324411805597], "centroid": [-0.9239317663618476, 4.174913640185754, -0.14205999541148628], "normalizedAxes": [-0.5109429955482483, 0.8596146106719971, 1.908727866144482e-16, 0, -2.220446049250313e-16, 1, 0.8596146106719971, 0.5109429955482483, 1.1345213558572282e-16]}, "segments": [1643, 19892, 32616, 22888, 24641, 25097, 26397, 27784, 26103, 26266, 5815, 13591, 13974, 14177, 14526, 15578, 15750, 15778, 15792, 15799, 15839, 15840, 16895, 17014, 17364, 18231, 22458, 22508, 22530, 22780, 22799, 22880, 22884, 23005, 23031, 24637, 24683, 26721, 26771, 26830, 26936, 26968, 26979, 27085, 27742, 27790, 30566, 30920, 31547, 31628, 31631, 31634, 31637, 32292, 8514, 9927, 6634, 10710, 4891, 10286, 11324, 11644, 11738, 15136, 15165, 15177, 29916, 29998, 4664, 14895, 15104, 27180, 343, 1165, 3180, 6426, 9630, 6764, 7558, 17942, 16593, 16112, 31571, 25439, 13332, 20630, 17420, 24572, 23988, 16904], "label": "wall"}, {"objectId": 3, "id": 3, "partId": 3, "index": 2, "dominantNormal": [0, -2.220446049250313e-16, 1], "obb": {"axesLengths": [2.0702886599002737, 0.9024620450482801, 1.0885528477333164], "centroid": [-1.7648974596817928, 4.543944426998636, -0.9987690095133561], "normalizedAxes": [-0.604564368724823, 0.796556293964386, 1.7687102759386919e-16, 0, -2.220446049250313e-16, 1, 0.796556293964386, 0.604564368724823, 1.3424025640525428e-16]}, "segments": [26308, 27119, 26547, 26508, 25751, 24100, 23227, 18317, 22662, 18376, 25686, 33498, 33163, 26585, 23211, 25483, 25774, 17631, 17733, 17736, 18158, 18169, 18318, 19488, 19524, 21888, 22015, 22057, 22594, 22598, 23234, 23619, 24695, 25619, 25691, 26482, 28520, 28528, 30137, 30279, 30281, 31139, 31144, 31148, 31651, 33593, 26611, 18308, 31083, 17689, 17555, 30294, 14464], "label": "sofa"}, {"objectId": 4, "id": 4, "partId": 4, "index": 3, "dominantNormal": [0.977042019367218, 0.21304677426815033, 4.7305886822923766e-17], "obb": {"axesLengths": [0.753198959180473, 0.9496400144031636, 0.6708561026097275], "centroid": [-0.4554728833444902, 2.7488786065995776, -0.9848200030292578], "normalizedAxes": [-0.21304675936698914, 0.977042019367218, 2.1694690918554871e-16, 0, -2.220446049250313e-16, 1, 0.977042019367218, 0.21304675936698914, 4.7305883514201316e-17]}, "segments": [5768, 21390, 21116, 30767, 30865, 7168, 20903, 30604, 7077, 21455, 21373, 1264, 5901, 7155, 7797, 13645, 13757, 13781, 18550, 18579, 20959, 20966, 21385, 21417, 21475, 21653, 21731, 21788, 29071, 29075, 30639, 30643, 30646, 30729, 30734, 30899, 20971, 20964, 21522, 21761, 15748, 13812], "label": "armchair"}, {"objectId": 5, "id": 5, "partId": 5, "index": 4, "dominantNormal": [-0.6065681576728821, -0.7950314879417419, -1.7653245264298388e-16], "obb": {"axesLengths": [1.45305271613795, 2.174228977242954, 0.8791367081210675], "centroid": [1.1223298778214068, 0.5023861139819523, -0.3628855434160194], "normalizedAxes": [0.7950314879417419, -0.6065681576728821, -1.346851869305792e-16, 0, -2.220446049250313e-16, 1, -0.6065681576728821, -0.7950314879417419, -1.7653245264298388e-16]}, "segments": [11960, 12559, 20727, 6872, 29295, 8835, 6844, 29004, 8753, 8656, 29416, 8888, 6705, 4639, 7949, 29653, 10293, 7963, 1505, 4974, 4780, 4874, 3784, 8558, 723, 3450, 3470, 3523, 3617, 3775, 4013, 4029, 4129, 4152, 4164, 4239, 4468, 6060, 6170, 6205, 6209, 6247, 6523, 6528, 6556, 6557, 6847, 6850, 6932, 6974, 7223, 7938, 8026, 8673, 8690, 8772, 8779, 8785, 8789, 8791, 8938, 9058, 9309, 9388, 9399, 9689, 9794, 9828, 10099, 10101, 10102, 10156, 10201, 10210, 10349, 10350, 10404, 10408, 10462, 10465, 10547, 10652, 10665, 10678, 10682, 10718, 10736, 10740, 10743, 10748, 10781, 10787, 10798, 10826, 10859, 10866, 10926, 10962, 10972, 10974, 10982, 11061, 11074, 11077, 11102, 11122, 11215, 11301, 11322, 11329, 11348, 11358, 11603, 11651, 11659, 11770, 11771, 12507, 14639, 14839, 16126, 19944, 23102, 23817, 28829, 28831, 29107, 29190, 29258, 29314, 29320, 29334, 29353, 29443, 29458, 29472, 29474, 29477, 29481, 29484, 29495, 29501, 29510, 29525, 29532, 29537, 29549, 29555, 29587, 29619, 29626, 29634, 29637, 29641, 29644, 29650, 29685, 29697, 29704, 29723, 29733, 29738, 29937, 30044, 31212, 31245, 31250, 31253, 31257, 31284, 31336, 31351, 6575], "label": "cupboard"}, {"objectId": 6, "id": 6, "partId": 6, "index": 5, "dominantNormal": [0.9210667610168457, 0.38940465450286865, 8.646520266505778e-17], "obb": {"axesLengths": [0.8724830104988857, 0.8399999549984939, 0.7542090656590191], "centroid": [-0.8702921894859664, 3.4051256973901736, -1.229999978542329], "normalizedAxes": [-0.38940465450286865, 0.9210667610168457, 2.0451790505956373e-16, 0, -2.220446049250313e-16, 1, 0.9210667610168457, 0.38940465450286865, 8.646520266505778e-17]}, "segments": [18083, 17077, 30538, 18526, 18653, 20477, 20891, 20896, 30486, 30495, 30562, 17219, 22946, 30087, 16668, 17581, 30100, 13383, 29904, 13475], "label": "table"}, {"objectId": 8, "id": 8, "partId": 8, "index": 6, "dominantNormal": [0, -2.220446049250313e-16, 1], "obb": {"axesLengths": [0.9732329835493291, 0.7857039991236326, 0.8319056848646981], "centroid": [-2.432514594019615, 5.88910719236595, -1.1971480150413218], "normalizedAxes": [-0.6378781795501709, 0.7701373100280762, 1.7100483474321053e-16, 0, -2.220446049250313e-16, 1, 0.7701373100280762, 0.6378781795501709, 1.4163740836851588e-16]}, "segments": [28442, 27828, 26152, 12788, 23268, 31032, 12731, 21350, 28501, 26714, 33098, 33440, 33443, 33455, 33255, 13020, 30929, 30932, 30935, 27069, 33094, 27025, 28378, 27041], "label": "table"}, {"objectId": 9, "id": 9, "partId": 9, "index": 7, "dominantNormal": [-0.0004726286279037595, -0.9999998807907104, -2.220445784552517e-16], "obb": {"axesLengths": [1.0726482142139735, 2.6599999071657665, 0.5616220706673536], "centroid": [0.8664086968892191, -0.36893658493257764, -0.07999999828636772], "normalizedAxes": [0.9999998807907104, -0.000472628598799929, -1.0494463049680137e-19, 0, -2.220446049250313e-16, 1, -0.000472628598799929, -0.9999998807907104, -2.220445784552517e-16]}, "segments": [20228, 12084, 20257, 10185, 2787, 6736, 12958], "label": "wall"}, {"objectId": 11, "id": 11, "partId": 11, "index": 8,