{
	"class_name" : "PinholeCameraParameters",
	"extrinsic" : 
	[
		0.96525133230041726,
		0.037136953368190471,
		0.25867105015211572,
		0.0,
		0.091966844703980269,
		-0.97480219729303064,
		-0.20323084320022297,
		0.0,
		0.24460573371747335,
		0.21995800246230754,
		-0.94434448808966331,
		0.0,
		-5.7705477650557402,
		3.7325839624412156,
		12.1380327995054,
		1.0
	],
	"intrinsic" : 
	{
		"height" : 1080,
		"intrinsic_matrix" : 
		[
			935.30743608719376,
			0.0,
			0.0,
			0.0,
			935.30743608719376,
			0.0,
			959.5,
			539.5,
			1.0
		],
		"width" : 1920
	},
	"version_major" : 1,
	"version_minor" : 0
}