{"segGroups": [{"objectId": 1, "id": 1, "partId": 1, "index": 0, "dominantNormal": [0, -2.220446049250313e-16, 1], "obb": {"axesLengths": [4.251039111129726, 0.17999994352460025, 3.251995635922898], "centroid": [-0.7071479474333409, 1.4057510461008162, -1.4400000533739483], "normalizedAxes": [0.9911417365074158, 0.13280828297138214, 2.948936272315231e-17, 0, -2.220446049250313e-16, 1, 0.13280828297138214, -0.9911417365074158, -2.2007767530749862e-16]}, "segments": [21106, 21124, 867, 24679, 39287, 9364, 971, 721, 15088, 26436, 3798, 19803, 26409, 12937, 33317, 25515, 39431, 33348, 15359, 13005, 25582, 24051, 26275, 39805], "label": "floor"}, {"objectId": 2, "id": 2, "partId": 2, "index": 1, "dominantNormal": [-0.41549572348594666, -0.9095951318740845, -2.0197069169871284e-16], "obb": {"axesLengths": [3.0431189485661387, 2.6658099293900284, 0.34188318839969234], "centroid": [-0.026385237844446796, 2.527635759327901, -0.14044513838287376], "normalizedAxes": [0.9095951318740845, -0.41549575328826904, -9.225859038692198e-17, 0, -2.220446049250313e-16, 1, -0.41549575328826904, -0.9095951318740845, -2.0197069169871284e-16]}, "segments": [6642, 25647, 7314, 30349, 30343, 30364, 30332], "label": "wall"}, {"objectId": 3, "id": 3, "partId": 3, "index": 2, "dominantNormal": [-0.2488139569759369, -0.9685512781143188, -2.1506158589852805e-16], "obb": {"axesLengths": [1.0615322116933497, 2.399999922513962, 0.6076532747310565], "centroid": [1.0372369701010475, 2.02917629092631, -0.3100000833997878], "normalizedAxes": [0.9685512781143188, -0.2488139569759369, -5.5247796776555644e-17, 0, -2.220446049250313e-16, 1, -0.2488139569759369, -0.9685512781143188, -2.1506158589852805e-16]}, "segments": [12443, 6933, 7299, 29296, 29246, 29240, 39229, 29281, 5494, 31419, 28806, 28745, 28930, 6831, 5965, 5878, 5825, 30035, 30134, 6055, 3482, 28403, 4350, 2588, 12632, 40779, 1813, 1973, 28398, 3980, 4327, 28394, 1247, 1387, 1617, 1676, 1685, 1713, 1722, 1727, 1734, 1746, 1772, 1893, 1911, 1967, 1992, 2213, 2515, 2522, 2533, 2551, 2564, 2567, 2576, 2579, 3094, 3324, 3428, 3432, 3533, 3546, 3644, 3732, 4115, 4118, 4172, 4199, 4275, 4322, 4337, 4355, 4487, 5490, 5496, 5571, 5592, 5646, 5647, 5651, 5653, 5665, 5693, 5706, 5742, 5749, 5770, 5794, 5836, 5853, 5857, 5860, 5902, 5928, 5970, 5974, 5990, 6032, 6042, 6051, 6174, 6194, 6223, 6347, 6371, 6742, 6743, 6748, 7185, 7275, 7372, 7413, 7509, 7548, 7559, 7566, 9540, 9685, 10293, 10294, 11304, 11308, 11321, 13325, 13545, 13589, 13778, 13872, 14665, 14671, 14813, 14815, 14854, 14891, 15023, 27623, 27642, 27679, 27842, 27890, 27895, 27898, 27918, 27920, 28109, 28112, 28442, 28655, 28678, 28695, 28711, 28723, 28817, 28881, 28893, 28896, 29054, 29060, 29075, 29176, 29183, 29186, 29205, 29268, 29278, 29285, 29327, 30319, 31372, 31486, 31645, 31682, 33454, 40791, 40798, 40801, 40806, 14989, 13984, 2354, 22292, 35837, 35665, 707, 1494, 35632, 35760, 5281, 35817, 22105, 21980, 22006, 35794, 21932, 400, 743, 2408, 1485, 28190, 81, 27940, 66, 12, 35705, 204, 404, 35721, 725, 47, 60, 65, 79, 108, 117, 132, 147, 170, 194, 212, 272, 274, 275, 308, 314, 316, 318, 320, 365, 376, 380, 385, 407, 521, 540, 1392, 1430, 1446, 1474, 1489, 1508, 1556, 1577, 1582, 2411, 2436, 5283, 6789, 13040, 13138, 13139, 21800, 21801, 21819, 21827, 21829, 21836, 21839, 21850, 21883, 21892, 21898, 21923, 21924, 21974, 21976, 21982, 22017, 22028, 22052, 22059, 22062, 22078, 22094, 22304, 22317, 22349, 23994, 27856, 27859, 27861, 27864, 27947, 27952, 27955, 27958, 27962, 27966, 27968, 27970, 27972, 28096, 28098, 28101, 28111, 30326, 31608, 31609, 33457, 35581, 35584, 35587, 35594, 35768, 35835, 35905, 35908, 37529], "label": "elevator"}, {"objectId": 4, "id": 4, "partId": 4, "index": 3, "dominantNormal": [-0.49744871258735657, -0.8674933910369873, -1.9262222728788354e-16], "obb": {"axesLengths": [0.8362198880664038, 2.027929916353599, 0.12344691251443743], "centroid": [-0.5461810758026011, 2.8496973675724817, -0.4439650660144918], "normalizedAxes": [0.8674933910369873, -0.49744874238967896, -1.1045580947436994e-16, 0, -2.220446049250313e-16, 1, -0.49744874238967896, -0.8674933910369873, -1.9262222728788354e-16]}, "segments": [14199, 20527, 18814], "label": "door"}, {"objectId": 5, "id": 5, "partId": 5, "index": 4, "dominantNormal": [0.9191595315933228, -0.3938854932785034, -8.746014874072637e-17], "obb": {"axesLengths": [1.398926971284093, 2.5750399252390865, 0.17357869076647614], "centroid": [-1.703393961268807, 2.425622430180148, -0.08607008714616349], "normalizedAxes": [0.39388546347618103, 0.9191595315933228, 2.0409441505571618e-16, 0, -2.220446049250313e-16, 1, 0.9191595315933228, -0.39388546347618103, -8.746014212328147e-17]}, "segments": [23105, 27729, 40100, 22774], "label": "wall"}, {"objectId": 6, "id": 6, "partId": 6, "index": 5, "dominantNormal": [0.9252141714096069, -0.37944522500038147, -8.425376507589932e-17], "obb": {"axesLengths": [0.8044379366418485, 0.919999966323376, 0.0900759929358372], "centroid": [-1.7322208229485654, 2.442056988193322, 0.10999990900061984], "normalizedAxes": [0.37944525480270386, 0.9252141714096069, 2.0543881516168637e-16, 0, -2.220446049250313e-16, 1, 0.9252141714096069, -0.37944525480270386, -8.425377169334422e-17]}, "segments": [20532, 20627, 20454, 2322], "label": "frame"}, {"objectId": 7, "id": 7, "partId": 7, "index": 6, "dominantNormal": [0.9067151546478271, -0.4217435419559479, -9.364587815329181e-17], "obb": {"axesLengths": [1.9503991744238005, 2.5958500520322447, 0.3063506667442561], "centroid": [-2.4505883120558276, 1.076680657102807, -0.16586508829992264], "normalizedAxes": [0.4217435121536255, 0.9067151546478271, 2.0133120829331544e-16, 0, -2.220446049250313e-16, 1, 0.9067151546478271, -0.4217435121536255, -9.364587153584691e-17]}, "segments": [766, 40249, 38177, 19770, 2868, 12875, 178, 5460, 8509, 10107, 8171, 1114, 152, 163, 171, 581, 610, 913, 983, 993, 1112, 1121, 1128, 1151, 1196, 1232, 1260, 1266, 1296, 1349, 1564, 1920, 2136, 2138, 2151, 2154, 2160, 2175, 2867, 2972, 3622, 3685, 3784, 4103, 5340, 5635, 8036, 8040, 8041, 8061, 8063, 8083, 8101, 8113, 8126, 8143, 8150, 8156, 8166, 8187, 8210, 8238, 8263, 8288, 8296, 12241, 12660, 12701, 12810, 15178, 15215, 15304, 15400, 15625, 15641, 19291, 19698, 20548, 20550, 20599, 21166, 24822, 25113, 25682, 25697, 26907, 27816, 27818, 27825, 27827, 27831, 27876, 27878, 27908, 27916, 28081, 28083, 28090, 28309, 28630, 29847, 29849, 29856, 29858, 29934, 29938, 30030, 30033, 30890, 38136, 25171, 31651, 23702, 23703, 40380, 1336, 1005, 1011, 1013, 1037, 1074, 1138, 1732, 1759, 1760, 1790, 1800, 1803, 1805, 1822, 1834, 1855, 1866, 2086, 2100, 2111, 2116, 2124, 3582, 3590, 3626, 15166, 21135, 21168, 24789, 24889, 25121, 25134, 25193, 25203, 28038, 28257, 28259, 28262, 28263, 28268, 28306, 28575, 28623, 38073, 38089, 38131, 25102, 24908, 1816, 28607, 1867, 38123], "label": "window"}, {"objectId": 8, "id": 8, "partId": 8, "index": 7, "dominantNormal": [-0.06644335389137268, -0.9977902173995972, -2.2155393462055465e-16], "obb": {"axesLengths": [1.5273821061647015, 1.4068025036125806, 1.3849830170975337], "centroid": [-1.2714808225006147, 0.5968188739323966, -0.7700288407030981], "normalizedAxes": [0.9977902173995972, -0.06644335389137268, -1.4753388264703888e-17, 0, -2.220446049250313e-16, 1, -0.06644335389137268, -0.9977902173995972, -2.2155393462055465e-16]},