{"segGroups": [{"objectId": 17, "id": 17, "partId": 17, "index": 0, "dominantNormal": [0.6275855302810669, -0.7785475850105286, -1.7287229092900004e-16], "obb": {"axesLengths": [0.4733976260076927, 1.1799999509751802, 0.26368429681546335], "centroid": [-2.660911918410899, 2.200827636704647, 0.11999996252246081], "normalizedAxes": [0.7785476446151733, 0.6275855302810669, 1.3935198112792577e-16, 0, -2.220446049250313e-16, 1, 0.6275855302810669, -0.7785476446151733, -1.7287230416388984e-16]}, "segments": [6622, 45419, 29151, 14516, 29154, 6415, 40757, 6283, 6602, 40768, 14476, 29035, 30700, 44088, 32924, 30620, 45467], "label": "blinds"}, {"objectId": 18, "id": 18, "partId": 18, "index": 1, "dominantNormal": [0.6940391063690186, -0.719937264919281, -1.5985818555980935e-16], "obb": {"axesLengths": [0.9819790992731738, 0.7000000320374955, 0.18642136138460838], "centroid": [-2.196172950256606, 2.294305279808816, -0.9800000218313196], "normalizedAxes": [0.719937264919281, 0.6940391063690186, 1.541076391762305e-16, 0, -2.220446049250313e-16, 1, 0.6940391063690186, -0.719937264919281, -1.5985818555980935e-16]}, "segments": [13882, 8407, 41040, 41645, 8247, 13046, 13051, 13052, 13085, 13105, 41278], "label": "radiator"}, {"objectId": 19, "id": 19, "partId": 19, "index": 2, "dominantNormal": [-0.4016817510128021, -0.9157793521881104, -2.0334386445511007e-16], "obb": {"axesLengths": [1.0346764917435765, 2.207990895033085, 0.5927108851749873], "centroid": [-1.564315571056116, -0.2828394996319652, -0.3060045122514419], "normalizedAxes": [0.9157793521881104, -0.4016817510128021, -8.919126570923244e-17, 0, -2.220446049250313e-16, 1, -0.4016817510128021, -0.9157793521881104, -2.0334386445511007e-16]}, "segments": [972, 39015, 1824, 1914, 2323, 27074, 27123, 27124, 43087, 43275, 43337, 47508, 9038, 9062, 15877, 15900, 15921, 15927, 15952, 15956, 15967, 16185, 22629, 23248, 26954, 26957, 26960, 27022, 27113, 27217, 27253, 27267, 27271, 27322, 27336, 27351, 41680, 41683, 41690, 41694, 41799, 42557, 43084, 43260, 43279, 43282, 43340, 45567, 45581, 16192, 27231, 1979, 1997, 19186, 27002, 45538, 45541, 45547, 22692, 564, 577, 580, 1950, 23257, 23267, 28051, 37410, 39786, 39806, 42102, 43081, 23330, 19226, 23285, 586, 745, 855, 896, 1955, 2279, 2287, 17502, 18407, 18411, 18418, 18478, 18527, 18604, 18612, 18636, 18670, 19227, 22071, 23236, 23321, 23468, 42095, 42098, 42588, 22902], "label": "wardrobe"}, {"objectId": 20, "id": 20, "partId": 20, "index": 3, "dominantNormal": [-0.5918592810630798, -0.8060413002967834, -1.789771220776578e-16], "obb": {"axesLengths": [0.4527061758871517, 1.407369949131385, 0.08300271836604996], "centroid": [0.40839550909997324, 0.16654608204604315, -0.693684999675268], "normalizedAxes": [0.8060413002967834, -0.5918592810630798, -1.3141916023486463e-16, 0, -2.220446049250313e-16, 1, -0.5918592810630798, -0.8060413002967834, -1.789771220776578e-16]}, "segments": [20708, 20710, 21821, 21819], "label": "wall"}, {"objectId": 21, "id": 21, "partId": 21, "index": 4, "dominantNormal": [0, -2.220446049250313e-16, 1], "obb": {"axesLengths": [3.795134250703745, 0.14458202992568808, 3.5023076985973893], "centroid": [-1.1442628892657525, 1.08637811946624, 1.0557189697227831], "normalizedAxes": [0.7708107829093933, 0.6370641589164734, 1.414566594785057e-16, 0, -2.220446049250313e-16, 1, 0.6370641589164734, -0.7708107829093933, -1.711543757630703e-16]}, "segments": [2822, 29601, 21663, 17996, 32496, 15907, 16967, 40266, 18176, 19162, 30092, 43344, 19821], "label": "ceiling"}, {"objectId": 22, "id": 22, "partId": 22, "index": 5, "dominantNormal": [0, -2.220446049250313e-16, 1], "obb": {"axesLengths": [0.3429777825884179, 0.1698189935873673, 0.2209364810632124], "centroid": [0.5483044394981568, 1.3067531088333897, -0.9050905152773756], "normalizedAxes": [0.6680810451507568, 0.7440885305404663, 1.6522084379310493e-16, 0, -2.220446049250313e-16, 1, 0.7440885305404663, -0.6680810451507568, -1.483437917284018e-16]}, "segments": [45329, 29928, 29878], "label": "box"}, {"objectId": 23, "id": 23, "partId": 23, "index": 6, "dominantNormal": [0, -2.220446049250313e-16, 1], "obb": {"axesLengths": [1.0421425060403573, 0.4375419518900969, 0.46217734097061675], "centroid": [0.034406366615400585, 1.2618987147768932, -1.191228983822936], "normalizedAxes": [0.7494833469390869, 0.6620231866836548, 1.4699867693838237e-16, 0, -2.220446049250313e-16, 1, 0.6620231866836548, -0.7494833469390869, -1.6641873366897973e-16]}, "segments": [20614, 43767, 21464, 20606, 26584, 26119, 20521, 42256, 29319, 29286, 32839], "label": "item"}, {"objectId": 24, "id": 24, "partId": 24, "index": 7, "dominantNormal": [0.55735182762146, -0.8302764296531677, -1.8435840180090318e-16], "obb": {"axesLengths": [0.3397370771332939, 0.23999988496303803, 0.10550323166599809], "centroid": [0.034976472794631785, 0.9998928680511203, -1.3099999977659447], "normalizedAxes": [0.8302764296531677, 0.55735182762146, 1.2375696636845123e-16, 0, -2.220446049250313e-16, 1, 0.55735182762146, -0.8302764296531677, -1.8435840180090318e-16]}, "segments": [30760, 44106], "label": "item"}, {"objectId": 25, "id": 25, "partId": 25, "index": 8, "dominantNormal": [0.7615122199058533, -0.6481505632400513, -1.439183357465737e-16], "obb": {"axesLengths": [1.5568059358922401, 0.9679699919826531, 0.17769495619004555], "centroid": [1.1278942218746493, -0.7545724981257445, -0.973985019238257], "normalizedAxes": [0.6481505632400513, 0.7615122199058533, 1.6908968001457875e-16, 0, -2.220446049250313e-16, 1, 0.7615122199058533, -0.6481505632400513, -1.439183357465737e-16]}, "segments": [15042, 35878, 35885, 35888, 35889, 36834, 35713, 33293, 29696, 36901, 10072, 45209, 9204, 9305, 15196, 14757, 7453, 42711, 31397, 9301, 9360, 9411, 31441, 28485, 28391, 28449, 29703, 29757, 29763, 31077, 33362, 33372, 33393, 36884, 40123, 43055, 43058, 28512, 28500, 14876, 14903, 15124, 29707, 29796, 29801, 35597, 43066, 45291, 16984, 17031, 27944, 27952, 29775, 34133, 34142, 34150, 34767, 34779, 34782, 34788, 34799, 35732, 43060, 23480, 23464, 23511, 24409, 42505, 10123, 9393], "label": "railing"}, {"objectId": 1, "id": 1, "partId": 1, "index": 10, "dominantNormal": [0, -2.220446049250313e-16, 1], "obb": {"axesLengths": [4.9744576439279236, 0.22646998852931005, 2.530069850886537], "centroid": [-0.7995837010730394, 0.48712428734507884, -1.4168150354899842], "normalizedAxes": [0.9045194387435913, -0.42643246054649353, -9.468702722925516e-17, 0, -2.220446049250313e-16, 1, -0.42643246054649353, -0.9045194387435913, -2.008436614228318e-16]}, "segments": [7773, 24561, 5031, 39274, 3376, 3007, 17761, 15325, 25825, 25869, 31553, 39671, 7308, 17429, 7242, 36848, 23861, 4134, 4115, 39534, 17312, 44609, 3143], "label": "floor"}, {"objectId": 2, "id": 2, "partId": 2, "index": 11, "dominantNormal": [-0.6431229710578918, -0.7657629251480103, -1.7003352618072626e-16], "obb": {"axesLengths": [2.486980654594542, 2.5688599965976167, 1.8103431108396504], "centroid": [-1.9708116105169347, 0.6781115314687919, -0.18557002211690055], "normalizedAxes": [0.7657629251480103, -0.6431229710578918, -1.4280198602676194e-16, 0, -2.220446049250313e-16, 1, -0.6431229710578918, -0.7657629251480103, -1.7003352618072626e-16]}, "segments": [11756, 35450, 32653, 40483, 38440, 38510, 37865, 36230, 2727, 39953, 39506, 40840, 42036], "label": "wall"}, {"objectId": 3, "id": 3, "partId": 3, "index": 12, "dominantNormal": [0.7373923659324646, -0.6754646301269531, -1.499832769373717e-16], "obb": {"axesLengths": [3.5056369770991505, 2.591439904463888, 0.42050847933121444], "centroid": [-2.302982241565056, 2.1654937907265177, -0.1854200568339981], "normalizedAxes": [0.6754646301269531, 0.7373923659324646, 1.6373399656820822e-16, 0, -2.220446049250313e-16, 1, 0.7373923659324646, -0.6754646301269531, -1.499832769373717e-16]}, "segments": [2684, 38632, 471, 16909, 34686, 33034, 2986, 277, 26740, 33, 6126, 5988, 11100, 8946, 41621, 33513, 45984, 42304, 32027, 32039, 34351, 29827],