{"segGroups": [{"objectId": 1, "id": 1, "partId": 1, "index": 0, "dominantNormal": [0, -2.220446049250313e-16, 1], "obb": {"axesLengths": [4.307429492084628, 0.23293995336577333, 1.6995805131538406], "centroid": [-0.06444489632383937, 0.3370811618798049, -1.346469973851666], "normalizedAxes": [0.12155693769454956, 0.9925844669342041, 2.2039802581512815e-16, 0, -2.220446049250313e-16, 1, 0.9925844669342041, -0.12155693769454956, -2.6991062206282903e-17]}, "segments": [16846, 22678, 30188, 18205, 16353, 30503, 28047, 162, 262, 272, 299, 310, 312, 359, 375, 409, 419, 465, 500, 510, 523, 5433, 5466, 5499, 5532, 5537, 5580, 7424, 11379, 11452, 11486, 12917, 12943, 12948, 12950, 12973, 13043, 13061, 13195, 13216, 13256, 13292, 13320, 13690, 13718, 13855, 13933, 13936, 13958, 14026, 14079, 14744, 14784, 14812, 14821, 14843, 14923, 14924, 15011, 15227, 15247, 15571, 15582, 15627, 15868, 16049, 16428, 17610, 17810, 18615, 18743, 18911, 18964, 19155, 20325, 20354, 20424, 20483, 20630, 20650, 20664, 20684, 20685, 20725, 20728, 20778, 20794, 20802, 20842, 20856, 20860, 20889, 20922, 21034, 21063, 21087, 21231, 21246, 21454, 21581, 21584, 21657, 21672, 21941, 21964, 21993, 24565, 24571, 24582, 24585, 24588, 24593, 24609, 24614, 24616, 24618, 24624, 24627, 24661, 24663, 24665, 24668, 24691, 24701, 24704, 26224, 26259, 27335, 28457, 28468, 28472, 28545, 29948, 30005, 30025, 30027, 30058, 30061, 30068, 30245, 14456, 10290, 28725], "label": "floor"}, {"objectId": 2, "id": 2, "partId": 2, "index": 1, "dominantNormal": [-0.0632968544960022, -0.9979947209358215, -2.2159934352746136e-16], "obb": {"axesLengths": [2.165152252887743, 3.3593299830109613, 0.14512139671226465], "centroid": [0.2883111819884243, 2.4182877122276167, 0.2661949876801295], "normalizedAxes": [0.9979947209358215, -0.0632968619465828, -1.4054726703923225e-17, 0, -2.220446049250313e-16, 1, -0.0632968619465828, -0.9979947209358215, -2.2159934352746136e-16]}, "segments": [801, 3047, 12757, 7189, 8697, 13727, 646, 12389, 26, 3571, 24250], "label": "wall"}, {"objectId": 3, "id": 3, "partId": 3, "index": 2, "dominantNormal": [0.9966251850128174, -0.08208688348531723, -1.822694961302434e-17], "obb": {"axesLengths": [2.8577590863707596, 2.7490199189852182, 0.30670832058194586], "centroid": [0.7208875283334916, 0.9865180623865742, -0.03969997637644451], "normalizedAxes": [0.08208688348531723, 0.9966251850128174, 2.2129524546450727e-16, 0, -2.220446049250313e-16, 1, 0.9966251850128174, -0.08208688348531723, -1.822694961302434e-17]}, "segments": [29246, 3360, 4060, 12882, 22827, 6163, 30037, 29206, 16915, 30001, 17701, 29192, 12574, 29260, 20000, 12226, 11567, 11636, 27438, 28634, 7355, 16221, 3734, 22108, 8635, 28932, 12238], "label": "wall"}, {"objectId": 4, "id": 4, "partId": 4, "index": 3, "dominantNormal": [0.998004674911499, -0.06313984841108322, -1.401986269546534e-17], "obb": {"axesLengths": [2.3606403463004604, 2.5003199018466487, 0.2104206166064896], "centroid": [-0.7425987529734417, 0.8496811588420787, -0.1704700010909883], "normalizedAxes": [0.06313984841108322, 0.998004674911499, 2.216015537540581e-16, 0, -2.220446049250313e-16, 1, 0.998004674911499, -0.06313984841108322, -1.401986269546534e-17]}, "segments": [1509, 24949, 23029, 26503, 115], "label": "wall"}, {"objectId": 5, "id": 5, "partId": 5, "index": 4, "dominantNormal": [0.9959309697151184, -0.09011915326118469, -2.0010471782058102e-17], "obb": {"axesLengths": [1.0297995399272393, 1.0078999770902097, 0.4251831983290978], "centroid": [0.5888218683072823, 0.7272028788206066, -0.8939499711107465], "normalizedAxes": [0.09011915326118469, 0.9959309697151184, 2.2114109870299679e-16, 0, -2.220446049250313e-16, 1, 0.9959309697151184, -0.09011915326118469, -2.0010471782058102e-17]}, "segments": [15822, 30955, 15917, 18800, 7920, 12506, 18822], "label": "cabinet"}, {"objectId": 6, "id": 6, "partId": 6, "index": 5, "dominantNormal": [0.9858226180076599, 0.16779077053070068, 3.725703535255602e-17], "obb": {"axesLengths": [0.5664956584790147, 1.0072099937377121, 0.48857209271270174], "centroid": [0.5345106113892525, -0.056129096546878754, -0.8936049794344979], "normalizedAxes": [-0.16779077053070068, 0.9858226180076599, 2.188965937416709e-16, 0, -2.220446049250313e-16, 1, 0.9858226180076599, 0.16779077053070068, 3.725703535255602e-17]}, "segments": [6957, 7845, 7006, 26450, 26461, 7139], "label": "cabinet"}, {"objectId": 7, "id": 7, "partId": 7, "index": 6, "dominantNormal": [0, -2.220446049250313e-16, 1], "obb": {"axesLengths": [1.3603398934206525, 0.33776896437028875, 0.4327708343184847], "centroid": [0.7050515713162422, 1.730153596025827, -0.7188844874005504], "normalizedAxes": [0.010893424041569233, 0.9999406933784485, 2.2203143620967946e-16, 0, -2.220446049250313e-16, 1, 0.9999406933784485, -0.010893424041569233, -2.418826037591078e-18]}, "segments": [7067, 13172, 29838, 14743, 17131, 13615, 29854, 19932, 8809, 12312, 17175, 27624, 27628, 27639, 27642, 19965, 13612, 30965, 22536, 17230, 17203, 30991], "label": "ironing board"}, {"objectId": 8, "id": 8, "partId": 8, "index": 7, "dominantNormal": [0.9999802708625793, 0.006277909502387047, 1.3939759352126317e-18], "obb": {"axesLengths": [2.264660161220151, 2.362138933789604, 0.5440149939952283], "centroid": [-0.5190701553413168, 1.361269375482294, -0.24590051183326866], "normalizedAxes": [-0.006277909968048334, 0.9999802708625793, 2.2204022417650723e-16, 0, -2.220446049250313e-16, 1, 0.9999802708625793, 0.006277909968048334, 1.3939760386102083e-18]}, "segments": [23875, 23929, 12696, 12064, 8660, 18250, 23339, 9316, 28606, 28705, 24046, 28432, 30610, 25219, 9897, 10005, 967, 1713, 26898, 1733, 26837, 21591, 27095, 10512, 10566, 23168, 8926, 23083, 18389, 25485, 9047, 22706, 9610, 28542, 19044, 27248, 13089, 29896, 2165, 10597, 2157, 21817, 26853, 9037, 8665], "label": "wardrobe"}, {"objectId": 9, "id": 9, "partId": 9, "index": 8, "dominantNormal": [0.15691238641738892, -0.9876125454902649, -2.1929403748239038e-16], "obb": {"axesLengths": [0.5325721586012692, 2.4157519396598937, 0.42255037031019704], "centroid": [-0.6737465031013512, 0.2805258414517972, -0.21075400797827526], "normalizedAxes": [0.9876125454902649, 0.15691237151622772, 3.484154554117052e-17, 0, -2.220446049250313e-16, 1, 0.15691237151622772, -0.9876125454902649, -2.1929403748239038e-16]}, "segments": [20310, 20165, 25175, 87, 127, 153, 1751, 1854, 953, 25609, 25657, 19585, 19612, 29528, 17009, 9524, 11550, 9554, 15217, 25420, 132, 143, 199, 209, 211, 915, 916, 978, 1193, 1318, 1518, 1761, 1834, 1945, 2825, 2837, 2840, 2893, 2957, 3328, 3686, 6152, 7580, 8348, 8843, 8900, 8917, 9972, 9988, 10009, 12910, 15116, 16739, 17324, 17353, 17452, 17456, 19228, 19287, 19413, 19567, 19582, 19584, 19596, 19641, 19857, 24754, 24758, 24956, 25137, 25183, 25189, 25195, 25323, 25324, 25338, 25537, 25599, 25615, 25618, 25650, 25655, 25696, 25777, 25820, 25887, 25890, 26068, 26072, 26980, 27841, 27875, 28602, 28666, 28676, 28686, 28714, 29555, 19346, 5473, 5464, 9212, 25084, 8495], "label": "shelf unit"}, {"objectId": 10, "id": 10, "partId": 10, "index": 9, "dominantNormal": [0.7601746320724487, 0.6497187614440918, 1.4426654569723403e-16], "obb": {"axesLengths": [0.6096853868978044, 2.3417399002222727, 0.5511920172080231], "centroid": [-0.6716461970995612, -0.10408373766142237, -0.24086996933363447], "normalizedAxes": [-0.6497187614440918, 0.7601746320724487, 1.687926758525579e-16, 0, -2.220446049250313e-16, 1, 0.7601746320724487, 0.6497187614440918, 1.4426654569723403e-16]}, "segments": [4348, 4395, 2243, 4295, 4309, 9574, 24970, 25412, 25948, 25950, 26131, 9260, 14260, 25952, 12118, 1563, 8335, 8191, 84, 1546, 1848, 2023, 3656, 4107, 4175, 4191, 8312, 9134, 9195, 9205, 9298, 10370, 15068, 15070, 15221, 19276, 19316, 19908, 24279, 24718, 24983, 25007, 25743, 26682, 26929, 27127, 29515, 29623, 29714, 29598, 19376, 16501, 202, 25397, 62, 15029, 19213, 19238, 19348, 19858, 19907, 19985, 24017, 24145, 24293, 24753, 24826, 26176, 26227, 29717, 19130, 19176],