{"segGroups": [{"objectId": 1, "id": 1, "partId": 1, "index": 0, "dominantNormal": [0, -2.220446049250313e-16, 1], "obb": {"axesLengths": [7.8884204126128346, 0.3468300026618687, 5.9901534862467125], "centroid": [-1.6039725104134985, 2.1541082422321223, -1.227335069835149], "normalizedAxes": [0.9528800249099731, -0.30334746837615967, -6.73566687705928e-17, 0, -2.220446049250313e-16, 1, -0.30334746837615967, -0.9528800249099731, -2.1158186867208898e-16]}, "segments": [12220, 22479, 21583, 9901, 24324, 22494, 24395, 2290, 70, 757, 763, 826, 1734, 1821, 1844, 1866, 2262, 2303, 2325, 2390, 2398, 2407, 2432, 2448, 2559, 2592, 5057, 5077, 5372, 5454, 5470, 5472, 5473, 5474, 5913, 5947, 6000, 6025, 6124, 6145, 6161, 6204, 6233, 6290, 6309, 6340, 6475, 6733, 6735, 6758, 7179, 7463, 7500, 7504, 7522, 7562, 7565, 7573, 7623, 7650, 7654, 7675, 7693, 7700, 7708, 7748, 7751, 7772, 7785, 7786, 7805, 7809, 7846, 7870, 7915, 7920, 7922, 7955, 7974, 7992, 8009, 8015, 8019, 8051, 8058, 8081, 8083, 8084, 8087, 8097, 8106, 8130, 8139, 8143, 8156, 8193, 8194, 8218, 8219, 8263, 8267, 8284, 8318, 8323, 8337, 8342, 8377, 8457, 8501, 8523, 8560, 8583, 8591, 8595, 8612, 8615, 8635, 8648, 8650, 8652, 8666, 8673, 8686, 8765, 8810, 8829, 8841, 9225, 9376, 9496, 9584, 9585, 9723, 9790, 9804, 9848, 9971, 9972, 10007, 10012, 10192, 10221, 10229, 10247, 10261, 10265, 10363, 10471, 10478, 10538, 10551, 10596, 10624, 10640, 10685, 10759, 10804, 10815, 10820, 10846, 10862, 10927, 10976, 11530, 11534, 11988, 12020, 12024, 12247, 12270, 12287, 12305, 12320, 12357, 12364, 12680, 12685, 12720, 12885, 12947, 13092, 13101, 13105, 13115, 13130, 13135, 13233, 13235, 13420, 13429, 13991, 14048, 14063, 14199, 14263, 14278, 14299, 14431, 14532, 14537, 14544, 14565, 14582, 14591, 14633, 15646, 16338, 16424, 16430, 16453, 16491, 16551, 16604, 16628, 16649, 16741, 17553, 17558, 17966, 18520, 18694, 18726, 18869, 18957, 18997, 19006, 19028, 19039, 19138, 19409, 19430, 19794, 19805, 19821, 19827, 20399, 20409, 20420, 20427, 20493, 20532, 21419, 21433, 21435, 21525, 21621, 21627, 22172, 22185, 22228, 22326, 22331, 22418, 22435, 22643, 22646, 23668, 23705, 23712, 23717, 23838, 23885, 24304, 24361, 24364, 25870, 26985, 27725, 28862, 28872, 29039, 29040, 29137, 29221, 29230, 29260, 29277, 29330, 29335, 29360, 29363, 29372, 29452, 29965, 29968, 29972, 30028, 30054, 30062, 30065, 30073, 30115, 30124, 30134, 30141, 30156, 30157, 30195, 30197, 30203, 30206, 30219, 30225, 30231, 30239, 30241, 30419, 30422, 32064, 32406, 32409, 32413, 32520, 32817, 32831, 32841, 32845, 33111, 33114, 33117, 33123, 33167, 33170, 33217, 35758, 35895, 36189, 36199, 3372, 12790, 298, 3283, 3306, 3313, 3375, 3394, 3400, 3497, 9347, 12527, 13137, 13270, 28706, 28711, 5817, 5909, 5746, 11814], "label": "floor"}, {"objectId": 2, "id": 2, "partId": 2, "index": 1, "dominantNormal": [0.9995996952056885, 0.02829304337501526, 6.2823176383320376e-18], "obb": {"axesLengths": [1.0333792871429501, 1.0199120412786589, 0.9996157439976862], "centroid": [-1.658960639651116, 1.5995046607773957, -0.6931240720348655], "normalizedAxes": [-0.02829304151237011, 0.9995996952056885, 2.219557194051288e-16, 0, -2.220446049250313e-16, 1, 0.9995996952056885, 0.02829304151237011, 6.282317224741731e-18]}, "segments": [12590, 25831, 27123, 27510, 35412, 33793, 25955, 35338, 12640, 25054, 27133, 35397, 19752, 32033, 19191, 19260, 35365, 25047, 25928, 27800, 27813, 35505, 32021, 27024, 27056], "label": "armchair"}, {"objectId": 3, "id": 3, "partId": 3, "index": 2, "dominantNormal": [0, -2.220446049250313e-16, 1], "obb": {"axesLengths": [0.47704331947693673, 0.43691795087789104, 0.4518678445659971], "centroid": [0.1552972961205099, 0.9264747442785873, -1.0813610032641676], "normalizedAxes": [0.7739645838737488, -0.6332288980484009, -1.406050604942701e-16, 0, -2.220446049250313e-16, 1, -0.6332288980484009, -0.7739645838737488, -1.718546602522128e-16]}, "segments": [17247, 17234, 19106, 32314, 19105, 32374], "label": "ottoman"}, {"objectId": 4, "id": 4, "partId": 4, "index": 3, "dominantNormal": [0, -2.220446049250313e-16, 1], "obb": {"axesLengths": [0.5423176613306269, 0.4274120235276513, 0.5253938654921173], "centroid": [-1.269251234921985, 0.3075925986843704, -1.0837940350071942], "normalizedAxes": [-0.2970364987850189, 0.9548661112785339, 2.1202286843514305e-16, 0, -2.220446049250313e-16, 1, 0.9548661112785339, 0.2970364987850189, 6.595535202103407e-17]}, "segments": [24777, 24751, 14996, 12412, 33365, 14992], "label": "ottoman"}, {"objectId": 5, "id": 5, "partId": 5, "index": 4, "dominantNormal": [0, -2.220446049250313e-16, 1], "obb": {"axesLengths": [1.0076558106358517, 0.4259959364087294, 0.7932764296915596], "centroid": [-0.470893430355505, 1.9688985417001783, -1.0970020067616861], "normalizedAxes": [0.9908598065376282, 0.13489559292793274, 2.995283863781067e-17, 0, -2.220446049250313e-16, 1, 0.13489559292793274, -0.9908598065376282, -2.200150742787406e-16]}, "segments": [33312, 32330, 20883, 20079, 32351, 18064, 20167, 20187, 32079, 32322, 18000, 20624, 19087, 14128], "label": "seat"}, {"objectId": 6, "id": 6, "partId": 6, "index": 5, "dominantNormal": [0, -2.220446049250313e-16, 1], "obb": {"axesLengths": [0.7257226947476888, 0.3190209794263323, 0.6790299641066113], "centroid": [-0.6096982845247143, 0.9620780780998694, -1.1304895047734056], "normalizedAxes": [0.9972541928291321, -0.07405485957860947, -1.644348203791101e-17, 0, -2.220446049250313e-16, 1, -0.07405485957860947, -0.9972541928291321, -2.2143491325657562e-16]}, "segments": [15274, 14852, 15308, 20331, 14714, 31636, 15755, 14874, 14885, 14898, 14906, 15273, 15312, 15761, 15806, 16933, 17015, 31095, 14853], "label": "table"}, {"objectId": 7, "id": 7, "partId": 7, "index": 6, "dominantNormal": [0.3447062373161316, -0.938710629940033, -2.0843563096396188e-16], "obb": {"axesLengths": [3.99289269269107, 2.768160042878387, 0.6940942476511675], "centroid": [-2.9244761523894884, 2.7160355867920214, 0.06591993236720528], "normalizedAxes": [0.938710629940033, 0.3447062373161316, 7.654016028005452e-17, 0, -2.220446049250313e-16, 1, 0.3447062373161316, -0.938710629940033, -2.0843563096396188e-16]},