{"segGroups": [{"objectId": 1, "id": 1, "partId": 1, "index": 0, "dominantNormal": [0, -2.220446049250313e-16, 1], "obb": {"axesLengths": [5.622065225602795, 0.35999988704920105, 3.1074189954747853], "centroid": [1.8880576533576443, -0.865652685497919, -1.2500000521540642], "normalizedAxes": [0.7610934376716614, -0.6486422419548035, -1.440275103525409e-16, 0, -2.220446049250313e-16, 1, -0.6486422419548035, -0.7610934376716614, -1.68996691678838e-16]}, "segments": [6304, 1475, 12500, 21474, 74, 251, 259, 322, 356, 391, 434, 496, 583, 592, 596, 776, 1006, 1069, 1089, 1248, 1275, 1284, 1639, 1974, 2899, 2903, 3451, 3754, 4150, 4238, 4246, 4274, 4306, 4477, 4545, 4547, 4934, 4984, 5040, 5068, 5109, 5456, 5908, 5932, 5966, 5971, 5973, 6050, 6079, 6080, 6087, 6095, 6142, 6148, 6154, 6209, 6227, 6245, 6248, 6254, 6401, 6407, 6425, 6479, 6509, 6536, 6538, 6549, 6571, 6591, 6615, 6644, 6651, 6674, 6685, 6969, 7140, 7195, 7203, 7260, 7262, 7265, 7300, 7347, 7351, 7367, 7372, 7415, 7416, 7450, 7454, 7465, 8279, 8327, 8396, 8548, 8573, 8603, 8612, 8893, 9108, 9117, 9175, 9182, 9200, 9220, 9228, 9363, 9674, 9680, 9856, 10026, 10031, 10050, 10103, 10112, 10120, 10429, 10720, 10733, 10772, 10782, 11020, 11023, 11072, 11134, 11147, 11157, 11187, 11204, 11244, 11249, 11260, 11276, 11283, 11313, 11317, 11406, 11417, 11471, 11535, 11611, 11651, 11654, 11658, 11687, 11698, 11700, 11702, 11743, 11772, 11793, 11986, 11992, 11995, 12005, 12234, 12235, 12266, 12283, 12379, 12394, 12395, 12413, 12440, 12443, 12470, 12519, 12521, 12549, 12553, 12733, 12766, 12804, 12830, 12838, 12895, 13009, 13036, 13038, 13041, 13044, 13406, 13518, 13527, 13675, 13978, 13986, 13989, 14028, 14125, 14169, 14189, 14191, 14197, 14217, 14219, 14284, 14559, 14600, 14639, 14666, 14677, 14786, 14937, 14952, 14977, 15004, 15022, 15035, 15098, 15149, 15177, 15242, 15410, 15417, 15423, 15481, 15501, 15532, 15544, 15613, 15791, 15792, 15794, 15799, 15817, 15859, 16007, 16056, 16058, 16132, 16253, 16257, 16286, 16298, 16304, 16347, 16396, 16415, 16417, 16422, 16424, 16431, 16438, 16466, 16509, 16637, 16651, 16663, 16671, 16686, 16687, 16730, 16735, 16784, 16924, 16931, 16934, 16936, 16940, 17067, 17117, 17302, 17600, 17786, 17797, 17821, 18000, 18001, 18003, 18010, 18017, 18073, 18077, 18177, 18183, 18216, 18218, 18221, 18564, 18566, 18569, 18632, 18688, 18806, 18890, 18915, 18924, 18944, 18952, 18959, 18961, 18965, 19121, 19131, 19138, 19210, 19212, 19215, 19219, 19221, 19297, 19306, 19308, 19355, 19434, 20058, 20159, 20162, 20456, 20464, 20467, 20564, 20568, 20574, 20626, 20845, 20846, 20859, 20952, 21068, 21356, 21376, 21503, 22283, 22290, 22295, 162, 9325, 10891, 1282, 13797, 1829, 1182, 155, 161, 1142, 1269, 1287, 1876, 2940, 2946, 3379, 3416, 8975, 9240, 9265, 10876, 10884, 10916, 10940, 10945, 10974, 13540, 16917, 20315, 7590, 21589, 6669], "label": "floor"}, {"objectId": 2, "id": 2, "partId": 2, "index": 1, "dominantNormal": [0, -2.220446049250313e-16, 1], "obb": {"axesLengths": [0.617720942210541, 0.15594499954704188, 0.5584218139758879], "centroid": [3.3945000853536937, -1.8948443621852622, -0.632027542992812], "normalizedAxes": [0.6347548365592957, 0.7727136015892029, 1.715768863850726e-16, 0, -2.220446049250313e-16, 1, 0.7727136015892029, -0.6347548365592957, -1.4094388690806162e-16]}, "segments": [16513, 4341, 17623, 22411, 22395, 20961, 17626, 3736, 16869, 20737], "label": "table"}, {"objectId": 3, "id": 3, "partId": 3, "index": 2, "dominantNormal": [0, -2.220446049250313e-16, 1], "obb": {"axesLengths": [0.6322911859787544, 0.4274009668662926, 0.5329337550993707], "centroid": [2.624132808079964, -1.2600764899713854, -0.6837005518294761], "normalizedAxes": [0.6700535416603088, 0.7423127889633179, 1.6482654995615806e-16, 0, -2.220446049250313e-16, 1, 0.7423127889633179, -0.6700535416603088, -1.4878177393658128e-16]}, "segments": [14804, 3140, 3164, 14365, 20374, 14918, 15105, 3377, 14404, 14410, 14841, 14857, 14877, 20377, 11890, 11906, 3298, 3396, 14879, 3359, 3402, 14905, 14910, 17520, 3507, 3493, 3517], "label": "table"}, {"objectId": 4, "id": 4, "partId": 4, "index": 3, "dominantNormal": [0.6959511637687683, -0.7180891036987305, -1.5944781133175445e-16], "obb": {"axesLengths": [0.64113492934407, 0.5519489820610957, 0.5281067267105246], "centroid": [2.0253238850419075, -0.7422486039236332, -0.7379755566721672], "normalizedAxes": [0.7180891036987305, 0.6959511637687683, 1.5453220120615192e-16, 0, -2.220446049250313e-16, 1, 0.6959511637687683, -0.7180891036987305, -1.5944781133175445e-16]}, "segments": [5750, 19959, 2312, 2356, 17334, 17337, 17341, 17880, 17885, 17887, 18516, 19980, 8996, 18536, 17979, 18547, 2403, 6010, 5823, 5812, 5845, 5866, 6003, 9088, 17899, 17909, 17974], "label": "table"}, {"objectId": 5, "id": 5, "partId": 5, "index": 4, "dominantNormal": [0, -2.220446049250313e-16, 1], "obb": {"axesLengths": [0.6839491459117444, 0.5636559896844029, 0.5807055100829682], "centroid": [1.4446151564878593, -0.27393352376466157, -0.624314061381355], "normalizedAxes": [0.5159859657287598, 0.8565970659255981, 1.9020275708339044e-16, 0, -2.220446049250313e-16, 1, 0.8565970659255981, -0.5159859657287598, -1.145718999071032e-16]}, "segments": [2549, 9878, 2442, 2450, 2461, 2468, 2471, 2474, 14236, 17371, 17376, 17400, 17403, 17745, 18331, 10413, 2578, 2590, 6298, 18872, 18874, 2587, 6287, 17748, 17763, 2634, 2645, 2651, 2692, 4760, 2680, 2704, 2653], "label": "table"}, {"objectId": 6, "id": 6, "partId": 6, "index": 5, "dominantNormal": [0, -2.220446049250313e-16, 1], "obb": {"axesLengths": [0.6179264400234934, 0.27187001097492836, 0.5281766005957368], "centroid": [0.8357746965777764, 0.22920431148741316, -0.6210370725906563], "normalizedAxes": [0.7071943283081055, 0.7070192098617554, 1.5698980112816127e-16, 0, -2.220446049250313e-16, 1, 0.7070192098617554, -0.7071943283081055, -1.5702868523439616e-16]}, "segments": [7680, 7685, 19205, 704, 11099, 11453, 18990, 9800, 12264, 11339, 7714], "label": "table"}, {"objectId": 7, "id": 7, "partId": 7, "index": 6, "dominantNormal": [0, -2.220446049250313e-16, 1], "obb": {"axesLengths": [0.6779453255243554, 0.24000000417232492, 0.6024809222598171], "centroid": [0.22507361559063122, 0.738104181296658, -0.6300000612437725], "normalizedAxes": [0.7674293518066406, 0.6411334872245789, 1.4236023187498922e-16, 0, -2.220446049250313e-16, 1, 0.6411334872245789, -0.7674293518066406, -1.7040354722977838e-16]}, "segments": [22370, 12631, 15198, 10362, 16371, 21010, 21014, 17994, 7029], "label": "table"}, {"objectId": 8, "id": 8, "partId": 8, "index": 7, "dominantNormal": [0.5522335171699524, -0.8336895108222961, -1.8511625806067936e-16], "obb": {"axesLengths": [0.5074546867634094, 0.5347899675043677, 0.48503053904821375], "centroid": [3.099965775044688, -2.2283225983675656, -1.0500950485446676], "normalizedAxes": [0.8336895108222961, 0.5522334575653076, 1.2262045991147277e-16, 0, -2.220446049250313e-16, 1, 0.5522334575653076, -0.8336895108222961, -1.8511625806067936e-16]}, "segments": [16836, 22322, 20993, 16770, 20904, 20967, 22336, 16845, 16268, 16814, 16227, 22255], "label": "chair"}, {"objectId": 9, "id": 9, "partId": 9, "index": 8, "dominantNormal": [0, -2.220446049250313e-16, 1], "obb": {"axesLengths": [0.5898861246378526, 0.5462520000431238, 0.584914628789606], "centroid": [2.367997158423937, -1.6297582757692832, -1.0597340432613942], "normalizedAxes": [0.9922467470169067, 0.12428338825702667, 2.7596455844275763e-17, 0, -2.220446049250313e-16, 1, 0.12428338825702667, -0.9922467470169067, -2.2032303692951654e-16]}, "segments": [14428, 15565, 15361, 9599, 20185, 14297, 14312, 14323, 14589, 15087, 15271, 15327, 15341, 15351, 15374, 15383, 15398, 15401, 15682, 15693, 16955, 16958, 16963, 20194, 20202, 20207, 20263, 20312, 20486, 20530, 20533, 20563, 20716, 20671, 20475, 10767, 15554, 14709], "label": "chair"}, {"objectId": 10, "id": 10, "partId": 10, "index": 9, "dominantNormal": [0, -2.220446049250313e-16, 1],