{"segGroups": [{"objectId": 1, "id": 1, "partId": 1, "index": 0, "dominantNormal": [0, -2.220446049250313e-16, 1], "obb": {"axesLengths": [6.391600588442113, 0.7345259621472815, 4.9563089590892], "centroid": [0.30633941283195376, -1.0055991526551915, -1.2443670009209877], "normalizedAxes": [0.7682104706764221, 0.6401973962783813, 1.421523779306669e-16, 0, -2.220446049250313e-16, 1, 0.6401973962783813, -0.7682104706764221, -1.705769904606185e-16]}, "segments": [4425, 8740, 85, 88, 3886, 4546, 4576, 4636, 4647, 6035, 6288, 6303, 6374, 6387, 6445, 6447, 6652, 6877, 6941, 8913, 8983, 8993, 9153, 9541, 9551, 9651, 9713, 9748, 9824, 10098, 10327, 10913, 10934, 21443, 21508, 21510, 21586, 21590, 21594, 21600, 21637, 21638, 21642, 21652, 21673, 21677, 2141, 4581, 4584, 4738, 6331, 2473, 855, 1260, 1593, 1676, 1678, 1694, 1696, 1703, 1795, 1799, 1842, 1853, 1858, 2331, 2445, 3032, 3051, 4303, 4622, 6273, 6276, 8279, 8302, 8307, 8845, 8909, 8973, 9449, 9469, 9597, 10040, 11005, 11442, 11761, 11800, 11933, 11956, 13569, 14454, 14539, 14540, 14595, 19740, 19786, 19811, 19838, 19864, 21480, 21653, 21655, 21669, 21670, 21760, 21764, 21765, 21794, 21963, 22047, 22058, 22061, 22069, 22070, 23293, 23297, 23305, 1428, 2264, 3820, 7644, 9502, 9575, 9612, 14395, 21534, 21536, 9035, 2579, 2754, 3747, 6021, 6027, 6396, 7371, 7400, 7598, 7601, 7612, 7962, 8339, 8369, 8732, 8861, 8867, 8877, 8878, 9673, 10266, 10306, 10423, 10498, 10553, 10577, 10667, 10881, 11127, 11332, 11578, 11614, 11659, 11758, 11777, 12163, 12287, 12355, 12389, 12399, 13146, 13853, 14020, 14040, 14218, 14297, 14364, 14485, 14620, 15843, 15964, 16037, 16065, 16666, 16747, 17489, 17540, 17542, 17640, 17667, 21460, 21465, 21469, 21472, 21658, 21751, 21768, 21798, 22170, 24049, 9688, 15200, 8260, 11248, 3065, 3837, 6668, 8726, 9207, 9245, 9291, 9329, 9333, 10282, 10324, 10332, 10335, 10557, 13918, 15508, 15480, 10349, 23465, 8468, 1783, 6173, 6174, 8838, 10030, 11021, 11718, 11739, 11744, 11747, 21632, 21921, 21925, 18418, 19134, 7320, 2094, 2080, 2547, 1994, 131, 132, 187, 935, 941, 948, 1993, 1999, 2518, 2525, 2822, 3962, 3994, 4521, 4529, 4541, 4561, 6403, 6943, 7325, 7328, 19492, 19547, 19553, 19555, 19557, 19572, 19598, 19640, 19659, 19992, 20006, 21475, 21477, 21496, 23266, 23270, 23273, 23276, 23282, 23283, 24092, 24096, 24103, 24105, 118, 99, 112, 125, 6362, 6428, 6471, 19957, 19965, 23314, 4998, 17940, 6864, 21722, 18136, 21545, 6903, 20205, 1814, 11032, 21846, 11073, 21876, 21814, 11098, 21859, 10963], "label": "floor"}, {"objectId": 2, "id": 2, "partId": 2, "index": 1, "dominantNormal": [0.5334234833717346, -0.8458483219146729, -1.8781605646604423e-16], "obb": {"axesLengths": [3.653505502356385, 3.0094099564237142, 0.25567289363692386], "centroid": [0.4593013345928816, -1.0209917922988159, 0.13292491589736377], "normalizedAxes": [0.8458483219146729, 0.5334234833717346, 1.1844380662301082e-16, 0, -2.220446049250313e-16, 1, 0.5334234833717346, -0.8458483219146729, -1.8781605646604423e-16]}, "segments": [13632, 18688, 18013, 15814, 1140, 1149, 23098, 21240, 22755, 827, 18600, 18039, 23101, 12704, 3236, 13808, 15730, 18338, 15375], "label": "wall"}, {"objectId": 3, "id": 3, "partId": 3, "index": 2, "dominantNormal": [0.4597289264202118, -0.8880593180656433, -1.9718878042987849e-16], "obb": {"axesLengths": [0.7948384665686153, 1.7783700128263968, 0.16326327630281345], "centroid": [-0.8357754842062965, -1.6744676638508298, -0.47918507424991374], "normalizedAxes": [0.8880593180656433, 0.4597288966178894, 1.0208032122213981e-16, 0, -2.220446049250313e-16, 1, 0.4597288966178894, -0.8880593180656433, -1.9718878042987849e-16]}, "segments": [17075, 14112, 11672, 13268, 14715, 17052, 17064, 18932, 22093, 24148], "label": "door"}, {"objectId": 4, "id": 4, "partId": 4, "index": 3, "dominantNormal": [0.5361953973770142, -0.844093918800354, -1.8742650071964606e-16], "obb": {"axesLengths": [1.8773329358442667, 1.5399999870359893, 0.17036375180304986], "centroid": [0.42013858052940134, -0.991403108686354, 0.13999995727174097], "normalizedAxes": [0.844093918800354, 0.5361953973770142, 1.1905929517319928e-16, 0, -2.220446049250313e-16, 1, 0.5361953973770142, -0.844093918800354, -1.8742650071964606e-16]}, "segments": [5718, 12560, 11420, 16351, 16358, 16408, 22831, 5909, 12667, 15542, 22816, 22862, 1592, 1600, 14891, 15258, 22717, 1575, 1552, 1577, 20178, 17727, 22891, 20811, 13288, 21371, 21391, 24154, 24163, 24187, 20850, 20782, 24175], "label": "picture"}, {"objectId": 5, "id": 5, "partId": 5, "index": 4, "dominantNormal": [0, -2.220446049250313e-16, 1], "obb": {"axesLengths": [0.7009136446333293, 0.42837994333252416, 0.5453411095295901], "centroid": [0.5341007637306511, -0.7483850630011283, -1.1641899936074012], "normalizedAxes": [0.7354636788368225, 0.6775641441345215, 1.504494626957168e-16, 0, -2.220446049250313e-16, 1, 0.6775641441345215, -0.7354636788368225, -1.6330574200403236e-16]}, "segments": [1889, 22504, 1949, 1351, 1392, 1401, 1430, 1465, 5638, 19021, 21754, 22482, 301], "label": "coffee table"}, {"objectId": 6, "id": 6, "partId": 6, "index": 5, "dominantNormal": [0, -2.220446049250313e-16, 1], "obb": {"axesLengths": [0.8687916259536193, 0.8021560132021599, 0.9448765307926006], "centroid": [-0.38967285315302225, -0.9913555558145017, -0.9632520713294572], "normalizedAxes": [0.9653222560882568, 0.26106125116348267, 5.796724237582988e-17, 0, -2.220446049250313e-16, 1, 0.26106125116348267, -0.9653222560882568, -2.1434459897845689e-16]}, "segments": [1017, 13956, 1195, 23367, 9601, 2176, 23368, 21513, 2250, 13988, 21569, 21611, 2162, 1939], "label": "armchair"}, {"objectId": 7, "id": 7, "partId": 7, "index": 6, "dominantNormal": [0.37224167585372925, 0.9281358122825623, 2.0608754975505456e-16], "obb": {"axesLengths": [0.7775717435957338, 0.8110109386367137, 0.8856983347990058], "centroid": [1.16535571614217, -0.0368407081045109, -0.9684945083365321], "normalizedAxes": [0.37224170565605164, 0.9281358122825623, 2.0608754975505456e-16, 0, -2.220446049250313e-16, 1, 0.9281358122825623, -0.37224170565605164, -8.265426246901778e-17]}, "segments": [6299, 14976, 12056, 14928, 11491, 13439, 14834, 14870, 21939, 22168, 22282, 11482, 15644, 6510, 13702, 13649, 13665, 13700, 22106, 13370, 13419, 22541, 22139, 9108, 14969], "label": "armchair"}, {"objectId": 8, "id": 8, "partId": 8, "index": 7, "dominantNormal": [0, -2.220446049250313e-16, 1], "obb": {"axesLengths": [5.250084895728047, 0.12000000208616303, 3.7589876919335645], "centroid": [1.3287095342733988, -1.6546895332231348, 1.6499999437861894], "normalizedAxes": [0.9957816004753113, 0.09175511449575424, 2.0373728148060764e-17, 0, -2.220446049250313e-16, 1, 0.09175511449575424, -0.9957816004753113, -2.2110793206915586e-16]}, "segments": [20106, 20148, 20922, 2039, 899, 4196, 20691, 20545, 5130, 20469, 20482, 174, 497, 1655], "label": "ceiling"}, {"objectId": 9, "id": 9, "partId": 9, "index": 8, "dominantNormal": [0.4598344564437866, -0.8880046606063843, -1.971766440359311e-16], "obb": {"axesLengths": [0.5188423825545645, 0.26871001119814775, 0.23056196372660215], "centroid": [-0.9175220626217175, -1.5547850831651853, -1.2607450158346807], "normalizedAxes": [0.8880046606063843, 0.459834486246109, 1.0210376682942202e-16, 0, -2.220446049250313e-16, 1, 0.459834486246109, -0.8880046606063843, -1.971766440359311e-16]}, "segments": [13823, 13160, 13352, 13973], "label": "item"}, {"objectId": 10, "id": 10, "partId": 10, "index": 9, "dominantNormal": [0, -2.220446049250313e-16, 1], "obb": {"axesLengths": [0.41058849570054995, 0.29149197880569133, 0.36397158396496165], "centroid": [1.2279826774908709, -0.06492163775128867, -0.7642970465272575], "normalizedAxes": [-0.005630462896078825, 0.9999841451644897, 2.2204108444434428e-16, 0, -2.220446049250313e-16, 1, 0.9999841451644897, 0.005630462896078825, 1.2502139093048703e-18]}, "segments": [15636, 13575, 22248, 13535, 16220], "label": "bag"}], "scan_id": "6bde608b-9162-246f-8d16-901b429b2563", "annId": "5215",