{"segGroups": [{"objectId": 1, "id": 1, "partId": 1, "index": 0, "dominantNormal": [0, -2.220446049250313e-16, 1], "obb": {"axesLengths": [5.425758315209421, 0.2093000365205097, 3.993146355527832], "centroid": [0.3630280674850279, 2.3488955650286147, -1.4746499943282472], "normalizedAxes": [0.9736117124557495, -0.22821100056171417, -5.067302145927192e-17, 0, -2.220446049250313e-16, 1, -0.22821100056171417, -0.9736117124557495, -2.1618522804262008e-16]}, "segments": [3635, 8239, 9401, 9440, 2168, 2186, 2397, 2402, 2487, 2489, 2702, 2853, 3888, 4435, 5249, 5305, 5307, 5309, 6826, 7098, 7103, 7227, 7463, 8381, 8445, 8490, 8493, 8591, 8614, 8663, 8673, 8687, 8821, 8955, 8956, 9039, 9161, 9176, 9475, 9478, 9512, 9518, 9533, 9542, 9544, 9808, 9819, 9822, 9846, 10104, 10135, 10160, 10187, 10210, 10287, 10306, 10312, 10491, 10616, 10692, 10734, 10802, 10811, 10828, 11072, 11154, 11322, 11595, 11627, 11630, 11728, 11740, 11744, 11765, 12065, 12321, 12369, 12440, 12443, 12486, 12489, 12511, 12512, 12527, 12538, 12541, 12562, 12601, 12611, 12620, 12728, 12730, 12792, 12946, 12948, 12991, 13011, 13177, 13254, 13328, 13334, 13397, 13402, 13494, 13625, 13660, 13662, 14290, 14298, 14370, 14372, 14375, 14377, 14382, 14406, 14410, 14413, 14419, 14423, 14430, 14436, 14438, 14467, 14468, 14497, 9130, 1599, 2185, 2214, 5017, 6250, 6268, 6274, 6287, 6309, 6388, 8569, 8640, 9014, 9057, 9112, 9776, 9805, 9843, 10013, 10014, 10063, 10066, 10140, 10232, 10244, 10253, 10276, 10293, 10299, 10338, 10364, 11435, 11468, 11501, 11522, 12282, 12720, 12795, 12854, 12865, 12872, 12874, 12882, 12904, 12905, 12914, 12970, 12998, 13096, 13109, 13178, 13185, 13186, 13188, 13191, 13243, 13244, 13259, 13345, 13427, 13904, 14302, 14334, 14390, 14397, 14441, 14443, 14484, 14485, 14490, 14493, 15205, 15380, 15383, 9688, 2240, 2282, 2288, 2290, 3351, 8108, 8186, 9051, 9264, 12240, 12254, 12264, 14336, 9312, 10599, 10679, 11214, 11244, 11274, 11635, 11749, 14452, 14455, 14461, 12027, 3373, 3300, 1909, 7222, 10, 314, 330, 341, 363, 368, 369, 379, 1149, 1732, 1734, 1772, 1812, 1815, 1817, 1821, 1863, 1877, 1880, 1907, 1917, 1951, 1969, 2296, 4265, 6369, 6374, 6377, 7043, 7683, 7909, 7987, 7996, 8012, 8020, 8050, 8150, 8175, 8212, 12084, 13597, 13606, 13611, 13615, 13618, 13619, 13636, 14309, 14354, 14768, 14806, 15065, 6373, 1219, 12135, 10891, 10971, 1287, 1289, 1300, 1312, 1332, 1336, 1341, 4217, 4221, 4246, 5942, 5948, 5984, 6718, 7367, 7389, 8100, 8160, 10726, 10735, 10737, 10765, 10871, 10933, 10946, 11582, 11645, 11776, 11796, 11810, 11811, 11814, 11822, 11846, 13502, 13506, 13514, 13517, 13525, 13528, 13530, 13536, 13540, 13547, 13564, 13566, 13568, 13664, 13666], "label": "floor"}, {"objectId": 2, "id": 2, "partId": 2, "index": 1, "dominantNormal": [0, -2.220446049250313e-16, 1], "obb": {"axesLengths": [3.1036978122460654, 0.9131439124090087, 1.8637339221240035], "centroid": [0.9965075074681784, 2.1525400857597945, -1.093427963388088], "normalizedAxes": [0.9790008664131165, 0.2038561850786209, 4.526516607730644e-17, 0, -2.220446049250313e-16, 1, 0.2038561850786209, -0.9790008664131165, -2.173818606039638e-16]}, "segments": [5781, 6740, 3137, 5079, 5852, 2896, 6011, 6406, 4907, 1013, 449, 5661, 4892, 6102, 1566, 1048, 4068, 6475, 3571, 6402, 2642, 12582, 821, 691, 12741, 912, 553, 5445, 2366, 2585, 5440, 1373, 13732, 1396, 4850, 13802, 3773, 840, 3681, 3763, 13712, 2514, 13848, 3460, 3463, 3598, 7783, 4357, 5122, 6684, 13657, 13721, 3811], "label": "couch"}], "scan_id": "56d957ed-0184-2301-8f4f-616c3b537e45", "annId": "4218", "appId": "stk.v1"}