{"segGroups": [{"objectId": 1, "id": 1, "partId": 1, "index": 0, "dominantNormal": [0, -2.220446049250313e-16, 1], "obb": {"axesLengths": [2.404935691948359, 0.26153003584898915, 1.2133729117560614], "centroid": [-0.629428838480417, 1.010983181045605, -1.5407650480248414], "normalizedAxes": [0.9992678165435791, -0.03825948014855385, -8.495311154222717e-18, 0, -2.220446049250313e-16, 1, -0.03825948014855385, -0.9992678165435791, -2.2188202753871769e-16]}, "segments": [3843, 4908, 4435, 3662, 61, 79, 1392, 1404, 1410, 1416, 2156, 2162, 2176, 2181, 6621, 6623, 6676, 1307], "label": "floor"}, {"objectId": 2, "id": 2, "partId": 2, "index": 1, "dominantNormal": [-0.01882244274020195, -0.9998228549957275, -2.2200527083254319e-16], "obb": {"axesLengths": [2.3779323633172176, 2.5528900052706134, 0.2068083782495014], "centroid": [-0.6402261750290499, 1.545749880314778, -0.2864451102216916], "normalizedAxes": [0.9998228549957275, -0.01882244274020195, -4.179421861972166e-18, 0, -2.220446049250313e-16, 1, -0.01882244274020195, -0.9998228549957275, -2.2200527083254319e-16]}, "segments": [6507, 7771, 2794, 4497, 6250, 6078, 347, 2441, 2631, 5140, 5144, 5881, 6006, 6013, 6016, 6094, 6111, 6173, 6212, 6378, 6769, 7527, 7545, 7864, 7900, 2655, 7896], "label": "wall"}, {"objectId": 3, "id": 3, "partId": 3, "index": 2, "dominantNormal": [-0.001988145522773266, -0.9999980330467224, -2.2204416817366788e-16], "obb": {"axesLengths": [1.2802592681092695, 1.0812340435109868, 0.34216793287893943], "centroid": [-0.790179832988878, 1.445378528589654, -1.0204330957584156], "normalizedAxes": [0.9999980330467224, -0.001988145522773266, -4.4145698713765965e-19, 0, -2.220446049250313e-16, 1, -0.001988145522773266, -0.9999980330467224, -2.2204416817366788e-16]}, "segments": [4658, 2027, 3076, 4791, 1877, 7107, 1785, 7007, 3452, 1927, 3541, 3898, 4799, 2778, 2712, 2859, 6895, 926, 1447, 1801, 1889, 3450, 3456, 3470, 4945, 6775, 6778, 6847, 6898, 6947, 7065, 7068, 4816, 6871, 422], "label": "shoe commode"}, {"objectId": 4, "id": 4, "partId": 4, "index": 3, "dominantNormal": [-0.25841549038887024, -0.9660338759422302, -2.1450261032778922e-16], "obb": {"axesLengths": [0.21577577430161382, 0.37999998673796664, 0.1180300710809139], "centroid": [-1.16798582770307, 1.5546213640857496, 0.01999990038573718], "normalizedAxes": [0.9660338759422302, -0.25841549038887024, -5.737976546990492e-17, 0, -2.220446049250313e-16, 1, -0.25841549038887024, -0.9660338759422302, -2.1450261032778922e-16]}, "segments": [7483, 7519, 6596, 7504, 2208], "label": "picture"}, {"objectId": 5, "id": 5, "partId": 5, "index": 4, "dominantNormal": [0.006017521023750305, -0.9999818801879883, -2.2204058151853185e-16], "obb": {"axesLengths": [0.24416781311073502, 0.28864299605839694, 0.1253770164074914], "centroid": [-0.7921918765891766, 1.567574682305513, 0.005678409583601773], "normalizedAxes": [0.9999818801879883, 0.006017521023750305, 1.3361580783467065e-18, 0, -2.220446049250313e-16, 1, 0.006017521023750305, -0.9999818801879883, -2.2204058151853185e-16]}, "segments": [2285, 2307, 2269, 2283], "label": "picture"}, {"objectId": 6, "id": 6, "partId": 6, "index": 5, "dominantNormal": [-0.034514326602220535, -0.9994041919708252, -2.2191230896658203e-16], "obb": {"axesLengths": [0.3201655453029736, 0.3199999856948854, 0.044590002220425085], "centroid": [-0.39025604508763134, 1.5628657275642697, 0.28999989017844197], "normalizedAxes": [0.9994041919708252, -0.034514326602220535, -7.663720014643557e-18, 0, -2.220446049250313e-16, 1, -0.034514326602220535, -0.9994041919708252, -2.2191230896658203e-16]}, "segments": [2490], "label": "picture"}, {"objectId": 7, "id": 7, "partId": 7, "index": 6, "dominantNormal": [0.99830162525177, 0.058256909251213074, 1.2935632398839008e-17], "obb": {"axesLengths": [0.44902502847014836, 2.2599999399483206, 0.15568816885927036], "centroid": [-1.804478329128439, 1.3949278188093333, -0.4800001033395527], "normalizedAxes": [-0.058256909251213074, 0.99830162525177, 2.2166748997504593e-16, 0, -2.220446049250313e-16, 1, 0.99830162525177, 0.058256909251213074, 1.2935632398839008e-17]}, "segments": [5342, 3599, 59, 6346, 6421, 7982, 6425, 7993], "label": "door"}, {"objectId": 8, "id": 8, "partId": 8, "index": 7, "dominantNormal": [0.9962488412857056, -0.08653498440980911, -1.9214626425469808e-17], "obb": {"axesLengths": [0.3238559025380767, 0.33999996617436495, 0.039596728547263566], "centroid": [-1.802566429168655, 1.4301730182247203, 0.7799998887628314], "normalizedAxes": [0.08653498440980911, 0.9962488412857056, 2.212116803703047e-16, 0, -2.220446049250313e-16, 1, 0.9962488412857056, -0.08653498440980911, -1.9214626425469808e-17]}, "segments": [2861], "label": "wall"}, {"objectId": 9, "id": 9, "partId": 9, "index": 8, "dominantNormal": [-0.0012855109525844455, -0.9999991655349731, -2.220444196365741e-16], "obb": {"axesLengths": [1.4202993272517637, 0.32992701985105094, 0.3162084593849876], "centroid": [-0.7599631783933625, 1.427314313667632, 0.7349633950375729], "normalizedAxes": [0.9999991655349731, -0.0012855109525844455, -2.8544077159341385e-19, 0, -2.220446049250313e-16, 1, -0.0012855109525844455, -0.9999991655349731, -2.220444196365741e-16]}, "segments": [2374, 5750, 2512, 2399, 5826, 7389, 7414, 3880, 3015, 5538, 4467, 887, 6219], "label": "shelf"}, {"objectId": 11, "id": 11, "partId": 11, "index": 10, "dominantNormal": [0.25503119826316833, -0.9669328331947327, -2.1470221893576561e-16], "obb": {"axesLengths": [0.4788306110809719, 1.54551994140029, 0.18854532908205737], "centroid": [-0.9873819522363494, 0.31626857063060543, -0.7427600670361524], "normalizedAxes": [0.9669328331947327, 0.25503119826316833, 5.662830166190254e-17, 0, -2.220446049250313e-16, 1, 0.25503119826316833, -0.9669328331947327, -2.1470221893576561e-16]}, "segments": [3778, 7130, 7369, 1066], "label": "wall"}, {"objectId": 15, "id": 15, "partId": 15, "index": 14, "dominantNormal": [0.01986515522003174, -0.9998026490211487, -2.220007842049007e-16], "obb": {"axesLengths": [0.25997709712161293, 0.15999999657273292, 0.0612480132958508], "centroid": [-0.2995379979373885, 1.5497531327069956, -0.0300000936537983], "normalizedAxes": [0.9998026490211487, 0.01986515522003174, 4.410950542606371e-18, 0, -2.220446049250313e-16, 1, 0.01986515522003174, -0.9998026490211487, -2.220007842049007e-16]}, "segments": [835], "label": "frame"}, {"objectId": 16, "id": 16, "partId": 16, "index": 15, "dominantNormal": [0.005180358421057463, -0.9999865889549255, -2.2204162707482612e-16], "obb": {"axesLengths": [0.859997112796497, 0.25999999769031995, 0.11696176517238185], "centroid": [-0.5597570609013609, 1.5282428044341205, -0.10000009518116726], "normalizedAxes": [0.9999865889549255, 0.005180358421057463, 1.1502706389737633e-18, 0, -2.220446049250313e-16, 1, 0.005180358421057463, -0.9999865889549255, -2.2204162707482612e-16]}, "segments": [6936, 583, 3283, 591, 7597], "label": "shelf"}], "scan_id": "0cac7627-8d6f-2d13-8eac-41764b5f2c5b", "annId": "4139", "appId": "stk.v1"}