{"segGroups": [{"objectId": 1, "id": 1, "partId": 1, "index": 0, "dominantNormal": [0, -2.220446049250313e-16, 1], "obb": {"axesLengths": [2.18405699285427, 0.31119000216148773, 1.2156759255613254], "centroid": [-0.16843790876830017, -0.16729044538020327, -1.394154912134892], "normalizedAxes": [0.997880220413208, 0.06507710367441177, 1.4450019775050066e-17, 0, -2.220446049250313e-16, 1, 0.06507710367441177, -0.997880220413208, -2.2157391930415393e-16]}, "segments": [281, 8787, 12659, 9418, 206, 622, 1898, 3754, 3785, 5798, 7389, 8132, 8134, 8142, 8164, 8247, 8265, 8273, 8292, 8342, 8745, 13605, 14723, 14829, 14948, 15061, 15373, 15477, 15501, 15511, 5726, 545], "label": "floor"}, {"objectId": 2, "id": 2, "partId": 2, "index": 1, "dominantNormal": [0.3498518764972687, -0.936805009841919, -2.0801249830213896e-16], "obb": {"axesLengths": [2.3138623462186905, 1.3226899805063752, 0.21448943581228358], "centroid": [0.10370076236405795, -0.6212709462999045, -0.7913449599982406], "normalizedAxes": [0.936805009841919, 0.3498518764972687, 7.768272169911687e-17, 0, -2.220446049250313e-16, 1, 0.3498518764972687, -0.936805009841919, -2.0801249830213896e-16]}, "segments": [9296, 3819, 14673, 13059, 3521, 3849, 3999, 4005, 6755, 6821, 7024, 7030, 7087, 7139, 7148, 7202, 7597, 13898, 13903, 13904, 14177, 14342, 15591], "label": "wall"}, {"objectId": 3, "id": 3, "partId": 3, "index": 2, "dominantNormal": [0.9320429563522339, 0.3623478412628174, 8.045738325864024e-17], "obb": {"axesLengths": [0.8122337605376345, 1.299999997764825, 0.0912278099682369], "centroid": [0.8112973932461602, 0.06676851528870906, -0.8199999742899067], "normalizedAxes": [-0.3623478412628174, 0.9320429563522339, 2.0695511001638997e-16, 0, -2.220446049250313e-16, 1, 0.9320429563522339, 0.3623478412628174, 8.045738325864024e-17]}, "segments": [3191, 210, 11706, 47], "label": "wall"}, {"objectId": 4, "id": 4, "partId": 4, "index": 3, "dominantNormal": [0.568337619304657, -0.8227954506874084, -1.826972907819987e-16], "obb": {"axesLengths": [0.5258752247249656, 0.47598003277227185, 0.4282577676061982], "centroid": [0.6215192299233712, -0.02468641246059433, -1.2479899616932846], "normalizedAxes": [0.8227954506874084, 0.568337619304657, 1.261963021425354e-16, 0, -2.220446049250313e-16, 1, 0.568337619304657, -0.8227954506874084, -1.826972907819987e-16]}, "segments": [13416, 13507, 13274, 5632, 9922, 129, 13345, 13390, 130, 326, 420, 443, 933, 936, 2066, 5611, 10585, 13294, 13341, 13343, 13503, 13561, 13572, 1996], "label": "toilet"}, {"objectId": 5, "id": 5, "partId": 5, "index": 4, "dominantNormal": [0.9488893151283264, 0.31560906767845154, 7.007929074341924e-17], "obb": {"axesLengths": [0.8377084547616162, 2.261693963519618, 0.13261298329390053], "centroid": [0.1217259175058602, 0.6542101495179555, -0.23864299247652765], "normalizedAxes": [-0.31560906767845154, 0.9488893151283264, 2.1069575309525277e-16, 0, -2.220446049250313e-16, 1, 0.9488893151283264, 0.31560906767845154, 7.007929074341924e-17]}, "segments": [17230, 12353, 4207, 2432, 12294, 12323, 12341, 13895, 17238, 17243, 17248, 17250, 17285], "label": "shower wall"}, {"objectId": 6, "id": 6, "partId": 6, "index": 5, "dominantNormal": [0.35961756110191345, -0.9330998063087463, -2.0718977784744882e-16], "obb": {"axesLengths": [0.7326635325737105, 2.3880499067593375, 0.24993078011270192], "centroid": [0.6115505759242739, 0.3227164430960996, -0.30402496499698417], "normalizedAxes": [0.9330998063087463, 0.35961753129959106, 7.985113266153278e-17, 0, -2.220446049250313e-16, 1, 0.35961753129959106, -0.9330998063087463, -2.0718977784744882e-16]}, "segments": [4498, 12633, 178, 536, 10725, 10996, 11003, 11040, 12142, 12575, 16606, 16616, 16642], "label": "wall"}, {"objectId": 8, "id": 8, "partId": 8, "index": 6, "dominantNormal": [0.9055861234664917, 0.42416244745254517, 9.418298306863474e-17], "obb": {"axesLengths": [1.0085682571296708, 2.2909799898196748, 0.5075621140624911], "centroid": [-1.1290026887418985, 0.060282296091469234, -0.21548998596355085], "normalizedAxes": [-0.42416244745254517, 0.9055861234664917, 2.0108051301070777e-16, 0, -2.220446049250313e-16, 1, 0.9055861234664917, 0.42416244745254517, 9.418298306863474e-17]}, "segments": [9664, 6594, 4731, 9524, 9731, 1784, 1955, 4309, 4354, 4790, 4827, 4842, 4987, 5037, 5114, 5415, 5418, 5552, 5947, 6339, 6359, 6445, 7085, 7207, 7220, 7638, 7857, 7858, 8857, 8880, 9151, 9590, 9598, 9736, 9763, 9811, 9833, 9837, 10022, 10024, 10088, 10096, 10100, 10263, 10280, 10313, 10322, 10395, 14090, 14140, 14425, 14429, 14590, 14965, 15516, 15587, 15700, 15723, 15752, 15784, 16294, 16299, 7659, 9098, 1783, 2686, 4724, 4728, 4744, 4898, 6550, 7019, 7161, 8942, 8982, 9382, 9813, 9842, 9880, 9905, 9912, 9915, 9959, 10120, 14033, 14060, 14593, 14614, 14616, 14620, 14624, 15551, 15589, 15740, 16303, 10037, 9874, 9925, 8964, 8913], "label": "shower wall"}, {"objectId": 9, "id": 9, "partId": 9, "index": 7, "dominantNormal": [0, -2.220446049250313e-16, 1], "obb": {"axesLengths": [0.8607852224671279, 0.30000000521540615, 0.6496351552996376], "centroid": [-0.7114769256440054, -0.5303347100493643, -0.679999939570202], "normalizedAxes": [-0.5192906260490417, 0.8545976877212524, 1.8975880593991078e-16, 0, -2.220446049250313e-16, 1, 0.8545976877212524, 0.5192906260490417, 1.1530568190233165e-16]}, "segments": [6760, 14082, 6515, 4280, 2870, 3085, 3287, 4562, 6690, 6768, 6794, 6838, 7004, 7819, 14094, 14423, 14465, 14468, 14726, 7748, 2340, 7006], "label": "counter"}, {"objectId": 10, "id": 10, "partId": 10, "index": 8, "dominantNormal": [0, -2.220446049250313e-16, 1], "obb": {"axesLengths": [0.7134509216246958, 0.24565100120788066, 0.5744775208572364], "centroid": [-0.6679614886501059, -0.39876128981692466, -0.7071744415739647], "normalizedAxes": [-0.06317036598920822, 0.9980027675628662, 2.2160113023758448e-16, 0, -2.220446049250313e-16, 1, 0.9980027675628662, 0.06317036598920822, 1.4026638959043374e-17]}, "segments": [7453, 14765, 4643], "label": "sink"}, {"objectId": 11, "id": 11, "partId": 11, "index": 9, "dominantNormal": [0.923888623714447, 0.3826614022254944, 8.49678998772184e-17], "obb": {"axesLengths": [0.9039114833137267, 0.7827200118589396, 0.5097243747883141], "centroid": [-0.5719753714453848, -0.44838077949363775, -1.0613599850622537], "normalizedAxes": [-0.3826614320278168, 0.923888623714447, 2.051444844474053e-16, 0, -2.220446049250313e-16, 1, 0.923888623714447, 0.3826614320278168, 8.49679064946633e-17]}, "segments": [5189, 14304, 7165, 14144, 7015, 5136, 4651, 4657, 4660, 4665, 4787, 4975, 4985, 5005, 5254, 5422, 5438, 5471, 6018, 6035, 6061, 6079, 6101, 6142, 6154, 6161, 6206, 6737, 6889, 6930, 6994, 7102, 7143, 7208, 7219, 7357, 7495, 7498, 7509, 7540, 7728, 7804, 7880, 7917, 8388, 8389, 8391, 8515, 8537, 13951, 13954, 14026, 14046, 14048, 14206, 14266, 14268, 14274, 14288, 14414, 14441, 14457, 14461, 14747, 14753, 15246, 15248, 15326, 15332, 15336, 15398, 15466, 15614, 9181, 6870, 6948, 7587, 14334, 8498, 6214, 7141, 7081, 15435, 15498, 6681, 8416, 4860], "label": "cabinet"}, {"objectId": 12, "id": 12, "partId": 12, "index": 10, "dominantNormal": [0, -2.220446049250313e-16, 1], "obb": {"axesLengths": [2.129210627148257, 0.10000002160668348, 1.1069115963173526], "centroid": [-0.2742057619431776, 0.49200899489362526, 0.9200000187065469], "normalizedAxes": [0.9938438534736633, -0.11078976094722748, -2.4600268699265788e-17, 0, -2.220446049250313e-16, 1, -0.11078976094722748, -0.9938438534736633, -2.2067766580173028e-16]}, "segments": [8027, 15022, 702, 701], "label": "ceiling"}, {"objectId": 16, "id": 16, "partId": 16, "index": 12, "dominantNormal": [0.9160510897636414, 0.4010615348815918, 8.905355006340971e-17], "obb": {"axesLengths": [0.40710002063700873, 0.39702997214280095, 0.12807121926725884], "centroid": [-0.015007729459387747, 0.8264389936594877, -0.44472596522474106],