{"segGroups": [{"objectId": 1, "id": 1, "partId": 1, "index": 0, "dominantNormal": [0, -2.220446049250313e-16, 1], "obb": {"axesLengths": [2.433041478592053, 0.11517989378020371, 1.591069853945542], "centroid": [-0.1498404510629639, 0.2626234802909112, -1.5075900400636328], "normalizedAxes": [0.4095934331417084, 0.9122681617736816, 2.025642235667217e-16, 0, -2.220446049250313e-16, 1, 0.9122681617736816, -0.4095934331417084, -9.094801204183786e-17]}, "segments": [1783, 4207, 3889, 4238, 13865, 17056, 17590, 5742], "label": "floor"}, {"objectId": 2, "id": 2, "partId": 2, "index": 1, "dominantNormal": [-0.5319462418556213, -0.846778154373169, -1.8802252074693747e-16], "obb": {"axesLengths": [1.3023022253300887, 2.5709798953463148, 0.32281385614600433], "centroid": [0.45818248526851346, 1.287518722886761, -0.24451006741829007], "normalizedAxes": [0.846778154373169, -0.5319462418556213, -1.181157931141866e-16, 0, -2.220446049250313e-16, 1, -0.5319462418556213, -0.846778154373169, -1.8802252074693747e-16]}, "segments": [9425, 9548, 17372, 2259, 14926, 8806, 21560, 18309, 8642, 15108, 21279, 18144, 18213, 18269, 14898, 14949, 19609, 21215, 702, 817, 17244, 17203, 21241, 8691, 15048, 18885, 14936, 14967, 15083, 19632, 18261, 18570, 18566, 21809, 14839, 14945, 14908, 8913, 18876, 17093, 652, 14912], "label": "wall"}, {"objectId": 3, "id": 3, "partId": 3, "index": 2, "dominantNormal": [0, -2.220446049250313e-16, 1], "obb": {"axesLengths": [0.6519147111496575, 0.2569550218368688, 0.5443318197081091], "centroid": [0.32693442590659694, 1.0380976463325517, -0.7784775504477864], "normalizedAxes": [0.824805498123169, -0.5654165744781494, -1.2554769989806523e-16, 0, -2.220446049250313e-16, 1, -0.5654165744781494, -0.824805498123169, -1.831436109707527e-16]}, "segments": [17586, 17873, 14265, 14323, 14358, 14403, 14425, 17555, 17610, 17614, 17896, 18383, 18384, 19404, 19406, 20485, 21042, 21046, 21050, 21052, 21055, 21058, 18408, 19420, 2619, 2755, 14314, 19392, 19395, 19397, 19401, 19408, 19412, 19414, 19417, 21106, 21112, 2587, 2428, 18424, 18493, 21086, 21201, 2670, 2777, 14389, 2764, 2679], "label": "sink"}, {"objectId": 4, "id": 4, "partId": 4, "index": 3, "dominantNormal": [0, -2.220446049250313e-16, 1], "obb": {"axesLengths": [0.6981502991227913, 0.06000000104308123, 0.09433753305915112], "centroid": [0.4422899658840507, 1.2651523701739893, 0.5799999222491699], "normalizedAxes": [0.8634915947914124, -0.5043632388114929, -1.1199113610060716e-16, 0, -2.220446049250313e-16, 1, -0.5043632388114929, -0.8634915947914124, -1.9173365002154438e-16]}, "segments": [8001], "label": "light"}, {"objectId": 5, "id": 5, "partId": 5, "index": 4, "dominantNormal": [0.8376361131668091, -0.5462286472320557, -1.212871241733761e-16], "obb": {"axesLengths": [2.3530917694947386, 2.5840199608202274, 0.2614079983398881], "centroid": [0.3228741826497304, -0.03122931719590505, -0.23799003468133395], "normalizedAxes": [0.5462286472320557, 0.8376361131668091, 1.8599257981906294e-16, 0, -2.220446049250313e-16, 1, 0.8376361131668091, -0.5462286472320557, -1.212871241733761e-16]}, "segments": [12733, 20313, 490, 516, 518, 4018, 4046, 5553, 5565, 5846, 10161, 10164, 10216, 10233, 10242, 10268, 10296, 10314, 10389, 10409, 10918, 11415, 11417, 11425, 11493, 12393, 15841, 16083, 16099, 16134, 16196, 16208, 16311, 16400, 16427, 16447, 16475, 16484, 18679, 19047, 19055, 19058, 19742, 19743, 19861, 19863, 19868, 19872, 20278, 20330, 20332, 20335, 20339, 10114, 20024, 12243, 4895, 1233, 13956, 10392, 16129, 15915, 20404, 10925, 10078, 16250, 10360], "label": "wall"}, {"objectId": 6, "id": 6, "partId": 6, "index": 5, "dominantNormal": [0, -2.220446049250313e-16, 1], "obb": {"axesLengths": [2.345024822718448, 0.0802699309527144, 1.2748947843743326], "centroid": [-0.18326802807167147, 0.29249317947905995, 1.0301348749850345], "normalizedAxes": [0.5198307037353516, 0.8542693257331848, 1.896858949319979e-16, 0, -2.220446049250313e-16, 1, 0.8542693257331848, -0.5198307037353516, -1.1542560323881713e-16]}, "segments": [6150, 7438, 3065, 6563, 7422, 10796, 4142, 9157], "label": "ceiling"}, {"objectId": 7, "id": 7, "partId": 7, "index": 6, "dominantNormal": [-0.5089218020439148, -0.8608127236366272, -1.9113882113433505e-16], "obb": {"axesLengths": [1.1852186827935334, 2.552979889072926, 0.1233639342707664], "centroid": [-0.8311954912039479, -0.679435102053964, -0.2409500608793631], "normalizedAxes": [0.8608127236366272, -0.5089218020439148, -1.1300334047257605e-16, 0, -2.220446049250313e-16, 1, -0.5089218020439148, -0.8608127236366272, -1.9113882113433505e-16]}, "segments": [7602, 17618, 20716, 6567, 18087, 20991, 18847, 9342, 8850], "label": "wall"}, {"objectId": 8, "id": 8, "partId": 8, "index": 7, "dominantNormal": [-0.5615248680114746, -0.8274598717689514, -1.8373300031825388e-16], "obb": {"axesLengths": [0.6764856915616723, 2.540780010652987, 0.16500381582058557], "centroid": [-0.5438259992428185, -0.7913117071652187, -0.2401500473550695], "normalizedAxes": [0.8274598717689514, -0.5615248084068298, -1.2468355423829843e-16, 0, -2.220446049250313e-16, 1, -0.5615248084068298, -0.8274598717689514, -1.8373300031825388e-16]}, "segments": [8271, 15621, 15639, 18896, 18742, 10441, 8625, 8562, 18926, 8436, 8525, 8912, 10051, 10289, 18744, 18768, 18792, 18938, 4174], "label": "heater"}, {"objectId": 9, "id": 9, "partId": 9, "index": 8, "dominantNormal": [0.8457452058792114, -0.5335869193077087, -1.1848009669084475e-16], "obb": {"axesLengths": [2.3383519663928576, 2.581929864393251, 0.10175717436147573], "centroid": [-0.699141496374968, 0.6216189855474895, -0.24209506607990527], "normalizedAxes": [0.5335869193077087, 0.8457452058792114, 1.8779316010668877e-16, 0, -2.220446049250313e-16, 1, 0.8457452058792114, -0.5335869193077087, -1.1848009669084475e-16]}, "segments": [6801, 523, 3125, 6395, 12370, 12831, 12890, 20594, 2942, 17458, 8091, 15425], "label": "wall"}, {"objectId": 10, "id": 10, "partId": 10, "index": 9, "dominantNormal": [0.8319473266601562, -0.5548546314239502, -1.2320247742535488e-16], "obb": {"axesLengths": [0.8585080121944824, 2.1632599347101156, 0.09784740918582867], "centroid": [0.28404555824318456, -0.516993442021886, -0.42969007169060225], "normalizedAxes": [0.5548546314239502, 0.8319473266601562, 1.8472941546669036e-16, 0, -2.220446049250313e-16, 1, 0.8319473266601562, -0.5548546314239502, -1.2320247742535488e-16]}, "segments": [16451, 10752, 18995, 19129, 12025], "label": "door"}, {"objectId": 11, "id": 11, "partId": 11, "index": 10, "dominantNormal": [0.9933027625083923, -0.11554045230150223, -2.5655134084146487e-17], "obb": {"axesLengths": [0.34252095201089033, 0.37999998673796664, 0.26056956989275587], "centroid": [0.7295593939296989, 0.882182326911013, -1.3400000217224646], "normalizedAxes": [0.11554045230150223, 0.9933027625083923, 2.2055751947211818e-16, 0, -2.220446049250313e-16, 1, 0.9933027625083923, -0.11554045230150223, -2.5655134084146487e-17]}, "segments": [5908, 5848, 5934, 5676, 5858, 5930, 18702], "label": "trash can"}, {"objectId": 12, "id": 12, "partId": 12, "index": 11, "dominantNormal": [0.8540626168251038, -0.5201702117919922, -1.1550098917112277e-16], "obb": {"axesLengths": [0.3744295001631637, 0.35999999694526214, 0.17451960312869397], "centroid": [0.7642946352022156, 0.7735991919155689, -0.19000007592543744], "normalizedAxes": [0.5201702117919922, 0.8540626168251038, 1.8963999633416856e-16, 0, -2.220446049250313e-16, 1, 0.8540626168251038, -0.5201702117919922, -1.1550098917112277e-16]}, "segments": [19497, 15524, 543, 321, 15139, 15014, 15421, 14495, 15309], "label": "paper towel dispenser"}, {"objectId": 13, "id": 13, "partId": 13, "index": 12, "dominantNormal": [0.8500664234161377, -0.5266754627227783, -1.1694544504398737e-16], "obb": {"axesLengths": [0.9498321918639897, 2.2086699111311887, 0.28839710492028453], "centroid": [0.18495686743392564, -0.46505798119035324, -0.4143350512723236],