{"segGroups": [{"objectId": 1, "id": 1, "partId": 1, "index": 0, "dominantNormal": [0, -2.220446049250313e-16, 1], "obb": {"axesLengths": [2.367467398676164, 0.2030199720780554, 1.9980922002832067], "centroid": [0.09888975035017272, 1.2750672239425573, -1.5115099061015997], "normalizedAxes": [0.49328354001045227, 0.8698685765266418, 1.9314962441155755e-16, 0, -2.220446049250313e-16, 1, 0.8698685765266418, -0.49328354001045227, -1.0953094875764175e-16]}, "segments": [10688, 10746, 26329, 17149, 31094, 31102, 5336, 10638, 10812, 11847, 11876, 31133, 40848, 40854, 18915, 1128, 34588, 29501, 11432, 27571], "label": "floor"}, {"objectId": 2, "id": 2, "partId": 2, "index": 1, "dominantNormal": [0.8982682228088379, -0.4394476115703583, -9.757697129638882e-17], "obb": {"axesLengths": [1.73566599428911, 2.40643895254048, 0.41545442429088], "centroid": [-0.41946580422440904, 1.8846308954197257, -0.36824048218323635], "normalizedAxes": [0.4394476115703583, 0.8982682228088379, 1.994556126502984e-16, 0, -2.220446049250313e-16, 1, 0.8982682228088379, -0.4394476115703583, -9.757697129638882e-17]}, "segments": [31320, 23183, 30114, 5261, 15251, 16315, 16374, 19443, 19455, 20771, 20797, 24362, 24700, 25383, 25384, 25398, 25411, 26829, 30296, 30390, 34136, 34139, 35015, 36055, 36177, 36384, 36394, 36805, 36847, 40199, 34992, 20947, 32611, 11473, 9783, 35687, 2395, 2475, 34155, 2480, 2487, 16336, 19515, 19453, 6620, 5329, 22316, 11414], "label": "wall"}, {"objectId": 3, "id": 3, "partId": 3, "index": 2, "dominantNormal": [-0.25917693972587585, -0.9658298492431641, -2.1445730730000091e-16], "obb": {"axesLengths": [0.8052534507014415, 0.8271470481049926, 0.4680356880503863], "centroid": [0.06749052593114441, 2.0099683081272204, -1.175026464878771], "normalizedAxes": [0.9658298492431641, -0.25917693972587585, -5.754884118711076e-17, 0, -2.220446049250313e-16, 1, -0.25917693972587585, -0.9658298492431641, -2.1445730730000091e-16]}, "segments": [36954, 26417, 18330, 18368, 35458, 19903, 19901, 14878, 35103, 12517, 29469, 12491, 12693, 14875, 14888, 18309, 18418, 18429, 19923, 19943, 20513, 23086, 26400, 27629, 27703, 29450, 30995, 34046, 34081, 34664, 35130, 36991, 36997, 38720, 39095, 39110, 39153, 40070, 15049, 14997, 38709], "label": "toilet"}, {"objectId": 4, "id": 4, "partId": 4, "index": 3, "dominantNormal": [0, -2.220446049250313e-16, 1], "obb": {"axesLengths": [0.7524066448665901, 0.28046798079159885, 0.6401523421538683], "centroid": [-0.28348555086164634, 1.2811496394972928, -0.7071419645812659], "normalizedAxes": [0.46907171607017517, 0.8831600546836853, 1.9610092542780795e-16, 0, -2.220446049250313e-16, 1, 0.8831600546836853, -0.46907171607017517, -1.041548438763085e-16]}, "segments": [11444, 39910, 11457, 39873, 11668, 22030, 21760, 11854, 11424, 11667, 11708, 11771, 11787, 11817, 11825, 11877, 28529, 33523, 33996, 34004, 27953], "label": "sink"}, {"objectId": 5, "id": 5, "partId": 5, "index": 4, "dominantNormal": [-0.414463609457016, -0.9100658893585205, -2.0207522085835994e-16], "obb": {"axesLengths": [1.916798045560099, 2.442376976258076, 0.1851857205969605], "centroid": [-0.1278076967301734, 0.8781934474175241, -0.368811494667421], "normalizedAxes": [0.9100658893585205, -0.414463609457016, -9.202940841768559e-17, 0, -2.220446049250313e-16, 1, -0.414463609457016, -0.9100658893585205, -2.0207522085835994e-16]}, "segments": [20262, 25564, 16276, 36887, 149, 25878, 9781, 35632, 9788], "label": "wall"}, {"objectId": 6, "id": 6, "partId": 6, "index": 5, "dominantNormal": [0.9744116067886353, -0.22477112710475922, -4.9909216116530256e-17], "obb": {"axesLengths": [0.8344572031913344, 2.2253399589954315, 0.12733553828338126], "centroid": [0.7166217349234201, 0.9223681832857782, -0.4826699833048127], "normalizedAxes": [0.22477111220359802, 0.9744116067886353, 2.1636284026374747e-16, 0, -2.220446049250313e-16, 1, 0.9744116067886353, -0.22477111220359802, -4.9909212807807806e-17]}, "segments": [24549, 40718, 11880, 23530, 23337, 22567, 23444, 22667, 38931, 40486, 28791, 26228, 40537, 11915, 24046, 22824, 22917, 30948, 21544, 21280, 25664], "label": "door"}, {"objectId": 7, "id": 7, "partId": 7, "index": 6, "dominantNormal": [0.9396516680717468, -0.34213268756866455, -7.596871744312329e-17], "obb": {"axesLengths": [1.5546301178692694, 2.411731010413221, 0.15942959686067681], "centroid": [1.0169007301712274, 1.140896106133562, -0.3641344971103695], "normalizedAxes": [0.34213268756866455, 0.9396516680717468, 2.0864458340413768e-16, 0, -2.220446049250313e-16, 1, 0.9396516680717468, -0.34213268756866455, -7.596871744312329e-17]}, "segments": [15148, 12800, 229, 241, 245, 272, 4805, 5421, 5533, 7077, 7081, 7089, 11792, 12618, 22783, 22784, 22789, 22897, 22948, 29452, 29462, 31158, 31780, 31784, 32191, 35761, 35769, 35777, 35779, 38953, 40858, 40864, 40868], "label": "wall"}, {"objectId": 8, "id": 8, "partId": 8, "index": 7, "dominantNormal": [0.9461630582809448, -0.32369038462638855, -7.187370357239787e-17], "obb": {"axesLengths": [0.6865909925224376, 0.49259801598046643, 0.13688110516372745], "centroid": [1.0684340342103644, 1.5476340127129506, -0.6918169700021218], "normalizedAxes": [0.32369038462638855, 0.9461630582809448, 2.1009040247065177e-16, 0, -2.220446049250313e-16, 1, 0.9461630582809448, -0.32369038462638855, -7.187370357239787e-17]}, "segments": [29550, 39288, 27048, 12714, 37040, 25932, 25982, 26010, 26018, 29593, 29610, 29623, 36853, 37044, 29544], "label": "towel"}, {"objectId": 9, "id": 9, "partId": 9, "index": 8, "dominantNormal": [-0.46063268184661865, -0.8875908851623535, -1.9708476743093362e-16], "obb": {"axesLengths": [1.8332834816203596, 2.4680029794275082, 0.6310684349954614], "centroid": [-0.13425652353086404, 0.6318895904516435, -0.28489849810514145], "normalizedAxes": [0.8875908851623535, -0.46063268184661865, -1.0228100185619008e-16, 0, -2.220446049250313e-16, 1, -0.46063268184661865, -0.8875908851623535, -1.9708476743093362e-16]}, "segments": [12185, 18285, 26211, 16719, 7646, 1798, 1808, 6586, 9710, 9822, 16236, 16726, 21212, 21285, 21428, 22048, 22134, 22267, 22342, 24087, 24107, 24162, 24289, 26245, 26247, 27122, 28696, 31928, 33496, 35661, 36041, 36046, 36858, 26950, 6524, 11674, 11678, 11790, 22095, 22172, 22179, 22210, 22265, 22305], "label": "wall"}, {"objectId": 10, "id": 10, "partId": 10, "index": 9, "dominantNormal": [0, -2.220446049250313e-16, 1], "obb": {"axesLengths": [2.9722391200506078, 0.16789501530166673, 1.7386617815593872], "centroid": [0.3672498440905049, 1.618425577423572, 0.8860525143210771], "normalizedAxes": [0.2689622640609741, 0.9631507396697998, 2.1386242547323238e-16, 0, -2.220446049250313e-16, 1, 0.9631507396697998, -0.2689622640609741, -5.972161966316095e-17]}, "segments": [17817, 12570, 12301, 12387, 12428, 14424, 17750, 18062, 18088, 19273, 20117, 20178, 20183, 20196, 20992, 21074, 21086, 21113, 21120, 21717, 21741, 24824, 24881, 24889, 25763, 25865, 26565, 27375, 28389, 28484, 30167, 34954, 35162, 35163, 35164, 35168, 35250, 35367, 35381, 35384, 36279, 38213, 38355, 40064, 40067, 18146], "label": "ceiling"}, {"objectId": 11, "id": 11, "partId": 11, "index": 10, "dominantNormal": [-0.3674437403678894, -0.9300457239151001, -2.0651163532894314e-16], "obb": {"axesLengths": [1.8478871033469162, 2.5387729434943274, 0.9546852705500521], "centroid": [0.7020507667057809, 2.543894800377638, -0.39522350426993813], "normalizedAxes": [0.9300457239151001, -0.3674437403678894, -8.158890016216378e-17, 0, -2.220446049250313e-16, 1, -0.3674437403678894, -0.9300457239151001, -2.0651163532894314e-16]},