{"segGroups": [{"objectId": 1, "id": 1, "partId": 1, "index": 0, "dominantNormal": [0, -2.220446049250313e-16, 1], "obb": {"axesLengths": [5.342064076695051, 0.26008998766340274, 4.797060745977123], "centroid": [-0.502919296331622, 1.8125932193754073, -1.3400450738509366], "normalizedAxes": [0.9872124791145325, 0.159409761428833, 3.539607749765872e-17, 0, -2.220446049250313e-16, 1, 0.159409761428833, -0.9872124791145325, -2.1920520490204708e-16]}, "segments": [577, 1145, 1479, 2838, 2860, 2887, 2935, 2964, 2986, 3289, 3523, 3771, 3790, 3858, 3863, 3906, 3912, 3917, 6191, 6493, 6771, 6827, 6839, 6847, 7035, 7051, 7078, 11475, 15482, 16043, 20882, 21466, 18924, 508, 1310, 1430, 1716, 1746, 1752, 2876, 2884, 3531, 3553, 3601, 3627, 3861, 3903, 3940, 3956, 3960, 5172, 5175, 5673, 6150, 6166, 6173, 6177, 7204, 7767, 8278, 8556, 8565, 8939, 8945, 8956, 8982, 9656, 9665, 9667, 9675, 10078, 10512, 10654, 10732, 10773, 10778, 11003, 11120, 11353, 11450, 11846, 11910, 11911, 11939, 11942, 12243, 12280, 12301, 14941, 14991, 15054, 15077, 15094, 15100, 15106, 15117, 15119, 15120, 15123, 15127, 15128, 18570, 20902, 21322, 21337, 21447, 21454, 21459, 21477, 23546, 23571, 23573, 23574, 24103, 24212, 24215, 24219, 24388, 24497, 24498, 24698, 24722, 24814, 25159, 25813, 25823, 25852, 25859, 25992, 26554, 26625, 26963, 12277, 18366, 5631, 63, 77, 216, 217, 221, 222, 665, 667, 3271, 3291, 3797, 4693, 4716, 4764, 4788, 5123, 5365, 5399, 5494, 5495, 5688, 5719, 5748, 5776, 5786, 5835, 5886, 5897, 5934, 5937, 5969, 5977, 5984, 6004, 6012, 6356, 6380, 7183, 7188, 7202, 7436, 7613, 7622, 7661, 7667, 7795, 7837, 7876, 7936, 7947, 7949, 8347, 8923, 9731, 9757, 10454, 10455, 10678, 11023, 11131, 11453, 11670, 11675, 11733, 11806, 11823, 11951, 12473, 12702, 14100, 16179, 16321, 16352, 16399, 16444, 16506, 16513, 16708, 17002, 17011, 17287, 17315, 18213, 18237, 19650, 19888, 20541, 20942, 20945, 20947, 21445, 21671, 21676, 21677, 21681, 21696, 21699, 21701, 21707, 21710, 21714, 21720, 21723, 21726, 21947, 21949, 23548, 24421, 26099, 26766, 27121, 16974, 1, 189, 631, 641, 647, 952, 1761, 2266, 3094, 3891, 7548, 7818, 7848, 11125, 20948, 21024, 21025, 21242, 21251, 26435, 6779, 7179, 8408, 4887, 6025], "label": "floor"}, {"objectId": 2, "id": 2, "partId": 2, "index": 1, "dominantNormal": [0.9357031583786011, -0.3527882695198059, -7.833473192771077e-17], "obb": {"axesLengths": [3.228900841832484, 1.4580175662483812, 1.3532775195308309], "centroid": [-0.652384276621956, 1.846810665106789, -0.6894412519907687], "normalizedAxes": [0.3527882695198059, 0.9357031583786011, 2.0776783812928047e-16, 0, -2.220446049250313e-16, 1, 0.9357031583786011, -0.3527882695198059, -7.833473192771077e-17]}, "segments": [7154, 5012, 5027, 5095, 5096, 7210, 7218, 9802, 9807, 9808, 9843, 9845, 9853, 15615, 16037, 22023, 24585, 24696, 24716, 24302, 24511, 17627, 4474, 5214, 5259, 5353, 5388, 5396, 5457, 5514, 5520, 5529, 5597, 5601, 5655, 8898, 9828, 12593, 12639, 12666, 12677, 13427, 13435, 13445, 13543, 15556, 15581, 15583, 15595, 15641, 15726, 15729, 15740, 15753, 15760, 15774, 16094, 16617, 16629, 17199, 21306, 21334, 21339, 21431, 21504, 21684, 22347, 22666, 22667, 22674, 22677, 22808, 23792, 23794, 23844, 23848, 23850, 24071, 24101, 27130, 12190, 26216, 3343, 13629, 17573, 24406, 24448, 17516, 4255, 9327, 9329, 9577, 10806, 12144, 12541, 12896, 12915, 13838, 13919, 13928, 13940, 13952, 14396, 14480, 15243, 17178, 17907, 17909, 17961, 22173, 22566, 22805, 23212, 24871, 10811, 13814, 13855, 13916, 21516, 22572, 23179, 23182, 23190, 12804, 22192, 11161, 346, 1858, 2212, 2323, 2525, 2637, 2788, 2803, 2825, 4520, 4533, 4855, 5043, 6219, 6288, 6428, 6464, 6467, 6479, 6614, 6707, 6708, 6721, 6724, 6732, 6821, 6892, 6938, 6959, 7646, 7649, 7965, 7975, 8001, 8043, 8255, 8267, 8284, 8326, 8574, 8606, 8613, 8625, 8637, 8643, 9048, 9186, 9351, 9364, 9379, 9406, 9426, 9505, 9786, 9836, 9879, 9905, 10402, 10405, 10409, 10417, 10473, 10500, 10521, 10820, 11202, 11207, 11209, 11214, 11217, 11222, 11226, 11239, 11254, 11261, 11267, 11274, 11280, 11293, 12372, 12734, 12738, 13648, 13706, 13864, 13978, 14031, 14064, 14072, 14109, 14440, 14509, 14512, 14516, 14588, 14640, 15277, 15327, 15822, 15835, 15878, 15939, 15982, 16239, 16257, 17275, 17331, 17336, 17338, 17345, 17454, 18013, 18046, 20231, 20308, 20329, 20677, 21289, 21317, 21321, 21495, 21737, 21788, 21801, 21892, 21898, 21899, 21901, 21903, 22088, 22261, 22277, 22342, 22461, 22528, 22540, 22548, 22554, 22570, 22575, 22585, 22592, 22596, 22599, 22604, 22606, 22625, 22642, 22653, 22810, 22830, 23185, 23188, 23397, 23411, 23414, 23416, 23456, 23469, 23800, 23834, 23839, 24037, 24085, 24106, 24111, 24115, 24162, 24728, 24731, 24733, 24873, 24882, 24973, 25403, 27179, 27286, 693, 1806, 2026, 16699, 1988, 2016, 24394, 24068, 2798, 23860, 1815, 3038, 4440, 4835, 2103, 8840, 11742, 4043, 2051, 2099, 6686, 8855, 11723, 17145, 17149, 17176, 18110, 21253, 22374, 24515, 12124, 4397, 6566, 13100, 13162, 21463, 21467, 22661, 25481, 25525, 15148, 11859, 2526, 2204, 19808, 12152, 728, 16818, 8858, 3311, 16574, 16586, 21407, 3189, 23272, 7527, 11148, 16273, 23973, 25511, 17460, 24783, 17580, 13722], "label": "bar"}, {"objectId": 3, "id": 3, "partId": 3, "index": 2, "dominantNormal": [-0.41786664724349976, 0.9085083603858948, 2.0172937995297397e-16], "obb": {"axesLengths": [0.5900293828403281, 1.0433949296907719, 0.5920503554828496], "centroid": [-1.7755626030937177, 1.1353699025955633, -0.8904025299757169], "normalizedAxes": [-0.41786667704582214, 0.9085083603858948, 2.0172937995297397e-16, 0, -2.220446049250313e-16, 1, 0.9085083603858948, 0.41786667704582214, 9.278504121597523e-17]}, "segments": [828, 21055, 808, 21059, 21085, 21089, 21092, 21094, 21097, 21100, 4549, 436, 4601, 4612, 4613, 4629, 5178, 20973, 21063, 21119, 21122, 21524, 21527, 21531, 21535, 21538, 5129, 4659, 20926, 21015, 21018, 21105, 4778, 21640, 4796, 4823, 4826, 6147, 6670, 6672, 6689, 20929, 21462, 21503, 21575, 21626, 21778, 22109, 22133, 22147, 4522, 21769, 21757, 6143, 4565, 22077, 779, 318, 275, 277, 286, 289, 291, 309, 314, 397, 786, 8442, 21034, 265, 21005, 6653, 11135, 24397, 229, 783, 21011], "label": "stool"}, {"objectId": 4, "id": 4, "partId": 4, "index": 3, "dominantNormal": [0.8419062495231628, 0.5396238565444946, 1.1982056603454408e-16], "obb": {"axesLengths": [0.5850221950334722, 0.9522379721945974, 0.6089348301908181], "centroid": [-1.4032361611257715, 2.1742306122728805, -0.9203010535917956], "normalizedAxes": [0.8419062495231628, 0.5396238565444946, 1.1982056603454408e-16, 0, -2.220446049250313e-16, 1, 0.5396238565444946, -0.8419062495231628, -1.8694074055928552e-16]}, "segments": [18126, 14234, 438, 924, 873, 882, 908, 933, 961, 968, 970, 973, 991, 3070, 21125, 21135, 21178, 21193, 21204, 21207, 21209, 21212, 21216, 21219, 21223, 21225, 21228, 21231, 21238, 21366, 23418, 23421, 23424, 24436, 21838, 243, 23538, 23541, 244, 224, 255, 20939, 23536, 14292, 14278, 4177, 7283, 7324, 7473, 10005, 18165, 18182, 21803, 21883, 22372, 23427, 23430, 23432, 10014, 10017, 10608, 18122, 854, 10015], "label": "stool"}, {"objectId": 6, "id": 6, "partId": 6, "index": 4, "dominantNormal": [0.8844314217567444, 0.4666701555252075, 1.0362159031389762e-16], "obb": {"axesLengths": [0.6577824773701116, 0.9399749426549308, 0.5463140122342826], "centroid": [-1.044277187263718, 3.1650469873244473, -0.8545925221310751], "normalizedAxes": [-0.4666701555252075, 0.8844314217567444, 1.9638322562726005e-16, 0, -2.220446049250313e-16, 1, 0.8844314217567444, 0.4666701555252075, 1.0362159031389762e-16]}, "segments": [10570, 2683, 2688, 5227, 10600, 10703, 21293, 22000, 22010, 22028, 22032, 22006, 5200, 26038, 19798, 21283, 21288, 26046, 2678, 2347, 2348, 2385, 2406, 2446, 2480, 5206, 5281, 5285, 19704, 19730, 19746, 19811, 21285, 21291, 25987, 21266, 21269, 21300, 10524, 2375, 10846, 10557, 10594, 10937, 13019, 10851], "label": "stool"}, {"objectId": 8, "id": 8, "partId": 8, "index": 5,