{"segGroups": [{"objectId": 8, "id": 8, "partId": 8, "index": 0, "dominantNormal": [0.10191536694765091, -0.9947930574417114, -2.208884314218088e-16], "obb": {"axesLengths": [0.31170038970123437, 0.4310939811670636, 0.17254174319741367], "centroid": [-0.26943020642213567, 1.0366487708580803, 0.8144528739649144], "normalizedAxes": [0.9947930574417114, 0.10191536694765091, 2.262975738968074e-17, 0, -2.220446049250313e-16, 1, 0.10191536694765091, -0.9947930574417114, -2.208884314218088e-16]}, "segments": [7526, 7086, 22062, 22056], "label": "ventilation"}, {"objectId": 9, "id": 9, "partId": 9, "index": 1, "dominantNormal": [-0.07694430649280548, -0.9970353841781616, -2.213863279761167e-16], "obb": {"axesLengths": [0.5151501370086315, 0.5199999842047692, 0.2450953667165879], "centroid": [-0.2583743204563873, 1.1991467505611801, 0.36999990522861514], "normalizedAxes": [0.9970353841781616, -0.07694430649280548, -1.7085068136425514e-17, 0, -2.220446049250313e-16, 1, -0.07694430649280548, -0.9970353841781616, -2.213863279761167e-16]}, "segments": [21993, 6840, 7778, 67, 6950, 6924, 22053, 43, 183, 185, 6968, 18052, 21317, 21319, 21320, 21322, 21327, 22078, 25663, 25668, 6786], "label": "window"}, {"objectId": 10, "id": 10, "partId": 10, "index": 2, "dominantNormal": [-0.5818763375282288, -0.8132773041725159, -1.805838376994808e-16], "obb": {"axesLengths": [1.167836826551606, 2.0825309287936022, 0.9872186151665704], "centroid": [-0.4760929376180091, -0.8581334549848401, -0.35855455826473626], "normalizedAxes": [0.8132772445678711, -0.5818763375282288, -1.2920250148167972e-16, 0, -2.220446049250313e-16, 1, -0.5818763375282288, -0.8132772445678711, -1.80583824464591e-16]}, "segments": [14170, 17751, 15740, 24721, 16636, 14351, 17781, 17716, 25490, 22794, 19618, 706, 15069, 23579, 9985, 23539, 23561, 17742], "label": "shower"}, {"objectId": 11, "id": 11, "partId": 11, "index": 3, "dominantNormal": [-0.5416957139968872, -0.8405746817588806, -1.8664507312113457e-16], "obb": {"axesLengths": [1.3408788599767447, 2.4503799129192534, 1.0163278638315518], "centroid": [-0.4795587982475624, -0.9728368901827393, -0.17225005278922678], "normalizedAxes": [0.8405746817588806, -0.5416957139968872, -1.2028061080402157e-16, 0, -2.220446049250313e-16, 1, -0.5416957139968872, -0.8405746817588806, -1.8664507312113457e-16]}, "segments": [15201, 8286, 3220, 3053, 3010, 3081, 3227, 14705, 16298, 16721, 16961, 19968, 24912, 27471, 27474, 8338, 15845, 16279, 16030, 11069, 6578, 26178, 27436, 16389, 22009, 12523, 13299, 27838, 4233, 7235, 22137, 7825, 8973, 7113, 2942, 2949, 2970, 2982, 3013, 3270, 3353, 4304, 4368, 6464, 7227, 7861, 7865, 10889, 13271, 13469, 18017, 21694, 22001, 22154, 23454, 26735, 11870, 11853, 23021, 26728, 3340, 23075, 11932, 23027, 23459, 11876, 7919, 3581, 11366, 13260, 4752, 16303, 1318, 19223, 10784, 26814, 4276, 1319, 4314, 21787, 16285, 21558, 21819, 16354, 21797, 26909, 26948, 18344, 19248, 27171, 9670, 4206, 25434, 25493, 10906, 22860, 10939, 10918, 22872], "label": "shower wall"}, {"objectId": 16, "id": 16, "partId": 16, "index": 7, "dominantNormal": [0.9905480742454529, 0.13716602325439453, 3.045697544265969e-17], "obb": {"axesLengths": [0.6378094520004232, 1.9999999552965164, 0.23173369187539375], "centroid": [0.33616759979637645, -0.5638151922894824, -0.39000006079673777], "normalizedAxes": [-0.13716600835323334, 0.9905480742454529, 2.1994585580508216e-16, 0, -2.220446049250313e-16, 1, 0.9905480742454529, 0.13716600835323334, 3.045697213393724e-17]}, "segments": [12756, 14718, 12898], "label": "doorframe"}, {"objectId": 17, "id": 17, "partId": 17, "index": 8, "dominantNormal": [0, -2.220446049250313e-16, 1], "obb": {"axesLengths": [0.6527537316625279, 0.17461001482732552, 0.5085727432069975], "centroid": [-0.003712325981045872, -0.41195414173050166, -1.3163150496859477], "normalizedAxes": [0.8922829031944275, 0.45147672295570374, 1.0024797058154705e-16, 0, -2.220446049250313e-16, 1, 0.45147672295570374, -0.8922829031944275, -1.981266047211666e-16]}, "segments": [18123, 17570], "label": "towel"}, {"objectId": 18, "id": 18, "partId": 18, "index": 9, "dominantNormal": [-0.37624070048332214, -0.9265219569206238, -2.0572920187880678e-16], "obb": {"axesLengths": [0.20210972427711132, 1.9599999347329142, 0.09187015171631598], "centroid": [0.4825050354416205, -0.8258560258595324, -0.410000071078539], "normalizedAxes": [0.9265219569206238, -0.37624070048332214, -8.35422176955363e-17, 0, -2.220446049250313e-16, 1, -0.37624070048332214, -0.9265219569206238, -2.0572920187880678e-16]}, "segments": [23276, 27500, 7269], "label": "door"}, {"objectId": 19, "id": 19, "partId": 19, "index": 10, "dominantNormal": [0.9964091181755066, -0.08466888964176178, -1.880027014994607e-17], "obb": {"axesLengths": [0.9062614391737558, 1.177499983217567, 0.3580286630293542], "centroid": [-0.5624951165556825, -0.0484050023701561, 0.09874990920536253], "normalizedAxes": [0.08466888964176178, 0.9964091181755066, 2.212472689889792e-16, 0, -2.220446049250313e-16, 1, 0.9964091181755066, -0.08466888964176178, -1.880027014994607e-17]}, "segments": [23980, 12711, 24448, 12728, 15432, 10968, 10514, 17740, 17764, 17798, 25843, 25857, 27007, 22851, 18425, 876, 1040, 1327, 1416, 4586, 10616, 10960, 12297, 14316, 14874, 14882, 15383, 17711, 17725, 18109, 18381, 18403, 18407, 18548, 18567, 18578, 18587, 19469, 19528, 19551, 21522, 22815, 22828, 22830, 22834, 22837, 22888, 23212, 23964, 23967, 24002, 24436, 24692, 24699, 25478, 25482, 25830, 25868, 26063, 14195], "label": "mirror"}, {"objectId": 21, "id": 21, "partId": 21, "index": 11, "dominantNormal": [0.9983270764350891, -0.05781948193907738, -1.283850402413242e-17], "obb": {"axesLengths": [0.16320285831413286, 0.10772299525760864, 0.10468523497853545], "centroid": [0.2604420559131879, 0.8995960246468486, -0.3934995686225704], "normalizedAxes": [0.05781948193907738, 0.9983270764350891, 2.216731412729909e-16, 0, -2.220446049250313e-16, 1, 0.9983270764350891, -0.05781948193907738, -1.283850402413242e-17]}, "segments": [14405, 14366, 24016], "label": "toilet paper"}, {"objectId": 22, "id": 22, "partId": 22, "index": 12, "dominantNormal": [0, -2.220446049250313e-16, 1], "obb": {"axesLengths": [0.22666582448760858, 0.09367799549524491, 0.11446017566858353], "centroid": [0.27339346419508126, 0.9415446515304557, -0.5702010507836717], "normalizedAxes": [-0.1354333609342575, 0.9907864332199097, 2.1999878212939576e-16, 0, -2.220446049250313e-16, 1, 0.9907864332199097, 0.1354333609342575, 3.007224712231638e-17]}, "segments": [24592, 15112, 14466, 14469, 24610, 24617], "label": "toilet paper"}, {"objectId": 1, "id": 1, "partId": 1, "index": 14, "dominantNormal": [0, -2.220446049250313e-16, 1], "obb": {"axesLengths": [2.062111577079184, 0.2731399475081278, 1.2531422876121914], "centroid": [-0.12077825251038221, 0.02972590367596817, -1.3265700881949805], "normalizedAxes": [-0.18748465180397034, 0.9822675585746765, 2.181072119743891e-16, 0, -2.220446049250313e-16, 1, 0.9822675585746765, 0.18748465180397034, 4.162995543931965e-17]}, "segments": [20319, 8081, 13580, 13670, 19839, 19884, 20252, 23570, 24624, 24851, 27390, 27515, 24844, 27744], "label": "floor"}, {"objectId": 2, "id": 2, "partId": 2, "index": 15, "dominantNormal": [0.028219586238265038, -0.9996017217636108, -2.2195616939138204e-16], "obb": {"axesLengths": [0.7173044730497481, 1.0085800064672525, 0.500000949830754], "centroid": [-0.45839962723616867, 0.7892676348688976, -0.9342900845939659], "normalizedAxes": [0.9996017217636108, 0.028219586238265038, 6.266006877423411e-18, 0, -2.220446049250313e-16, 1, 0.028219586238265038, -0.9996017217636108, -2.2195616939138204e-16]}, "segments": [23762, 11502, 9717, 23847, 24641, 9820, 9850, 11454, 9708, 9730, 9731, 9768, 9787, 9792, 9794, 9805, 22669, 22685, 22701, 14006, 23802, 23695, 3856, 2735, 2858, 2895, 2917, 9890, 9963, 11510, 11526, 11575, 11583, 11585, 11627, 13552, 14766, 22707, 22957, 22974, 23775, 23851, 24036, 3781, 24343],