{"segGroups": [{"objectId": 1, "id": 1, "partId": 1, "index": 0, "dominantNormal": [0, -2.220446049250313e-16, 1], "obb": {"axesLengths": [2.807283399472552, 0.2791199621754892, 2.3106084024951046], "centroid": [-0.6283179087769564, 1.4572797291706945, -1.2895599158009872], "normalizedAxes": [0.7485828399658203, -0.6630412936210632, -1.4722474209107067e-16, 0, -2.220446049250313e-16, 1, -0.6630412936210632, -0.7485828399658203, -1.662187809538685e-16]}, "segments": [3862, 4295, 2, 33, 242, 620, 625, 657, 744, 772, 2136, 2161, 2374, 2390, 2397, 2409, 2416, 2429, 2754, 3087, 3146, 3155, 3213, 3381, 3765, 3771, 3878, 3906, 4142, 5020, 5033, 5048, 5063, 5095, 5125, 5219, 5232, 5295, 5306, 5310, 5526, 6022, 6420, 841, 6379, 1044, 743, 882, 890, 909, 911, 917, 965, 1023, 1056, 1155, 1192, 1195, 1198, 1244, 1325, 1332, 1405, 1481, 1491, 1494, 1595, 1604, 1626, 1628, 1632, 1637, 1692, 1754, 1758, 1761, 1772, 1779, 1784, 1800, 1818, 1830, 1855, 1922, 1933, 1939, 1986, 2015, 2018, 2080, 2116, 2119, 2121, 2266, 2340, 2380, 2474, 2778, 2795, 2804, 2815, 2858, 2862, 2866, 2869, 2935, 3266, 3339, 3355, 3360, 3376, 3377, 3387, 3439, 3470, 3473, 3476, 3508, 3518, 3519, 3521, 3612, 3659, 3674, 3715, 3728, 3736, 3801, 3816, 3834, 3963, 4077, 4083, 4167, 4197, 4520, 4537, 4590, 4606, 4644, 4645, 4688, 4704, 4745, 4830, 4846, 4860, 4911, 4992, 5006, 5010, 5268, 5279, 5301, 5314, 5330, 5332, 5334, 5348, 5363, 5368, 5372, 5374, 5400, 5446, 5547, 5552, 5557, 5559, 5563, 5586, 5599, 5603, 5604, 5618, 5628, 5642, 5678, 5682, 5688, 5692, 5698, 6026, 6036, 6127, 6177, 6179, 6181, 6206, 6463, 6638, 6642, 3451, 630, 820, 899, 904, 905, 915, 947, 1097, 1410, 1789, 1834, 2566, 2597, 2706, 2729, 2734, 2929, 2950, 2951, 2955, 4026, 4089, 4122, 4192, 4211, 4567, 4575, 4713, 4785, 5323, 5327, 5570, 5645, 5660, 5665, 5668, 5702, 5745, 2838, 4490, 4440, 4483], "label": "floor"}, {"objectId": 2, "id": 2, "partId": 2, "index": 1, "dominantNormal": [0, -2.220446049250313e-16, 1], "obb": {"axesLengths": [0.6160875212548661, 0.44272093975422644, 0.5398251953263342], "centroid": [0.05278507541148314, 0.926563387172249, -0.7957294546080472], "normalizedAxes": [0.5123016238212585, 0.8588055968284607, 1.9069314945518128e-16, 0, -2.220446049250313e-16, 1, 0.8588055968284607, -0.5123016238212585, -1.1375381166384336e-16]}, "segments": [5734, 1215, 1243, 1358, 2131, 2144, 2154, 2160, 3027, 3047, 4544, 4960, 4967, 5612, 5680, 5751, 5756, 5768, 6183, 6213, 6216, 6221, 4711, 1336, 5827, 5786, 1289, 1378, 1388, 5794, 4974, 5873, 136, 168, 6193, 2997, 5830, 5836, 1674, 24, 5571, 6209], "label": "chair"}, {"objectId": 3, "id": 3, "partId": 3, "index": 2, "dominantNormal": [0, -2.220446049250313e-16, 1], "obb": {"axesLengths": [0.6653480343609225, 0.12050693957864608, 0.6182347632435486], "centroid": [-0.5390012351559132, 0.8288405712977704, -0.7007504685603693], "normalizedAxes": [0.38238775730133057, 0.924001932144165, 2.0516964397291671e-16, 0, -2.220446049250313e-16, 1, 0.924001932144165, -0.38238775730133057, -8.49071384981427e-17]}, "segments": [5910, 578, 2991, 5657, 5905, 5924, 2507, 2519, 4343, 1897, 4051, 4053, 5945], "label": "table"}, {"objectId": 4, "id": 4, "partId": 4, "index": 3, "dominantNormal": [-0.5420243144035339, -0.8403627872467041, -1.8659802308789255e-16], "obb": {"axesLengths": [0.6170924217191985, 0.8744800193351498, 0.5133859741496267], "centroid": [0.12846092143275323, 1.4407288267839358, -0.9072399822297664], "normalizedAxes": [0.8403628468513489, -0.5420243144035339, -1.2035357475149365e-16, 0, -2.220446049250313e-16, 1, -0.5420243144035339, -0.8403628468513489, -1.8659803632278235e-16]}, "segments": [262, 1436, 1295, 1509, 3198, 3380, 3980, 5879, 39, 507, 1443, 5422, 5443, 5493, 5675, 508, 1647, 53, 4496, 408, 309, 333, 304, 382, 3925, 5516], "label": "wall"}, {"objectId": 5, "id": 5, "partId": 5, "index": 4, "dominantNormal": [0, -2.220446049250313e-16, 1], "obb": {"axesLengths": [0.430974536900924, 0.05787402262075192, 0.25485025995086336], "centroid": [-1.2328467273477173, 1.027422401584363, -0.9518849777557301], "normalizedAxes": [-0.3653779625892639, 0.9308592677116394, 2.0669227833983492e-16, 0, -2.220446049250313e-16, 1, 0.9308592677116394, 0.3653779625892639, 8.113020535144598e-17]}, "segments": [5536, 764, 604], "label": "chair"}], "scan_id": "0cac768c-8d6f-2d13-8cc8-7ace156fc3e7", "annId": "4133", "appId": "stk.v1"}