{"segGroups": [{"objectId": 1, "id": 1, "partId": 1, "index": 0, "dominantNormal": [0, -2.220446049250313e-16, 1], "obb": {"axesLengths": [5.482200804925802, 0.2321799941618745, 4.181821314739568], "centroid": [0.42647984090914726, 2.4106824431429144, -1.3260899885398876], "normalizedAxes": [0.4322963058948517, 0.9017316102981567, 2.002246391570665e-16, 0, -2.220446049250313e-16, 1, 0.9017316102981567, -0.4322963058948517, -9.598906245297283e-17]}, "segments": [6923, 1537, 21158, 17760, 10184, 9072, 271, 2095, 2097, 2106, 3109, 4720, 5159, 5184, 5189, 5403, 6221, 6823, 6864, 7007, 8816, 8868, 8878, 8986, 9026, 9098, 9110, 9116, 9171, 9244, 9250, 9254, 9259, 10486, 11556, 11572, 11585, 11589, 11621, 11674, 11681, 11690, 11696, 11700, 11714, 11782, 12588, 12593, 12650, 12711, 12787, 12804, 12805, 13816, 13832, 14087, 14511, 14566, 14593, 15561, 16106, 17812, 18230, 21421, 21440, 23290, 25353, 25945, 26133, 26150, 26174, 26188, 26209, 26228, 26284, 26335, 26345, 26374, 26446, 26574, 26662, 26847, 26853, 26858, 26910, 28358, 29972, 30020, 30976, 30978, 30980, 30983, 31194, 31535, 31539, 31563, 31819, 31822, 31825, 31828, 31835, 31887, 31943, 31974, 31980, 31987, 31994, 32005, 32128, 34505, 34619, 34623, 34624, 34891, 35100, 20525, 23197, 32696, 5913, 21952, 23965, 19450, 5147, 5397, 5428, 6282, 6287, 7896, 9455, 9511, 9512, 17287, 18329, 18772, 18782, 18922, 18986, 18988, 19138, 24450, 26292, 26427, 26433, 26457, 26458, 26518, 30994, 31215, 31218, 31219, 31574, 31577, 31579, 31597, 33225, 33228, 34587, 34789, 972], "label": "floor"}, {"objectId": 2, "id": 2, "partId": 2, "index": 1, "dominantNormal": [0, -2.220446049250313e-16, 1], "obb": {"axesLengths": [1.60654592385256, 0.7370959355586179, 0.9968896186902353], "centroid": [0.38672103092411464, 1.8400732701384295, -0.9462919423339067], "normalizedAxes": [0.20650555193424225, 0.9784454107284546, 2.172585246659097e-16, 0, -2.220446049250313e-16, 1, 0.9784454107284546, -0.20650555193424225, -4.5853443694064355e-17]}, "segments": [16508, 20941, 20912, 22948, 15697, 16562, 25396, 12369, 12387, 12439, 15489, 17459, 18739, 18784, 19738, 19876, 20043, 20059, 20810, 20878, 20885, 22943, 23298, 32703, 32713, 32716, 33379, 33591, 33633, 33640, 33644, 34489, 25455, 10790, 11451, 12376, 12377, 10432, 21722, 7682, 9445, 33162, 9411, 22702, 12341, 18638, 12362, 22905, 11543, 11498, 7245, 9378, 9416, 9442, 9454, 9487, 31693], "label": "sofa"}, {"objectId": 3, "id": 3, "partId": 3, "index": 2, "dominantNormal": [0.9575149416923523, -0.2883836328983307, -6.40340298337551e-17], "obb": {"axesLengths": [3.7996722419522007, 2.5857200044605118, 0.5577603256231106], "centroid": [-1.0578151215108416, 3.5196368761265906, -0.10285995196595787], "normalizedAxes": [0.2883836328983307, 0.9575149416923523, 2.1261102693789275e-16, 0, -2.220446049250313e-16, 1, 0.9575149416923523, -0.2883836328983307, -6.40340298337551e-17]}, "segments": [14703, 16092, 12857, 10380, 17596, 23889, 23898, 26564, 30053, 30259, 12849, 8299, 13580, 28317], "label": "wall"}, {"objectId": 4, "id": 4, "partId": 4, "index": 3, "dominantNormal": [-0.2899225652217865, -0.957050085067749, -2.1250780803233594e-16], "obb": {"axesLengths": [2.8541392301595945, 2.5509598877066386, 0.2630587969222823], "centroid": [0.9660893711822445, 4.77825928491148, -0.09571997133254961], "normalizedAxes": [0.957050085067749, -0.2899225652217865, -6.43757414535232e-17, 0, -2.220446049250313e-16, 1, -0.2899225652217865, -0.957050085067749, -2.1250780803233594e-16]}, "segments": [22885, 27869, 20536, 21612, 8071, 13696, 6334, 6409, 6421, 8414, 28100, 30517, 30525, 30560, 31225, 31226, 18572, 19872, 22918, 21414, 20836, 27916, 11913, 11909, 12085, 28781, 36603, 28945, 15315, 4025, 3977, 2640, 4003, 4043, 4050, 4054, 4080, 4414, 4416, 4498, 6370, 6371, 6376, 8572, 11958, 12037, 12043, 12128, 13312, 25620, 25666, 26495, 27802, 27844, 29117, 29135, 29142, 29166, 29221, 29287, 29289, 29357, 30892, 30894, 30899, 31227, 31242, 31855, 31863, 33601, 35494, 35497, 35521, 35524, 35747, 35936, 36251, 36579, 36631, 14016, 5890, 16201, 8570, 1338, 3472], "label": "wall"}, {"objectId": 5, "id": 5, "partId": 5, "index": 4, "dominantNormal": [0.956567645072937, -0.2915104031562805, -6.472831230037291e-17], "obb": {"axesLengths": [2.4167464451825253, 2.0007798820559697, 0.4418484406987421], "centroid": [-0.7422287295056246, 3.170246397280208, -0.41038996079914236], "normalizedAxes": [0.2915104031562805, 0.956567645072937, 2.1240068483428787e-16, 0, -2.220446049250313e-16, 1, 0.956567645072937, -0.2915104031562805, -6.472831230037291e-17]}, "segments": [19574, 25906, 10476, 18419, 11268, 13284, 17164, 18460, 19346, 21080, 24126, 32247, 30077, 21664, 19380, 18315, 10499, 16123, 18264, 18308, 18343, 19059, 19096, 19098, 19152, 19181, 19188, 19202, 19225, 19229, 19236, 19305, 24139, 24153, 24230, 24363, 24403, 25093, 25826, 27395, 32234, 32242, 33112, 34083, 34085, 34088, 34091, 34295, 34516, 10868, 27565, 27212, 35604, 5957, 35531, 24478, 12968, 13107, 14387], "label": "cabinet"}, {"objectId": 6, "id": 6, "partId": 6, "index": 5, "dominantNormal": [-0.2583538889884949, -0.9660503268241882, -2.1450626315737425e-16], "obb": {"axesLengths": [1.839904310651428, 1.139999975115061, 0.4300124053285862], "centroid": [1.0403093475111147, 4.633054251591335, -0.7999999669465417], "normalizedAxes": [0.9660503268241882, -0.2583538889884949, -5.736608721129574e-17, 0, -2.220446049250313e-16, 1, -0.2583538889884949, -0.9660503268241882, -2.1450626315737425e-16]}, "segments": [14283, 13850, 12295, 986, 3565, 19235, 1942, 3727, 4148, 4189, 5058, 5620, 5632, 5633, 5639, 5647, 5654, 5662, 5675, 5686, 5687, 5693, 5695, 5705, 5740, 5756, 5765, 5774, 5845, 6014, 6491, 8680, 8681, 8715, 8766, 8769, 9558, 9604, 9616, 9623, 9632, 9639, 9659, 9663, 9711, 9715, 9720, 9758, 9786, 9787, 9791, 9799, 9814, 9861, 9872, 9931, 9952, 9954, 9996, 10028, 10046, 10096, 10100, 10112, 14777, 14832, 14836, 14843, 14903, 14913, 14989, 15336, 20775, 20809, 22560, 22851, 31090, 31164, 31167, 31173, 31174, 31240, 31602, 31607, 31614, 31634, 31677, 32250, 32526, 32535, 32537, 32559, 32633, 32639, 32644, 32651, 33860, 33873, 32361, 6192, 2019, 23380], "label": "cabinet"}, {"objectId": 7, "id": 7, "partId": 7, "index": 6, "dominantNormal": [-0.25343814492225647, -0.9673516154289246, -2.1479520727150637e-16], "obb": {"axesLengths": [0.971087785694861, 0.568270059639139, 0.38184461442545925], "centroid": [1.4661507538980183, 4.520921971848033, 0.24586494936619152], "normalizedAxes": [0.9673516154289246, -0.2534381151199341, -5.627456614475037e-17, 0, -2.220446049250313e-16, 1, -0.2534381151199341, -0.9673516154289246, -2.1479520727150637e-16]}, "segments": [10029, 4560, 9662, 10023, 9924, 3691, 4787, 4872, 9484, 9530, 9533, 9571, 9776, 9783, 9793, 11642, 11866, 12254, 12656, 19900, 30912, 30918, 31010, 31019, 31102, 31127, 31158, 31311, 31331, 31384, 31439, 31491, 33561, 33564, 33583, 6664, 3362, 4145, 4796, 4808, 4850, 4879, 6653, 31317, 4958, 31415, 8588, 4402, 4084, 4237, 4295, 4413, 8490, 8543, 30768, 30770, 30921, 11599], "label": "shelf"}, {"objectId": 8, "id": 8, "partId": 8, "index": 7, "dominantNormal": [-0.2791050374507904, -0.9602605700492859, -2.1322067890167904e-16], "obb": {"axesLengths": [1.4347590927052032, 0.5304399610212451, 0.38947470505162696], "centroid": [0.8305362773375716, 4.676861082797682, 0.7752199792169043], "normalizedAxes": [0.9602605700492859, -0.2791050374507904, -6.197376777334682e-17, 0, -2.220446049250313e-16, 1, -0.2791050374507904, -0.9602605700492859, -2.1322067890167904e-16]}, "segments": [15171, 19359, 33785, 16907, 22706, 19416, 16982, 8985, 17686, 11505, 32895, 16316, 6569, 32936, 3986, 4269, 7127, 7132, 7143, 7155, 7161, 7201, 8969, 15162, 16249, 16889, 16950, 16966, 17232, 17266, 17621, 17693, 17852, 17909, 17914, 19444, 27797, 29563, 31433, 32738, 32879, 32893, 33025, 33309, 33331, 33341, 33712, 33739, 33755, 17211, 17244, 17924, 27834, 11426], "label": "shelf"}, {"objectId": 9, "id": 9, "partId": 9,