{"segGroups": [{"objectId": 1, "id": 1, "partId": 1, "index": 0, "dominantNormal": [0, -2.220446049250313e-16, 1], "obb": {"axesLengths": [8.255161267230466, 0.3000000648200486, 6.028602901833836], "centroid": [1.6729093485478965, 1.3348255078152917, -1.300000025704503], "normalizedAxes": [-0.23582401871681213, 0.9717957973480225, 2.1578201388994744e-16, 0, -2.220446049250313e-16, 1, 0.9717957973480225, 0.23582401871681213, 5.236345106780774e-17]}, "segments": [6210, 22486, 10681, 19897, 10766, 49088, 627, 655, 700, 782, 1308, 1707, 1754, 1802, 1818, 1821, 1849, 1877, 1933, 1963, 2203, 2293, 2296, 2321, 2347, 2419, 2530, 2876, 2960, 2974, 2997, 3024, 3033, 3046, 3065, 3263, 5270, 5728, 5878, 5917, 5920, 5938, 5939, 5953, 5960, 5962, 5979, 5987, 6000, 6004, 6008, 6028, 6242, 6412, 6422, 6457, 6473, 9114, 9601, 9603, 9611, 9680, 9681, 9796, 9875, 9946, 10081, 10234, 10240, 10382, 10482, 10541, 10548, 10580, 10591, 10597, 10624, 10652, 10670, 10684, 10729, 10818, 10869, 10939, 10984, 11016, 11038, 11070, 11136, 11160, 11174, 11188, 11203, 11226, 11239, 11240, 11293, 11303, 11304, 11308, 11336, 11355, 11360, 11367, 11375, 11393, 11394, 11396, 11414, 11430, 11572, 11599, 11633, 11638, 11642, 11712, 11780, 11784, 11801, 11855, 11873, 11969, 12030, 12081, 12100, 12157, 12165, 12169, 12254, 12298, 12310, 12317, 12326, 12340, 12372, 12374, 12477, 12483, 12530, 12534, 12542, 12560, 12618, 12653, 12671, 12673, 12674, 12675, 12679, 12680, 12960, 12976, 13084, 13094, 13168, 13214, 13225, 13228, 13301, 13338, 14198, 14264, 14273, 14301, 14302, 14310, 14325, 14338, 14349, 14351, 14356, 14362, 14397, 14410, 14411, 15214, 15233, 15647, 15671, 17027, 17031, 17034, 17049, 17057, 17127, 17162, 17258, 17329, 17565, 18465, 18503, 18524, 18549, 18606, 18612, 18617, 18619, 18624, 18627, 18644, 18646, 18659, 18662, 18669, 18971, 19031, 19048, 19070, 19084, 19090, 19097, 19129, 19282, 19410, 19412, 19560, 19623, 19693, 19706, 19769, 19802, 20083, 20090, 20095, 20565, 20601, 20653, 20872, 21126, 21192, 21479, 21518, 21545, 21574, 21765, 21856, 21872, 21874, 21878, 22001, 22095, 22103, 22129, 22150, 22251, 22306, 22390, 22429, 22485, 22805, 22814, 22825, 23043, 23075, 23080, 23102, 23123, 23130, 23155, 23174, 23184, 23187, 23198, 23768, 23827, 23855, 23861, 23877, 24173, 25576, 25586, 25621, 25732, 25738, 25820, 25838, 25844, 25855, 25878, 25881, 25910, 25914, 25931, 25933, 25934, 25942, 25946, 25950, 25952, 25954, 25970, 25998, 26003, 26004, 26012, 26232, 26389, 26394, 26509, 26582, 26599, 26600, 26614, 26619, 26641, 26650, 26657, 26667, 26672, 26678, 26793, 26812, 26815, 26819, 27222, 27367, 27489, 27645, 27686, 27795, 27823, 27827, 27838, 27892, 27934, 28114, 28178, 28192, 28260, 28263, 28317, 28325, 28402, 28429, 28434, 28438, 28453, 28469, 28473, 28493, 28502, 28774, 28832, 28839, 28848, 28861, 28873, 28879, 28887, 28892, 28900, 28936, 28955, 28977, 28998, 29003, 29038, 29041, 29049, 29064, 29085, 29141, 29146, 29154, 29185, 29267, 29282, 29313, 29357, 29361, 30716, 30729, 30743, 30762, 30765, 30797, 30808, 30825, 30842, 30845, 30864, 30868, 31040, 31229, 31286, 31336, 31342, 31576, 31983, 32052, 32083, 32102, 32120, 32144, 32179, 32208, 32218, 32269, 32273, 32277, 32358, 32404, 32409, 32429, 32435, 32455, 32478, 32483, 32487, 32497, 32506, 32537, 32640, 32762, 32787, 32872, 32895, 32904, 32921, 32942, 32943, 32944, 32957, 32982, 32998, 33014, 33032, 33041, 33042, 33051, 33052, 33075, 33083, 33105, 33160, 33192, 33265, 33266, 33273, 33276, 33287, 33295, 33302, 33311, 33318, 33335, 33397, 33556, 33807, 33831, 33863, 33897, 33902, 33905, 33943, 34003, 34004, 34019, 34030, 34036, 34059, 34067, 34084, 34085, 34093, 34129, 34478, 34787, 35079, 35080, 35112, 35135, 35153, 35163, 35178, 35183, 35200, 35205, 35215, 35219, 35237, 36767, 36810, 36819, 36822, 36831, 36832, 36834, 36839, 36846, 37229, 37251, 37263, 37297, 37353, 37357, 37370, 37398, 37420, 37590, 37603, 37624, 37629, 37637, 37695, 37713, 37731, 37750, 37783, 37810, 37823, 37840, 37846, 37847, 37850, 37853, 37875, 37879, 37889, 37926, 37944, 38024, 38026, 38038, 38909, 38929, 39261, 39321, 39324, 39347, 39354, 39357, 39358, 39361, 39372, 39377, 39382, 39385, 39504, 39510, 39514, 39604, 39645, 39652, 39656, 39660, 39825, 39835, 39838, 39841, 39842, 39852, 39861, 40130, 40425, 40470, 40486, 40554, 40586, 40645, 40924, 40929, 40935, 40939, 40952, 41064, 41067, 41069, 41073, 41079, 41084, 41109, 41143, 41147, 41152, 41153, 41156, 41204, 41205, 41210, 41213, 41216, 41218, 41227, 41346, 41563, 41565, 41625, 41929, 41930, 41931, 41933, 41936, 41941, 42307, 42578, 42594, 42944, 42967, 42969, 42971, 42976, 43004, 43016, 43018, 43022, 43029, 43036, 43038, 43041, 43064, 43067, 43069, 43071, 43073, 43081, 44035, 44064, 44066, 44070, 44353, 44671, 44680, 44683, 44686, 44691, 44695, 44713, 44719, 44846, 44973, 44979, 44982, 44985, 44994, 44996, 45006, 45032, 45037, 45039, 45042, 45095, 45200, 45202, 45207, 45211, 45218, 45219, 45223, 45296, 45298, 45301, 45340, 45364, 45378, 45384, 45390, 45392, 45700, 45912, 45915, 45955, 45967, 45998, 46013, 46092, 47308, 47309, 47338, 47397, 47881, 48693, 48901, 49076, 49244, 21818, 25694, 48862, 36800, 32405, 45198, 32385, 32744, 28414, 49298, 31328, 19727, 48801, 26775, 48943, 19751, 31271, 3346, 2160], "label": "floor"}, {"objectId": 2, "id": 2, "partId": 2, "index": 1, "dominantNormal": [0, -2.220446049250313e-16, 1], "obb": {"axesLengths": [5.611768473641726, 1.0426100259435904, 1.8235356302543746], "centroid": [2.2440593964892246, 1.6207036893419775, -0.9286950451427323], "normalizedAxes": [-0.5646383762359619, 0.8253384232521057, 1.8326194412046209e-16, 0, -2.220446049250313e-16, 1, 0.8253384232521057, 0.5646383762359619, 1.2537490517682535e-16]},