{"segGroups": [{"objectId": 1, "id": 1, "partId": 1, "index": 0, "dominantNormal": [0, -2.220446049250313e-16, 1], "obb": {"axesLengths": [1.7120943604432897, 0.9562399471646554, 1.2132165282837093], "centroid": [1.048471062984559, 1.163782007960544, -0.8081200881072901], "normalizedAxes": [-0.1911466121673584, 0.9815614819526672, 2.1795043146980824e-16, 0, -2.220446049250313e-16, 1, 0.9815614819526672, 0.1911466121673584, 4.244307398145928e-17]}, "segments": [13552, 19928, 19312, 7075, 8970, 18599, 11647, 9334, 12371, 19621, 19735, 12342, 18255, 7205, 4427, 8323, 9024, 9039, 7061, 13750, 7670, 7631, 19817, 8977, 18353, 19638, 18235, 19781, 18618, 8555, 8680, 18342, 18302, 18841, 18855, 8771, 2998, 3042, 6074, 5944, 18469, 11526, 9411, 9251, 9414, 18621, 10069, 10097, 3117, 18584, 18225, 8731, 8681, 8445, 8399, 14617, 21226, 22062, 15373, 22631, 22193, 22133, 15545, 14579, 15504, 22642, 22227, 22226, 15015, 22085, 8068, 7458, 19749, 21263, 9014, 18534, 18526, 22514, 14134, 16824, 19544, 18315, 8962, 18377, 8438, 15502, 22184, 15495, 15060, 22092, 22168, 7428, 18530, 8121, 8669, 9240, 9266, 15566, 22213, 18211, 18229, 18230, 14528, 14529, 14542, 14495, 22353, 7449, 13659, 11469, 2991, 8645, 18306, 12408, 18219, 7702, 6062, 7785, 19267, 11577, 11575, 7793, 8391, 8420, 19599, 12301, 12279, 3057, 10142, 18837, 18728], "label": "crib"}, {"objectId": 2, "id": 2, "partId": 2, "index": 1, "dominantNormal": [0.22749212384223938, -0.9737799167633057, -2.1622257690163808e-16], "obb": {"axesLengths": [1.130847423182196, 1.0153489779975489, 0.9320906592343303], "centroid": [0.004417951399594333, 1.2342294630463733, -0.7767355909278524], "normalizedAxes": [0.9737799167633057, 0.22749212384223938, 5.051339876210634e-17, 0, -2.220446049250313e-16, 1, 0.22749212384223938, -0.9737799167633057, -2.1622257690163808e-16]}, "segments": [20375, 13575, 6699, 7587, 10700, 20354, 7600, 15423, 6710, 7232, 15584, 15648, 11377, 14291, 14274, 13866, 15985, 13950, 13903, 13879, 7848, 15698, 22293, 14307, 3721, 7298, 13872, 14650, 14712, 16479, 10761, 19052, 19050, 22654, 14710, 1323, 18071, 14487, 7888, 15154, 21280, 22392, 10658, 15967, 14171, 7396], "label": "baby changing table"}, {"objectId": 6, "id": 6, "partId": 6, "index": 2, "dominantNormal": [0.2822009027004242, -0.959355354309082, -2.1301968063027355e-16], "obb": {"axesLengths": [0.7620072420883274, 0.8558779316571813, 0.24798339004710057], "centroid": [-0.05062701584707341, 1.5138603767515788, 0.6349608487921721], "normalizedAxes": [0.959355354309082, 0.2822009027004242, 6.266118794960289e-17, 0, -2.220446049250313e-16, 1, 0.2822009027004242, -0.959355354309082, -2.1301968063027355e-16]}, "segments": [6495, 10405, 16195, 21914, 16007, 16180, 21654, 21571, 21449, 18319, 10608, 18278, 16208, 2447, 16768, 16766, 2513, 19855], "label": "shelf unit"}, {"objectId": 7, "id": 7, "partId": 7, "index": 3, "dominantNormal": [0, -2.220446049250313e-16, 1], "obb": {"axesLengths": [1.27609143528906, 0.4528000253558151, 0.9782536000116652], "centroid": [0.34803353409886517, 0.9330107088809924, -1.0528701204260447], "normalizedAxes": [0.8480978608131409, 0.5298396348953247, 1.176480324039552e-16, 0, -2.220446049250313e-16, 1, 0.5298396348953247, -0.8480978608131409, -1.8831555444201806e-16]}, "segments": [15850, 22813, 15761, 19166, 22815, 22866, 6889, 8042, 11315, 7121, 11303, 8186, 8218, 19389, 11697, 19374, 11288, 19187, 11284, 23121, 8178, 11683, 2542, 22780, 18196, 6828, 6843, 15765, 15744, 22728, 15812, 15773, 15856, 8286, 13780, 15829, 17988, 6864, 6817, 7991, 23140, 8185, 11283, 11242, 11264, 7944], "label": "baby gym"}, {"objectId": 8, "id": 8, "partId": 8, "index": 4, "dominantNormal": [0, -2.220446049250313e-16, 1], "obb": {"axesLengths": [3.0874520563080123, 0.24000000417232464, 2.109333230906979], "centroid": [0.9067759093711818, 0.8325088330993096, -1.21000011988938], "normalizedAxes": [0.9835203886032104, 0.18079723417758942, 4.014505043450121e-17, 0, -2.220446049250313e-16, 1, 0.18079723417758942, -0.9835203886032104, -2.1838539612311313e-16]}, "segments": [7613, 6890, 5052, 11153, 14737, 8276], "label": "floor"}, {"objectId": 9, "id": 9, "partId": 9, "index": 5, "dominantNormal": [0.22856536507606506, -0.9735285639762878, -2.161667653713479e-16], "obb": {"axesLengths": [2.7481819742276974, 2.593539895261676, 0.37889527148206836], "centroid": [0.5271199883999379, 1.6762398171451507, 0.021659861011355197], "normalizedAxes": [0.9735285639762878, 0.22856536507606506, 5.0751706187860416e-17, 0, -2.220446049250313e-16, 1, 0.22856536507606506, -0.9735285639762878, -2.161667653713479e-16]}, "segments": [4765, 828, 20026, 4183, 2131, 14452, 1994, 8067, 8268, 5908, 427, 20054, 6677, 2082, 2027, 12271, 19600, 12289, 483, 470, 11739, 12111, 13787, 2066, 704, 7443, 12179, 14509, 22314, 22269], "label": "wall"}, {"objectId": 11, "id": 11, "partId": 11, "index": 6, "dominantNormal": [0.9804604649543762, -0.1967163383960724, -4.367980164145466e-17], "obb": {"axesLengths": [0.9761769758709603, 1.5699399507804215, 0.9923761446475272], "centroid": [1.7414540295056966, 1.7355662708971025, -0.6050300880237693], "normalizedAxes": [0.9804604649543762, -0.1967163234949112, -4.367979833273221e-17, 0, -2.220446049250313e-16, 1, -0.1967163234949112, -0.9804604649543762, -2.1770595658540697e-16]}, "segments": [159, 208, 200, 10530, 10508, 10543, 18962, 19420, 4750, 7963, 19024, 10610, 18971, 8874, 8836, 6308, 6320, 3384, 18408, 9288, 10450, 16654, 666, 11728, 6643, 13299, 6519, 6389, 6477, 6546, 17930, 6278, 6273, 3185, 13055, 20485, 17940, 3169, 20622, 3163, 6524, 12954, 6568, 3257, 20578, 20289, 12766, 12731, 12730, 10329, 10311, 20256, 6164, 16828, 3201, 20713, 19866, 21966, 10873, 16349, 6646, 8805, 9769, 6281, 6561, 6089, 5062, 6246, 5095, 16489, 5099, 5116, 3210, 20328, 20331, 6198, 6225, 6201, 16588, 20240, 12957, 9733, 4927, 4963, 4736, 5899, 3217, 3243, 3242, 4632, 4633, 10695, 12932, 12847, 3662, 12869, 3666, 12804, 12882, 20342, 3225, 6496, 8831, 6215, 6431, 18738, 9676, 9660, 18656, 18658, 16336, 2514, 2621, 14944, 10364, 16536, 10864, 3440, 2628, 45, 5712, 6464, 6456, 9744], "label": "shelf"}, {"objectId": 19, "id": 19, "partId": 19, "index": 14, "dominantNormal": [0, -2.220446049250313e-16, 1], "obb": {"axesLengths": [2.48136636497012, 0.22311996914923304, 0.8892486501410396], "centroid": [0.7267146049382059, 1.5371668907709108, 1.3415598673674447], "normalizedAxes": [0.9428290724754333, 0.3332766592502594, 7.400228413395813e-17, 0, -2.220446049250313e-16, 1, 0.3332766592502594, -0.9428290724754333, -2.093501089096413e-16]}, "segments": [3561, 2638, 7564, 5171, 1474, 874, 4922, 3054, 3028, 18775, 12127, 11986, 2945, 16549, 4974, 1415, 11213, 16723, 16696, 1565, 1491, 1268], "label": "ceiling"}, {"objectId": 23, "id": 23, "partId": 23, "index": 18, "dominantNormal": [0.23368333280086517, -0.9723127484321594, -2.158968000891902e-16], "obb": {"axesLengths": [0.4355150960283819, 0.628629968420491, 0.25695995991308485], "centroid": [0.20962339842356215, 1.5652910145641998, 0.744314872963538], "normalizedAxes": [0.9723127484321594, 0.23368333280086517, 5.188812330933272e-17, 0, -2.220446049250313e-16, 1, 0.23368333280086517, -0.9723127484321594, -2.158968000891902e-16]}, "segments": [9890, 10113, 17994, 5283, 18936, 10017, 18170, 13714, 18065, 14094, 9289, 8707, 9144, 18007, 9006, 9957], "label": "shelf unit"}, {"objectId": 24, "id": 24, "partId": 24, "index": 19, "dominantNormal": [0, -2.220446049250313e-16, 1], "obb": {"axesLengths": [0.5160961893462881, 0.08077990828201376, 0.08398461693176407], "centroid": [-0.29909787320727343, 1.481727241687473, 1.3469498556693633], "normalizedAxes": [0.9522404074668884, 0.3053493797779083, 6.7801182396889e-17, 0, -2.220446049250313e-16, 1, 0.3053493797779083, -0.9522404074668884, -2.1143984506963607e-16]}, "segments": [2363], "label": "light"}, {"objectId": 25, "id": 25, "partId": 25, "index": 20, "dominantNormal": [0, -2.220446049250313e-16, 1],