{"segGroups": [{"objectId": 1, "id": 1, "partId": 1, "index": 0, "dominantNormal": [0, -2.220446049250313e-16, 1], "obb": {"axesLengths": [4.514015029009629, 0.5600000494718542, 4.169384161072936], "centroid": [-0.31957073739037173, 1.6099188947876322, -1.0500000424683098], "normalizedAxes": [-0.5635761022567749, 0.8260641694068909, 1.8342309213867722e-16, 0, -2.220446049250313e-16, 1, 0.8260641694068909, 0.5635761022567749, 1.2513903297079463e-16]}, "segments": [11184, 5402, 10088, 13563, 12532, 4677, 2835, 560, 12890, 12913, 4721, 15909, 3397, 7365, 7217, 7460, 7767, 7666, 7205, 3223, 22, 40, 55, 86, 87, 142, 149, 151, 158, 178, 205, 218, 258, 269, 292, 314, 343, 360, 369, 376, 385, 389, 403, 413, 489, 501, 540, 562, 571, 585, 617, 619, 696, 704, 757, 769, 822, 831, 846, 891, 937, 939, 950, 959, 963, 966, 986, 1026, 1031, 1067, 1072, 1197, 1232, 1273, 1296, 1300, 1310, 1318, 1324, 1350, 1383, 1462, 1493, 1550, 1557, 1558, 1583, 1633, 1636, 1638, 1670, 1740, 1752, 1761, 1792, 1800, 1807, 1824, 1835, 1859, 1867, 1919, 2162, 2181, 2348, 2365, 2399, 2401, 2614, 2670, 2745, 2754, 2768, 2782, 2784, 2790, 2808, 2809, 2814, 2821, 2822, 2830, 2834, 2842, 2849, 2851, 2857, 2863, 2918, 2950, 2978, 2982, 3002, 3013, 3040, 3054, 3065, 3079, 3084, 3092, 3115, 3130, 3131, 3150, 3155, 3166, 3173, 3180, 3192, 3219, 3237, 3249, 3251, 3256, 3265, 3272, 3273, 3284, 3325, 3350, 3369, 3393, 3401, 3466, 3507, 3610, 3662, 3684, 3688, 3695, 3748, 3785, 3798, 4035, 4074, 4075, 4082, 4197, 4302, 4369, 4372, 4380, 4381, 4389, 4396, 4404, 4410, 4414, 4415, 4419, 4443, 4450, 4453, 4488, 4497, 4508, 4529, 4560, 4574, 4582, 4628, 4642, 4673, 4675, 4684, 4714, 4737, 4753, 4762, 4771, 4784, 4818, 4826, 4934, 5044, 5118, 5176, 5230, 5268, 5307, 5311, 5332, 5334, 5369, 5411, 5413, 5423, 5443, 5482, 5488, 5489, 5538, 5553, 5562, 5579, 5615, 5633, 5659, 5784, 5818, 5819, 5851, 5892, 5896, 5970, 5974, 6053, 6076, 6213, 6271, 6356, 6363, 6404, 6419, 6430, 6738, 6749, 6772, 6788, 6802, 6805, 6818, 6848, 7089, 7092, 7124, 7213, 7289, 7306, 7312, 7317, 7347, 7353, 7359, 7388, 7407, 7408, 7459, 7471, 7479, 7611, 7658, 7704, 7731, 7736, 7749, 7798, 7803, 7849, 7917, 7921, 8206, 8311, 8355, 8367, 8381, 8392, 8514, 8550, 8598, 8610, 8618, 8695, 9065, 9083, 9089, 9121, 9122, 9179, 9200, 9205, 9207, 9208, 9268, 9316, 9319, 9335, 10590, 10612, 10641, 10649, 10683, 10695, 10727, 10737, 10773, 10800, 11109, 11164, 11167, 11488, 11616, 11625, 11626, 11628, 12155, 12169, 12300, 12301, 12340, 12346, 12392, 12459, 12748, 12775, 12876, 12941, 13006, 13008, 13031, 13046, 13047, 13108, 13114, 13123, 13149, 13191, 13271, 13282, 13298, 13462, 13464, 13465, 13473, 13541, 13640, 13642, 13663, 13674, 13786, 13810, 13829, 13851, 13964, 13979, 13983, 13998, 14607, 14609, 14662, 14668, 14669, 14677, 14746, 14747, 14752, 14755, 14757, 14759, 14767, 14791, 14809, 14854, 14858, 14891, 14895, 14897, 15012, 15018, 15020, 15023, 15030, 15033, 15049, 15053, 15066, 15072, 15083, 15089, 15093, 15097, 15103, 15108, 15115, 15117, 15119, 15124, 15126, 15129, 15132, 15143, 15145, 15169, 15174, 15176, 15181, 15186, 15189, 15194, 15197, 15200, 15207, 15209, 15215, 15218, 15221, 15225, 15233, 15372, 15406, 15415, 15433, 15437, 15445, 15447, 15450, 15451, 15539, 15551, 15558, 15562, 15564, 15579, 15706, 15710, 15712, 15716, 15725, 15731, 15733, 15735, 15750, 15753, 15756, 15767, 15771, 15774, 15778, 15782, 15797, 15799, 15812, 15815, 15820, 15842, 15849, 15853, 15857, 15860, 15912, 15920, 15944, 15967, 15979, 16051, 16077, 16080, 16082, 16089, 16093, 16142, 16150, 16154, 16161, 16228, 16229, 16394, 16477, 16479, 16485, 16496, 16782, 17031, 17299, 17846, 17906, 18139, 19497, 19499, 4814, 5201, 514, 5220, 676, 10702, 18382, 6616, 6622, 5629, 6606, 14818, 793, 6019, 6975, 14788, 7323, 6505, 6555, 6251, 5734, 1156, 1126, 14937, 14928, 14926, 1169, 12932, 12948, 5017, 14835, 14933, 6868, 2019, 15214, 1621, 4177, 15687, 4228, 620, 781, 4544, 5204, 720, 719, 14841, 17012, 17042, 1305, 229, 166, 10729, 12449, 583, 5465, 1716, 16316], "label": "floor"}, {"objectId": 2, "id": 2, "partId": 2, "index": 1, "dominantNormal": [-0.46023431420326233, -0.887797474861145, -1.9713063955898336e-16], "obb": {"axesLengths": [1.369552002839082, 0.5424780128342355, 0.43695256059364196], "centroid": [-0.794746299844863, 0.7203505199246061, -0.9922110458714292], "normalizedAxes": [0.887797474861145, -0.46023428440093994, -1.0219253985276121e-16, 0, -2.220446049250313e-16, 1, -0.46023428440093994, -0.887797474861145, -1.9713063955898336e-16]}, "segments": [5886, 14034, 9450, 9536, 16518, 11808, 148, 648, 5996, 6046, 6511, 8027, 8057, 8059, 8060, 8065, 8085, 8094, 8098, 8103, 8107, 8113, 8129, 8133, 8258, 8265, 8269, 9489, 9523, 9930, 10024, 10112, 10125, 10255, 10260, 10275, 10280, 10288, 10290, 10313, 10328, 10335, 10338, 10340, 10363, 10481, 10894, 10896, 11238, 11273, 11289, 11299, 11308, 11559, 11654, 12017, 12053, 12066, 12105, 12141, 12188, 12199, 12200, 12201, 12204, 12212, 12222, 12230, 12238, 12245, 12249, 12258, 13729, 13762, 13771, 13780, 13784, 13843, 13848, 13855, 13865, 13867, 14057, 14114, 14121, 14125, 14126, 14131, 16148, 16160, 16197, 16201, 16202, 16661, 16668, 16846, 16855, 16859, 16861, 16863, 16867, 16870, 16872, 16875, 16878, 16881, 16884, 16887, 16890, 16894, 16897, 16900, 16904, 16907, 16909, 16911, 16916, 16937, 16940, 16944, 16951, 17157, 17165, 17171, 17174, 17178, 17667, 17699, 17701, 17704, 17710, 17713, 17743, 17762, 17768, 17771, 17774, 17777, 17787, 17799, 18031, 18075, 18132, 18135, 18206, 18241, 18243, 18248, 19467, 17946, 11987, 18092, 17964, 17643, 18222, 11930, 12518, 13735, 18002, 18044], "label": "bench"}, {"objectId": 3, "id": 3, "partId": 3, "index": 2, "dominantNormal": [0, -2.220446049250313e-16, 1], "obb": {"axesLengths": [1.6779819096420083, 0.7446149421196813, 1.0786876316455218], "centroid": [-0.40707784733384844, 1.492224575695327, -0.8878425105398342], "normalizedAxes": [0.9641650319099426, -0.26530322432518005, -5.890914963062156e-17, 0, -2.220446049250313e-16, 1, -0.26530322432518005, -0.9641650319099426, -2.1408764359297341e-16]}, "segments": [13871, 11380, 6565, 19473, 5088, 6520, 6558, 6614, 6671, 7519, 7869, 8785, 8794, 9701, 9831, 14210, 15745, 16252, 16294, 16297, 17269, 19606, 17257, 14584, 17803, 5737, 16305, 15962, 7039], "label": "table"}, {"objectId": 4, "id": 4, "partId": 4, "index": 3, "dominantNormal": [0.9946061372756958, 0.1037239357829094, 2.3031340342185434e-17], "obb": {"axesLengths": [0.7772813751149888, 0.8557559656555358, 0.809078091570848], "centroid": [-0.5151972694631473, 2.2229022018124756, -0.8307120260437137], "normalizedAxes": [0.9946061372756958, 0.1037239357829094, 2.3031340342185434e-17, 0, -2.220446049250313e-16, 1, 0.1037239357829094, -0.9946061372756958, -2.2084692680739333e-16]}, "segments": [11704, 17558, 10964, 10929, 17386, 17474, 17186, 14513, 14525, 11058, 7082, 7060, 7637, 9742, 9753, 9787, 9794, 9798, 9802, 9808, 10912, 10998, 11024, 11032, 11042, 11428, 11679, 11785, 14221, 14291, 16028, 16043, 16046, 16053, 16780, 16790, 17081, 17110, 17112, 17115, 17118, 17120, 17189, 17284, 17301, 17307, 17312, 17381, 17476, 17487, 17537, 17577, 19552, 19556, 7833, 11066, 17182, 7049, 15918, 16116, 16041, 9156, 7620, 7075, 17914], "label": "chair"}, {"objectId": 5, "id": 5, "partId": 5, "index": 4, "dominantNormal": [-0.07666663825511932, -0.997056782245636, -2.2139107930155521e-16], "obb": {"axesLengths": [0.6274502598338026, 0.8507120121111267, 0.6112882840055192], "centroid": [0.2913051934594286, 2.1933624578636914, -0.8222040443374815], "normalizedAxes": [0.997056782245636, -0.07666664570569992, -1.7023415056649487e-17, 0, -2.220446049250313e-16, 1, -0.07666664570569992, -0.997056782245636, -2.2139107930155521e-16]},