{"segGroups": [{"objectId": 1, "id": 1, "partId": 1, "index": 0, "dominantNormal": [0, -2.220446049250313e-16, 1], "obb": {"axesLengths": [2.348446948424156, 0.1303499907922001, 2.1051478273760638], "centroid": [-0.09924799871099865, 0.1432405110022162, -1.6252149715686224], "normalizedAxes": [-0.2497643530368805, 0.9683066606521606, 2.1500726991078537e-16, 0, -2.220446049250313e-16, 1, 0.9683066606521606, 0.2497643530368805, 5.545882709443017e-17]}, "segments": [5339, 8071, 14277, 3742, 16523], "label": "floor"}, {"objectId": 2, "id": 2, "partId": 2, "index": 1, "dominantNormal": [-0.14199724793434143, -0.9898670315742493, -2.1979463395421767e-16], "obb": {"axesLengths": [0.8438322371615952, 1.9793799077112983, 0.16191520207678609], "centroid": [0.2791366264110879, 1.0702262666152158, -0.6796899723418066], "normalizedAxes": [0.9898670315742493, -0.14199724793434143, -3.152972281802256e-17, 0, -2.220446049250313e-16, 1, -0.14199724793434143, -0.9898670315742493, -2.1979463395421767e-16]}, "segments": [7805, 11094, 8094, 5525, 5492], "label": "door"}, {"objectId": 3, "id": 3, "partId": 3, "index": 2, "dominantNormal": [-0.13333725929260254, -0.9910707473754883, -2.200619125537458e-16], "obb": {"axesLengths": [1.775333530466824, 2.545589926564918, 0.1284971537999118], "centroid": [-0.05377637469989881, 1.076710522870305, -0.3627949713378036], "normalizedAxes": [0.9910707473754883, -0.13333725929260254, -2.960681906141239e-17, 0, -2.220446049250313e-16, 1, -0.13333725929260254, -0.9910707473754883, -2.200619125537458e-16]}, "segments": [10049, 768, 8936, 8669, 18856, 11290, 10080, 14683, 12632], "label": "wall"}, {"objectId": 4, "id": 4, "partId": 4, "index": 3, "dominantNormal": [-0.14718113839626312, -0.9891095757484436, -2.196264449746285e-16], "obb": {"axesLengths": [0.7801767107207352, 0.7009179435465197, 0.409483694938101], "centroid": [-0.572035449196115, 0.95758238288234, -1.2804709526133324], "normalizedAxes": [0.9891095757484436, -0.14718113839626312, -3.26807777276146e-17, 0, -2.220446049250313e-16, 1, -0.14718113839626312, -0.9891095757484436, -2.196264449746285e-16]}, "segments": [6838, 1488, 129, 6904, 17351, 810, 16783, 1240, 17, 101, 670, 705, 742, 783, 801, 945, 1213, 1232, 1277, 1339, 1393, 1768, 1775, 1956, 2877, 2956, 2978, 6528, 6533, 6535, 6659, 7181, 16547, 16630, 16917, 17648, 17695, 17701, 18290, 18295, 18298, 18523, 2016, 8576, 699, 1841, 6613, 6856, 16647, 16650, 17429, 1694, 2946, 1113, 909, 1599, 1651, 1692, 1943, 1994, 6609, 7070, 7080, 8625, 14672, 16626, 16627, 16629, 16729, 16812, 17496, 17597, 17988, 2063, 6922, 8626, 18179, 8337, 1033, 13690, 8391, 8376, 8315, 1572, 17978, 55, 10556, 19744, 8494], "label": "shoe shelf"}, {"objectId": 5, "id": 5, "partId": 5, "index": 4, "dominantNormal": [0.9900941848754883, -0.1404048204421997, -3.1176132884658194e-17], "obb": {"axesLengths": [1.7500027122039725, 2.4935119786818616, 0.15748838863926812], "centroid": [-1.0028990664214352, 0.35056830415520845, -0.3453640403976881], "normalizedAxes": [0.1404048204421997, 0.9900941848754883, 2.198450721192487e-16, 0, -2.220446049250313e-16, 1, 0.9900941848754883, -0.1404048204421997, -3.1176132884658194e-17]}, "segments": [9872, 8880, 14888, 13052, 11743, 13721, 14294, 12732], "label": "wall"}, {"objectId": 6, "id": 6, "partId": 6, "index": 5, "dominantNormal": [0.989608108997345, -0.143790602684021, -3.192792756490559e-17], "obb": {"axesLengths": [1.1799601070830104, 2.079999936819077, 0.1701935175659267], "centroid": [-1.0369574822103087, 0.27382598654788043, -0.5900000043300542], "normalizedAxes": [0.143790602684021, 0.989608108997345, 2.1973714159292278e-16, 0, -2.220446049250313e-16, 1, 0.989608108997345, -0.143790602684021, -3.192792756490559e-17]}, "segments": [11960, 11935], "label": "door"}, {"objectId": 7, "id": 7, "partId": 7, "index": 6, "dominantNormal": [0, -2.220446049250313e-16, 1], "obb": {"axesLengths": [1.8802299693234485, 0.14078604860336963, 1.854619236371672], "centroid": [-0.17993286165560657, 0.22176866698430542, 0.8699859642898438], "normalizedAxes": [0.0639071986079216, 0.997955858707428, 2.215907143793112e-16, 0, -2.220446049250313e-16, 1, 0.997955858707428, -0.0639071986079216, -1.4190248666761463e-17]}, "segments": [13941, 1592, 7277, 7303, 10912, 19812, 19914, 10002, 902, 12932], "label": "ceiling"}, {"objectId": 8, "id": 8, "partId": 8, "index": 7, "dominantNormal": [-0.15353138744831085, -0.9881437420845032, -2.1941198682029554e-16], "obb": {"axesLengths": [1.779810379863707, 2.5550259376683977, 0.28744280780631964], "centroid": [-0.3046363312220527, -0.7130696158429501, -0.3701169845522876], "normalizedAxes": [0.9881437420845032, -0.15353138744831085, -3.4090816269552094e-17, 0, -2.220446049250313e-16, 1, -0.15353138744831085, -0.9881437420845032, -2.1941198682029554e-16]}, "segments": [178, 5312, 19278, 19261, 7866, 8201, 14883, 6092, 3054, 13562, 4346], "label": "wall"}, {"objectId": 9, "id": 9, "partId": 9, "index": 8, "dominantNormal": [0.9899693131446838, -0.14128249883651733, -3.1371016636975687e-17], "obb": {"axesLengths": [1.7767514910507145, 2.5456199077005697, 0.17272167208500547], "centroid": [0.677505953664924, 0.11273495367630415, -0.38281000198975246], "normalizedAxes": [0.14128249883651733, 0.9899693131446838, 2.1981734502511593e-16, 0, -2.220446049250313e-16, 1, 0.9899693131446838, -0.14128249883651733, -3.1371016636975687e-17]}, "segments": [3932, 5296, 12468, 2522, 4747, 5267, 4692], "label": "wall"}, {"objectId": 10, "id": 10, "partId": 10, "index": 9, "dominantNormal": [0.9873846173286438, -0.15834017097949982, -3.5158580708904944e-17], "obb": {"axesLengths": [0.6669122465225407, 1.9432900113622087, 0.10715231534489099], "centroid": [0.6887548022916455, -0.3007388000938656, -0.6616450241672618], "normalizedAxes": [0.158340185880661, 0.9873846173286438, 2.1924342726379193e-16, 0, -2.220446049250313e-16, 1, 0.9873846173286438, -0.158340185880661, -3.5158584017627395e-17]}, "segments": [17033, 12879], "label": "door"}, {"objectId": 11, "id": 11, "partId": 11, "index": 10, "dominantNormal": [-0.2132193148136139, -0.97700434923172, -2.1693854473519458e-16], "obb": {"axesLengths": [0.31127393438879014, 0.8378650060773263, 0.11854048012655638], "centroid": [-0.7252614443113918, 1.1352063321305161, -0.2689325143722634], "normalizedAxes": [0.97700434923172, -0.21321932971477509, -4.734420182889722e-17, 0, -2.220446049250313e-16, 1, -0.21321932971477509, -0.97700434923172, -2.1693854473519458e-16]}, "segments": [9575, 12325, 9211, 9286, 9340, 12334, 9178, 12265, 9329, 13169], "label": "umbrella"}, {"objectId": 12, "id": 12, "partId": 12, "index": 11, "dominantNormal": [-0.34440910816192627, -0.9388196468353271, -2.0845983757740764e-16], "obb": {"axesLengths": [0.5667254874914296, 0.9010650314152603, 0.28731035925148773], "centroid": [-0.8447525730170228, -0.384234094652634, -1.1802774841363544], "normalizedAxes": [0.9388196468353271, -0.34440910816192627, -7.64741843543973e-17, 0, -2.220446049250313e-16, 1, -0.34440910816192627, -0.9388196468353271, -2.0845983757740764e-16]}, "segments": [9627, 8224, 16371, 6463], "label": "cabinet"}, {"objectId": 13, "id": 13, "partId": 13, "index": 12, "dominantNormal": [-0.020859915763139725, -0.999782383441925, -2.219962843423684e-16], "obb": {"axesLengths": [0.5678371547856836, 1.019999987930059, 0.2086127571264644], "centroid": [-0.8719964182905472, -0.4856632515673966, -0.2400000032124674], "normalizedAxes": [0.999782383441925, -0.020859917625784874, -4.6318321679860994e-18, 0, -2.220446049250313e-16, 1, -0.020859917625784874, -0.999782383441925, -2.219962843423684e-16]}, "segments": [19292, 19059, 14381, 14527, 6798, 14368, 14541, 14570, 14572, 14650, 14660, 14908, 14913, 14938, 14939, 14951, 14994, 15066, 15119, 15167, 15169, 15173, 15578, 19048, 19123, 19125, 19306, 19314, 16491, 6861, 16488, 19418, 15608, 15596, 15640, 15811, 16330, 20267, 20282, 15769, 15574], "label": "clothes"}, {"objectId": 14, "id": 14, "partId": 14, "index": 13,