{"segGroups": [{"objectId": 19, "id": 19, "partId": 19, "index": 0, "dominantNormal": [0.8226683735847473, -0.5685214996337891, -1.2623713177757102e-16], "obb": {"axesLengths": [0.6817137076333514, 0.5411999700695284, 0.4979023932739818], "centroid": [-1.0863785618631523, 0.639023298085587, -1.0805999576044085], "normalizedAxes": [0.5685214996337891, 0.8226683735847473, 1.8266907399694328e-16, 0, -2.220446049250313e-16, 1, 0.8226683735847473, -0.5685214996337891, -1.2623713177757102e-16]}, "segments": [1791, 1944, 1862, 1932, 25300, 2072, 1513, 1535, 1891, 1945, 2050, 16556, 16585, 20453, 20455, 20527, 24291, 16716, 24216, 1490, 2178, 2305, 5494, 17155, 16642, 16802, 11648, 17222, 2021, 1070, 1510, 1545, 2361, 2384, 10945, 11106, 11222, 15955, 15977, 16496, 16811, 21689, 24191, 24194, 24196, 24287, 24288, 24374, 24445, 24566, 25245, 2116, 20465, 20516, 20519, 20523, 20525], "label": "clutter"}, {"objectId": 20, "id": 20, "partId": 20, "index": 1, "dominantNormal": [0.9794232845306396, 0.20181682705879211, 4.4812337631492863e-17], "obb": {"axesLengths": [0.1337325578060839, 0.23094999273978178, 0.11408764408995233], "centroid": [-0.8372743131931535, 1.0367721649120891, -1.2269749846118314], "normalizedAxes": [-0.2018168419599533, 0.9794232845306396, 2.174756562679824e-16, 0, -2.220446049250313e-16, 1, 0.9794232845306396, 0.2018168419599533, 4.4812340940215313e-17]}, "segments": [18914, 16728], "label": "cleanser"}, {"objectId": 21, "id": 21, "partId": 21, "index": 2, "dominantNormal": [0.3707636892795563, -0.9287272691726685, -2.0621887956654838e-16], "obb": {"axesLengths": [1.3714239474120984, 1.4056919796982703, 0.33750398101034845], "centroid": [-1.3513211175363726, 2.8396291984911746, 0.23284601325617693], "normalizedAxes": [0.9287272691726685, 0.3707636892795563, 8.232607690662614e-17, 0, -2.220446049250313e-16, 1, 0.3707636892795563, -0.9287272691726685, -2.0621887956654838e-16]}, "segments": [14335, 3839, 7647, 4485, 7852, 435], "label": "windowsill"}, {"objectId": 22, "id": 22, "partId": 22, "index": 3, "dominantNormal": [0.23110097646713257, -0.9729297757148743, -2.1603380766840858e-16], "obb": {"axesLengths": [0.4583030646078491, 0.3799999979138373, 0.2311744314380316], "centroid": [-1.6638808412774047, 2.758868626973074, -0.23999998687475932], "normalizedAxes": [0.9729297757148743, 0.23110096156597137, 5.131472170871096e-17, 0, -2.220446049250313e-16, 1, 0.23110096156597137, -0.9729297757148743, -2.1603380766840858e-16]}, "segments": [22418, 13878, 22455, 14157, 13990], "label": "box"}, {"objectId": 2, "id": 2, "partId": 2, "index": 4, "dominantNormal": [0, -2.220446049250313e-16, 1], "obb": {"axesLengths": [1.7279655210333174, 0.7119189937728864, 0.8729177993042283], "centroid": [-1.4277423442497121, 1.7338644758069124, -1.0136204912327114], "normalizedAxes": [-0.4169866442680359, 0.9089125990867615, 2.0181913897560332e-16, 0, -2.220446049250313e-16, 1, 0.9089125990867615, 0.4169866442680359, 9.25896346855106e-17]}, "segments": [10677, 16898, 16919, 18171, 10426, 19057, 19105, 25445, 25474, 10688, 13894, 9351, 9404, 13718, 17403, 17406, 17410, 17418, 23022, 23052, 23064, 23069, 23073, 23105, 23107, 23110, 23113, 24622, 24625, 26327, 18049, 19682, 23867, 24920, 17083, 9271, 17481, 13354, 14599, 19166, 13650, 13666, 16893, 14549, 18034, 23846, 15168, 7019, 15213, 15107, 23360, 23292, 14854, 15154, 23019], "label": "bathtub"}, {"objectId": 3, "id": 3, "partId": 3, "index": 5, "dominantNormal": [0, -2.220446049250313e-16, 1], "obb": {"axesLengths": [0.6191968122119982, 0.4539930122943292, 0.5417693541701932], "centroid": [-1.1163853733078193, 0.5762562081987301, -0.6169964714152406], "normalizedAxes": [-0.1188470795750618, 0.9929125905036926, 2.2047088388348182e-16, 0, -2.220446049250313e-16, 1, 0.9929125905036926, 0.1188470795750618, 2.6389352830738355e-17]}, "segments": [5417, 21413, 7343, 5384, 7361, 7460, 15684, 15694, 15722, 15723, 21800, 23733, 7379, 21437, 7249, 16073, 16065, 7269, 15678, 15727, 16036, 16043, 16055, 16072, 21392, 23943, 24081, 24089, 24140, 24143, 24149, 24151, 23769, 5438], "label": "sink"}, {"objectId": 4, "id": 4, "partId": 4, "index": 6, "dominantNormal": [0.8961819410324097, 0.4436867833137512, 9.851825651135986e-17], "obb": {"axesLengths": [2.9040882368898497, 1.9108600189344565, 0.22219081603595217], "centroid": [-1.5229408053443982, 1.0531537241018116, 0.08543003585450282], "normalizedAxes": [-0.4436867833137512, 0.8961819410324097, 1.989923650374891e-16, 0, -2.220446049250313e-16, 1, 0.8961819410324097, 0.4436867833137512, 9.851825651135986e-17]}, "segments": [8786, 10286, 21, 23, 1689, 1723, 5878, 7052, 7180, 7184, 8782, 9589, 19487, 19491, 20125, 25745, 25961, 25963, 25967, 25969, 13150, 5479, 23739, 7243, 20815, 3101], "label": "wall"}, {"objectId": 5, "id": 5, "partId": 5, "index": 7, "dominantNormal": [-0.40989214181900024, -0.9121339917182922, -2.0253443182977998e-16], "obb": {"axesLengths": [0.8663673865879896, 0.9679679952270981, 0.675057663451297], "centroid": [-0.7339838824118604, 0.26035649238773684, -0.8540659685892017], "normalizedAxes": [0.9121339917182922, -0.40989217162132263, -9.101434530951971e-17, 0, -2.220446049250313e-16, 1, -0.40989217162132263, -0.9121339917182922, -2.0253443182977998e-16]}, "segments": [25143, 25010, 17781, 17834, 17896, 18487, 18489, 18557, 18625, 24742, 24960, 24983, 25145, 25152, 18521, 18441, 9570, 9607, 11871, 17741, 17844, 17951, 24740, 11703, 11848, 18619, 6642, 17770, 18566, 6316, 9595, 13227, 17063, 17079, 2406, 2153, 783, 21161], "label": "washing machine"}, {"objectId": 6, "id": 6, "partId": 6, "index": 8, "dominantNormal": [0.4292652904987335, -0.9031784534454346, -2.005459028720923e-16], "obb": {"axesLengths": [0.5226536992914708, 0.7399999631941323, 0.09421680316075706], "centroid": [-0.6433420238455051, -0.1544317807323512, -0.27999996832281404], "normalizedAxes": [0.9031784534454346, 0.4292652904987335, 9.531604183682008e-17, 0, -2.220446049250313e-16, 1, 0.4292652904987335, -0.9031784534454346, -2.005459028720923e-16]}, "segments": [3116, 3086, 20345, 20705], "label": "wall"}, {"objectId": 7, "id": 7, "partId": 7, "index": 9, "dominantNormal": [0.9259199500083923, 0.37771984934806824, 8.387065472083416e-17], "obb": {"axesLengths": [0.31925528927308144, 1.0544489982474814, 0.10406748700247613], "centroid": [-0.37126694909593727, -0.14659818892817977, -0.8195354936253537], "normalizedAxes": [-0.37771981954574585, 0.9259199500083923, 2.0559552949181822e-16, 0, -2.220446049250313e-16, 1, 0.9259199500083923, 0.37771981954574585, 8.387064810338926e-17]}, "segments": [6049, 4297, 629, 5375, 20337, 20343, 20771, 20882], "label": "wall"}, {"objectId": 8, "id": 8, "partId": 8, "index": 10, "dominantNormal": [0, -2.220446049250313e-16, 1], "obb": {"axesLengths": [1.248026397825694, 0.8729749722858893, 0.9161071394012342], "centroid": [-1.0706965681187803, 2.3396886509690304, -0.9335124762939104], "normalizedAxes": [0.10524649918079376, 0.9944461584091187, 2.2081140436316785e-16, 0, -2.220446049250313e-16, 1, 0.9944461584091187, -0.10524649918079376, -2.3369417330341982e-17]},