{"segGroups": [{"objectId": 5, "id": 5, "partId": 5, "index": 0, "dominantNormal": [0, -2.220446049250313e-16, 1], "obb": {"axesLengths": [1.5694338937692993, 0.8191460187924052, 0.8655946113532621], "centroid": [-1.5771138134959835, 1.7649075851651648, -1.097637007712937], "normalizedAxes": [0.8626997470855713, -0.5057164430618286, -1.1229160780375582e-16, 0, -2.220446049250313e-16, 1, -0.5057164430618286, -0.8626997470855713, -1.915578245105401e-16]}, "segments": [46448, 33183, 5974, 27386, 26725, 46402, 21186, 27565, 8371, 8309, 28996, 5170, 5190, 6158, 7012, 7014, 7055, 7087, 7094, 7107, 7131, 7144, 7169, 7284, 7533, 8389, 8483, 8488, 8492, 8494, 8497, 8510, 8527, 8530, 8546, 8549, 8576, 8591, 8597, 8607, 8638, 16166, 18370, 21445, 21448, 21454, 21469, 21487, 21509, 26797, 26805, 26826, 26861, 27319, 27379, 27506, 27513, 27532, 27547, 27575, 28440, 28513, 29021, 29044, 29057, 29065, 29077, 43678, 43723, 43788, 43807, 45603, 45607, 45611, 45615, 46522, 46527, 46552, 46555, 46561, 46563, 46604, 46609, 46611, 48286, 23840, 30512, 8889, 48353, 27501, 48375, 8881, 47114, 8952, 8998, 9000, 9040, 18204, 18279, 21472, 22818, 22825, 33017, 45771, 48466, 21124, 48473, 48476, 48477], "label": "bean bag"}, {"objectId": 6, "id": 6, "partId": 6, "index": 1, "dominantNormal": [0.9697940945625305, -0.24392502009868622, -5.41622347191431e-17], "obb": {"axesLengths": [2.1115540433690403, 1.4645496577497639, 0.9093363602809701], "centroid": [-2.7958887393173795, -0.5319057949033783, -0.777725162384543], "normalizedAxes": [0.24392502009868622, 0.9697940945625305, 2.1533754658576554e-16, 0, -2.220446049250313e-16, 1, 0.9697940945625305, -0.24392502009868622, -5.41622347191431e-17]}, "segments": [4510, 43397, 50322, 45222, 18324, 30069, 47008, 29778, 7479, 44919, 6730, 331, 1607, 6258, 5681, 34506, 48540, 31112, 31259, 17863, 353, 427, 743, 1096, 2267, 2271, 2310, 2349, 2355, 2377, 2385, 2386, 2389, 2401, 2403, 2411, 2416, 2542, 2558, 2747, 2801, 2828, 2861, 2895, 3004, 3117, 3203, 3762, 3777, 3814, 3833, 3843, 3974, 3986, 4019, 4035, 4066, 4139, 5125, 5316, 6390, 7593, 13555, 13565, 13576, 16999, 17057, 17064, 17089, 17783, 18434, 18622, 18669, 18787, 18912, 19228, 19610, 19759, 19871, 22061, 24507, 29576, 29642, 29686, 29983, 30039, 30043, 30685, 30688, 30693, 31055, 31148, 31201, 31304, 31311, 31340, 31381, 31383, 31392, 31400, 31406, 31409, 31419, 31425, 31485, 31502, 31506, 31532, 31556, 31562, 31596, 31607, 31759, 31927, 31981, 32825, 34581, 36899, 39615, 39620, 42761, 42820, 43492, 43497, 43514, 43517, 43526, 43529, 43531, 43605, 44331, 44425, 44743, 44849, 45044, 45047, 45050, 45069, 45197, 45528, 45537, 46965, 46972, 46976, 47005, 47015, 47367, 47369, 47373, 47381, 47408, 47411, 47419, 47421, 47429, 47434, 47450, 47513, 47515, 47527, 47578, 47631, 47664, 47728, 48051, 48054, 48094, 48481, 48492, 48496, 48560, 48846, 50511, 42857, 26680, 28896, 29023, 29024, 42772, 46646, 46707, 46757, 13527, 20305, 20338, 13514, 16923, 2215, 17314], "label": "bar"}, {"objectId": 7, "id": 7, "partId": 7, "index": 2, "dominantNormal": [0.40287548303604126, -0.9152547717094421, -2.032273841899728e-16], "obb": {"axesLengths": [1.6509659525571705, 1.1659719981408412, 0.7392081351692067], "centroid": [-2.821492495702747, -2.1773493517447093, -0.9083440297233151], "normalizedAxes": [0.9152547717094421, 0.40287548303604126, 8.945632746471893e-17, 0, -2.220446049250313e-16, 1, 0.40287548303604126, -0.9152547717094421, -2.032273841899728e-16]}, "segments": [23781, 44201, 33885, 1684, 7240, 32575, 16926, 44433, 18116, 17969, 20723, 1921, 3174, 15358, 16772, 16805, 16813, 16838, 16857, 18032, 20549, 20567, 24768, 24797, 24813, 24870, 24887, 25973, 26175, 26279, 26466, 26487, 26548, 26581, 26623, 26629, 26636, 26728, 27355, 27451, 27518, 27679, 32516, 32518, 32534, 40887, 44435, 45003, 45027, 45034, 45637, 45641, 45642, 45659, 45661, 45666, 45853, 45856, 47908, 47940, 44977, 25680, 24961, 24189, 1675], "label": "bar"}, {"objectId": 8, "id": 8, "partId": 8, "index": 3, "dominantNormal": [0, -2.220446049250313e-16, 1], "obb": {"axesLengths": [10.197671378982923, 0.4000000268220875, 4.526503746163321], "centroid": [-3.7905969043044996, -0.46343069995022546, -0.8700000496719758], "normalizedAxes": [0.3801397979259491, 0.9249290227890015, 2.053754994488791e-16, 0, -2.220446049250313e-16, 1, 0.9249290227890015, -0.3801397979259491, -8.44079912467486e-17]}, "segments": [9392, 13479, 522, 9834, 12609, 661, 1714, 2362, 16474, 16519, 16525, 16553, 17669, 17701, 18570, 18769, 18773, 18830, 19208, 19293, 20257, 20570, 20571, 20906, 21142, 22060, 22096, 22105, 23232, 23585, 23635, 23935, 23954, 24391, 32643, 32685, 32699, 38071, 43489, 45186, 45188, 47403, 47945, 12682, 15343, 23222, 12629, 38265, 13362, 11654, 35529, 39256, 17638, 12351, 22299, 41544, 23906, 50597, 40570, 50564, 12932, 50560, 34714, 40667, 28675, 39089, 11268, 21997, 24457, 31887, 22994, 39229, 34993, 35469, 32325, 43287, 34233, 49774, 26648, 26684, 26534, 7896, 21245, 38679, 28430, 39107, 28365, 23429, 14259, 5370, 27158, 27838, 21882, 17503, 27812, 26166, 27082, 44195, 25174, 22186, 23103, 48885, 4708, 23625, 36680, 23558, 22133, 22142, 22458, 26223, 26178, 26222, 26142, 46327, 43797, 43800, 7640, 27235, 22710], "label": "podest"}, {"objectId": 2, "id": 2, "partId": 2, "index": 4, "dominantNormal": [0, -2.220446049250313e-16, 1], "obb": {"axesLengths": [9.367830042125014, 0.8399999549984931, 4.593987285488384], "centroid": [-2.9325486505263014, -0.6834224708316154, -1.0900000137601786], "normalizedAxes": [0.4673493504524231, 0.8840727210044861, 1.9630357806043854e-16, 0, -2.220446049250313e-16, 1, 0.8840727210044861, -0.4673493504524231, -1.0377240188317829e-16]}, "segments": [26017, 45714, 10803, 20748, 16440, 20735, 20720, 16568, 34279, 33380, 23126, 37284, 37636, 12823, 40391, 40382, 11390, 36783, 31849, 49259, 51421, 31028, 29431, 3324, 3502, 3520, 3522, 3748, 4081, 6659, 7448, 8975, 9886, 10079, 10979, 11010, 11022, 11114, 11317, 11490, 12760, 14269, 19029, 20957, 24243, 24246, 24459, 24539, 24551, 24569, 28111, 28121, 28132, 28133, 28136, 28155, 28900, 28903, 28904, 29122, 29421, 29514, 30120, 30170, 30380, 30659, 30832, 31691, 32368, 32752, 34377, 35161, 35171, 35184, 35195, 35220, 35746, 35907, 36445, 37715, 39148, 39252, 43453, 43462, 43470, 45747, 46670, 46956, 46957, 46962, 47024, 47025, 47037, 47231, 47347, 47357, 48725, 49227, 49252, 49349, 51427, 52662, 40975, 42693, 31710, 84, 49274, 9472, 52618, 1764, 34815, 28796, 29853, 29847, 10141, 34406, 468, 861, 2175, 2197, 2627, 3041, 3082, 3553, 3562, 3782, 3791, 4869, 4944, 5217, 12852, 19377, 19384, 19388, 22115, 24712, 25775, 26918, 26929, 26930, 26931, 26936, 26941, 26971, 26994, 27002, 27764, 27765, 27772, 28694, 28711, 29807, 32141, 32158, 32339, 32395, 35037, 36038, 37738, 38113, 38565, 38589, 38796, 38825, 38829, 38844, 39281, 39368, 42603, 42612, 42648, 42725, 42747, 42773, 42794, 42842, 43449, 43477, 43563, 43602, 43635, 43661, 43669, 43671, 43674, 44698, 46369, 46370, 46374, 46379, 46760, 48890, 51361, 51366, 51372, 51495, 51500, 51516, 765, 43883, 34088, 10100, 47807, 14663, 47888, 14624, 40154, 16669, 44710, 33645, 22831, 33057], "label": "stairs"}, {"objectId": 1, "id": 1, "partId": 1, "index": 5, "dominantNormal": [0, -2.220446049250313e-16, 1], "obb": {"axesLengths": [7.944665155433036, 0.3219499516051266, 4.671418499250249], "centroid": [-2.521881595846026, -1.5117848332953348, -1.384644988797046], "normalizedAxes": [0.2940424978733063, 0.9557923674583435, 2.1222853862264823e-16, 0, -2.220446049250313e-16, 1, 0.9557923674583435, -0.2940424978733063, -6.529055027144765e-17]},