{"segGroups": [{"objectId": 1, "id": 1, "partId": 1, "index": 0, "dominantNormal": [0, -2.220446049250313e-16, 1], "obb": {"axesLengths": [9.180317802251595, 0.25999998465180435, 4.3639474366559705], "centroid": [-0.643196015823792, -1.1343212002711247, -1.2799999222904455], "normalizedAxes": [0.28191834688186646, 0.9594383835792542, 2.1303811683176613e-16, 0, -2.220446049250313e-16, 1, 0.9594383835792542, -0.28191834688186646, -6.259844795450197e-17]}, "segments": [10315, 15144, 17779, 4912, 17924, 8340, 13089, 16129, 12986, 17443, 17458, 1402, 1449, 10045, 17897, 1394, 11332, 22759, 10933, 19938, 12073, 21851, 18850, 539, 399, 11068, 7513, 15492, 17, 61, 74, 82, 84, 134, 139, 153, 159, 187, 257, 278, 436, 440, 448, 458, 475, 491, 505, 507, 523, 546, 559, 586, 595, 626, 734, 866, 925, 960, 1135, 1141, 1151, 1189, 1202, 1238, 1282, 1321, 1331, 1421, 1434, 1436, 1490, 1505, 1510, 1536, 1539, 1565, 1566, 1583, 1594, 1607, 1631, 1637, 1641, 1644, 1658, 1668, 1671, 1827, 1864, 1872, 1895, 1898, 1935, 1939, 1957, 1984, 2007, 2034, 2035, 2036, 2045, 2053, 2054, 2078, 2089, 2105, 2125, 2131, 2136, 2137, 2149, 2182, 2201, 2212, 2236, 2237, 2238, 2260, 2273, 2275, 2283, 2284, 2321, 2353, 2408, 2540, 2541, 2554, 2565, 2571, 2592, 2607, 2611, 2613, 2616, 2620, 2643, 2657, 2660, 2671, 2734, 2791, 2934, 3035, 3264, 3278, 3304, 3323, 3361, 3493, 3502, 3548, 3790, 3811, 3834, 3899, 3930, 3936, 3960, 3986, 3990, 4016, 4070, 4073, 4097, 4121, 4125, 4129, 4227, 4233, 4243, 4246, 4270, 4303, 4314, 4318, 4322, 4366, 4598, 4651, 4709, 4721, 4737, 4806, 4814, 4834, 4877, 4884, 4966, 5018, 5044, 5047, 5473, 5970, 5974, 5995, 6017, 6035, 6075, 6324, 6816, 6824, 6838, 6844, 6932, 6992, 7075, 7089, 7126, 7549, 7566, 7619, 7624, 7644, 7697, 7821, 7862, 7870, 8011, 8283, 8313, 8351, 8353, 8359, 8367, 8563, 8615, 8643, 8667, 8704, 8756, 8784, 8811, 8817, 8823, 8856, 8860, 8867, 8879, 8970, 8988, 9010, 9012, 9023, 9035, 9052, 9083, 9094, 9108, 9115, 9125, 9133, 9136, 9156, 9168, 9200, 9215, 9345, 9377, 9383, 9389, 9402, 9561, 9592, 9632, 9638, 9649, 9675, 9684, 9795, 9814, 9827, 9854, 9883, 9895, 9900, 9904, 9915, 9961, 9976, 10031, 10055, 10072, 10079, 10083, 10096, 10112, 10148, 10159, 10164, 10167, 10253, 10265, 10836, 10895, 10927, 11050, 11096, 11115, 11134, 11218, 11223, 11313, 11411, 11434, 11465, 11500, 11520, 11544, 11552, 11572, 11576, 11621, 11658, 11661, 11667, 11685, 11717, 11721, 11748, 11833, 11834, 11835, 11839, 11859, 11864, 11872, 11881, 11909, 11933, 11943, 11944, 11964, 12012, 12046, 12060, 12069, 12082, 12096, 12103, 12112, 12136, 12245, 12268, 12291, 12327, 12337, 12344, 12355, 12370, 12371, 12383, 12388, 12390, 12414, 12431, 12444, 12464, 12471, 12487, 12560, 12597, 12606, 12624, 12625, 12630, 12631, 12635, 12660, 12676, 12679, 12685, 12699, 12700, 12717, 12731, 12738, 12757, 12806, 12820, 12867, 12880, 12935, 13009, 13047, 13064, 13133, 13161, 13307, 13334, 13341, 13347, 13357, 13383, 13394, 13430, 13540, 13575, 13692, 13699, 13725, 13735, 13758, 13795, 13800, 13808, 13824, 13839, 13859, 13861, 13869, 13874, 13889, 13894, 13927, 13940, 13987, 13991, 14154, 14186, 14195, 14314, 14319, 14326, 14340, 14346, 14348, 14349, 14353, 14359, 14365, 14390, 14397, 14407, 14457, 14483, 14493, 14504, 14525, 14530, 14533, 14543, 14554, 14559, 14560, 14593, 14618, 14628, 14635, 14636, 14653, 14659, 14671, 14687, 14714, 14717, 14726, 14734, 14745, 14751, 14755, 14762, 14771, 14777, 14782, 14786, 14791, 14805, 14997, 15005, 15027, 15076, 15080, 15098, 15186, 15356, 15378, 15388, 15416, 15475, 15632, 15639, 15645, 15706, 15717, 15728, 15812, 15916, 15918, 16012, 16028, 16031, 16059, 16062, 16108, 16113, 16120, 16125, 16134, 16139, 16189, 16343, 16362, 16520, 16523, 16627, 16642, 16905, 16908, 16930, 16935, 16947, 16949, 16972, 16974, 16987, 16997, 17007, 17010, 17012, 17022, 17033, 17329, 17494, 17510, 17572, 17596, 17605, 17606, 17618, 17642, 17658, 17731, 17900, 18046, 18068, 18193, 18196, 18198, 18208, 18210, 18266, 18321, 18322, 18325, 18326, 18328, 18352, 18357, 18361, 18384, 18386, 18391, 18424, 18432, 18465, 18468, 18469, 18504, 18507, 18526, 18563, 18568, 18582, 18587, 18590, 18620, 18624, 18694, 18701, 18737, 18776, 18800, 18838, 18840, 18846, 18859, 18922, 18933, 18934, 18937, 18942, 19084, 19086, 19199, 19200, 19259, 19269, 19272, 19273, 19280, 19355, 19478, 19482, 19487, 19510, 19512, 19519, 19581, 19585, 19595, 19604, 19621, 19622, 19625, 19672, 19673, 19675, 19682, 19729, 19845, 19853, 19855, 19865, 19870, 19875, 19879, 19882, 19890, 19896, 19900, 19901, 19908, 19913, 19941, 19946, 19950, 19957, 19983, 19985, 19990, 20038, 20047, 20054, 20061, 20097, 20100, 20251, 20258, 20309, 20412, 20421, 20429, 20431, 20441, 20445, 20447, 20457, 20459, 20473, 20478, 20495, 20499, 20504, 20507, 20509, 20516, 20574, 20639, 20642, 20651, 20765, 20845, 20874, 20950, 21050, 21055, 21176, 21179, 21243, 21253, 21368, 22034, 22057, 22134, 22276, 23397, 23400, 10959, 11262, 16655, 16570, 18436, 10024, 1808, 1902, 5397, 14874, 22223, 5287, 17958, 21586, 6559, 10550, 7832, 840, 842, 851, 867, 869, 889, 924, 941, 954, 957, 959, 965, 983, 990, 1006, 1014, 1033, 1037, 1042, 1068, 1073, 1123, 1313, 1722, 1831, 1835, 3853, 3872, 5304, 5327, 5430, 5439, 5455, 5470, 5493, 5508, 5521, 5522, 5538, 5555, 5573, 5584, 5590, 5591, 5623, 5639, 5642, 5646, 5679, 6009, 6083, 6091, 6321, 6331, 6334, 6343, 6347, 6348, 6359, 6379, 6393, 6400, 6407, 6422, 6430, 6432, 6465, 6467, 6475, 6485, 6492, 6522, 6538, 6539, 8006, 8062, 8202, 8208, 8292, 8507, 8508, 8519, 8524, 9773, 9847, 9919, 9947, 9957, 10334, 10350, 10367, 10395, 10408, 10411, 10485, 10496, 10511, 10521, 10532, 10556, 10579, 10586, 10614, 10632, 10649, 10711, 10720, 10735, 10753, 10766, 10774, 10785, 10806, 10825, 10879, 11256, 12493, 12572, 12772, 12775, 12830, 14001, 15104, 15161, 15163, 15198, 15207, 15211, 15280, 15612, 15699, 15739, 15741, 15775, 16128, 16427, 16428, 16474, 16488, 16595, 17050, 17125, 17209, 17223, 17244, 17915, 17960, 18229, 18552, 18558, 18562, 18584, 18736, 18984, 18986, 18997, 19001, 19005, 19007, 19155, 19156, 19163, 19172, 19177, 19182, 19190, 19193, 19465, 19470, 19685, 19689, 19694, 19703, 19707, 19712, 19736, 19765, 19768, 19780, 19788, 19800, 19803, 19806, 19809, 19811, 19820, 20000, 20043, 20048, 20066, 20074, 20080, 20329, 20602, 20603, 20610, 20641, 20648, 20654, 20683, 20684, 20689, 20703, 20707, 20716, 20718, 20726, 20928, 21087, 21479, 21531, 21582, 21590, 21594, 22291, 13712, 19742, 8411, 10456, 10479, 10483, 10501, 10617, 10624, 10647, 10801, 10810, 17865, 17880, 17929, 17937, 19726, 19773], "label": "floor"}, {"objectId": 2, "id": 2, "partId": 2, "index": 1, "dominantNormal": [0.7630395889282227, 0.64635169506073, 1.435189067723841e-16], "obb": {"axesLengths": [0.40316787935749687, 0.43157201040747717, 0.37129165849511225], "centroid": [0.8597664580144055, 2.1608664137429487, -0.7457859442579896], "normalizedAxes": [-0.6463517546653748, 0.7630395889282227, 1.694288240657255e-16, 0, -2.220446049250313e-16, 1, 0.7630395889282227, 0.6463517546653748, 1.435189200072739e-16]}, "segments": [18944, 7401, 3152, 7385, 20939, 20949, 9528, 9518, 19601, 9516, 3138, 9481], "label": "stool"}, {"objectId": 3, "id": 3, "partId": 3, "index": 2, "dominantNormal": [0, -2.220446049250313e-16, 1], "obb": {"axesLengths": [0.3901319308433156, 0.3712500250805162, 0.4282112188335856], "centroid": [0.27416333072615573, 1.8923598241360997, -0.7156249515945092], "normalizedAxes": [0.9488100409507751, 0.31584733724594116, 7.013219721539813e-17, 0, -2.220446049250313e-16, 1, 0.31584733724594116, -0.9488100409507751, -2.1067815069181764e-16]}, "segments": [20164, 6855, 13449, 20172, 19081, 20773, 21228], "label": "stool"}, {"objectId": 4, "id": 4, "partId": 4, "index": 3, "dominantNormal": [0.9901853799819946, -0.13976000249385834, -3.1032954538070165e-17], "obb": {"axesLengths": [0.3658197209177694, 0.5995939835996779, 0.3888134524152462], "centroid": [-0.1769336299488124, 1.7084435880892679, -0.8364529813873834],