{"segGroups": [{"objectId": 1, "id": 1, "initialPoint": [2.1058332039821797, 1.1686668674097216, -1.3931065984744124], "index": 0, "dominantNormal": [0, -2.220446049250313e-16, 1], "obb": {"axesLengths": [8.132948987972721, 0.27999996513128445, 6.345961470805515], "centroid": [1.5867300825978121, 1.3642309425747792, -1.3300000746548166], "normalizedAxes": [0.9803416728973389, -0.1973072737455368, -4.381101564766272e-17, 0, -2.220446049250313e-16, 1, -0.1973072737455368, -0.9803416728973389, -2.1767957945003388e-16]}, "segments": [34733, 2146, 6351, 6365, 9092, 17131, 17534, 17642, 17664, 17677, 17698, 17758, 17802, 17864, 17872, 18129, 18172, 18174, 18439, 18593, 18670, 18671, 18679, 19534, 19537, 19546, 19552, 19609, 19610, 19629, 19644, 19665, 19900, 22286, 23917, 25021, 25030, 25782, 28086, 28124, 29228, 32157, 32262, 32406, 33007, 35789, 36180, 37595, 37925, 39871, 39873, 39876, 39882, 39888, 42326, 18567, 23583, 23904, 23922, 24035, 24328, 28879, 28933, 28937, 29346, 29708, 35511, 23973, 16896, 23474, 30665, 20741, 10349, 6403, 5862, 3589, 11707, 11612, 3047, 4955, 5472, 5524, 5527, 5730, 5734, 5769, 6003, 6018, 6057, 6165, 6226, 6243, 6249, 6262, 6270, 6279, 6288, 6309, 7035, 7153, 7185, 7429, 7523, 7533, 7534, 7575, 7579, 7676, 7702, 7739, 7811, 7910, 7983, 8104, 8112, 8120, 8166, 8223, 8298, 8314, 8323, 8329, 8372, 8417, 8420, 8504, 8514, 8531, 8605, 8607, 8689, 8750, 8759, 8771, 8773, 8783, 8789, 8799, 8807, 8865, 8882, 8883, 8913, 9112, 9113, 9127, 9152, 9171, 10731, 11200, 11265, 11511, 11544, 11573, 11575, 13299, 14098, 14146, 15339, 15381, 15431, 15473, 15552, 15564, 15569, 15925, 15926, 17046, 18519, 19125, 19416, 19485, 19502, 19628, 20671, 21847, 21858, 21919, 21931, 21932, 21937, 21939, 21954, 21988, 22281, 22321, 22424, 22440, 22483, 22563, 23275, 23328, 23953, 23968, 24012, 24037, 24057, 24320, 24330, 24371, 24393, 24413, 24422, 24432, 24450, 24454, 25599, 25689, 26537, 26546, 26602, 26697, 26704, 27206, 27222, 27227, 27257, 28914, 29455, 30814, 35040, 35459, 35732, 35746, 36276, 36397, 36398, 36408, 36506, 36571, 36621, 36667, 36681, 36716, 38883, 38886, 38950, 38959, 38963, 38964, 38966, 38967, 38985, 38990, 39290, 39844, 39846, 39852, 39914, 39917, 39983, 39987, 39990, 39992, 40004, 40005, 40006, 40013, 40018, 40044, 40047, 40051, 40054, 40114, 40116, 40122, 40124, 40126, 40130, 40132, 41630, 41749, 42256, 42399, 589, 33902, 22103, 15826, 20970, 2354, 21613, 28891, 24793], "partId": 1, "label": "floor"}, {"objectId": 2, "id": 2, "initialPoint": [4.961481429590943, -1.288843722820908, 1.0119553814591753], "index": 1, "dominantNormal": [0.8238171339035034, -0.5668556690216064, -1.258672430774169e-16], "obb": {"axesLengths": [3.4987555607847134, 2.707499920409173, 0.12680782136039595], "centroid": [4.695563472735209, -1.621539849131434, -0.042240084136128564], "normalizedAxes": [0.5668556690216064, 0.8238171339035034, 1.8292415002807503e-16, 0, -2.220446049250313e-16, 1, 0.8238171339035034, -0.5668556690216064, -1.258672430774169e-16]}, "segments": [4933, 4384, 18571, 38584, 31856, 463, 163, 3656, 16541, 758, 1080, 1007, 2227, 27287, 4684], "partId": 2, "label": "wall"}, {"objectId": 3, "id": 3, "initialPoint": [4.102291134541609, -2.4721088356331142, 0.12879722207320743], "index": 2, "dominantNormal": [0.8235929012298584, -0.567181408405304, -1.2593957175017855e-16], "obb": {"axesLengths": [0.620092019169372, 0.7799999837577343, 0.050478224263932905], "centroid": [4.144686133130022, -2.4102159804011256, 0.07999993495643132], "normalizedAxes": [0.567181408405304, 0.8235929012298584, 1.8287436037264424e-16, 0, -2.220446049250313e-16, 1, 0.8235929012298584, -0.567181408405304, -1.2593957175017855e-16]}, "segments": [3771, 4881, 4045, 3089], "partId": 3, "label": "picture"}, {"objectId": 4, "id": 4, "initialPoint": [4.67390683324478, -1.6545714790032209, 0.30336232535340946], "index": 3, "dominantNormal": [0.8257653713226318, -0.5640137791633606, -1.2523621676660226e-16], "obb": {"axesLengths": [0.5719325950945586, 0.6399999564886103, 0.05597900637767652], "centroid": [4.706153633834953, -1.6363619282273563, 0.20999991983175303], "normalizedAxes": [0.5640137791633606, 0.8257653713226318, 1.8335674563610556e-16, 0, -2.220446049250313e-16, 1, 0.8257653713226318, -0.5640137791633606, -1.2523621676660226e-16]}, "segments": [1387, 1564, 22173, 24321], "partId": 4, "label": "picture"}, {"objectId": 5, "id": 5, "initialPoint": [5.238180075171745, -0.8446929994761805, 0.2953721963579736], "index": 4, "dominantNormal": [0.8209228515625, -0.571039080619812, -1.2679614705297926e-16], "obb": {"axesLengths": [0.6064590404262515, 0.7999999642372135, 0.040356570746470775], "centroid": [5.2297341692432715, -0.8563614332769185, 0.0499999344348907], "normalizedAxes": [0.571039080619812, 0.8209228515625, 1.8228149024912543e-16, 0, -2.220446049250313e-16, 1, 0.8209228515625, -0.571039080619812, -1.2679614705297926e-16]}, "segments": [247, 1516, 40659, 195, 1390], "partId": 5, "label": "picture"}, {"objectId": 6, "id": 6, "initialPoint": [3.6094381851423916, -1.0144890091638206, 0.15065693240914357], "index": 5, "dominantNormal": [0.6433738470077515, -0.7655521631240845, -1.6998672761039046e-16], "obb": {"axesLengths": [0.5150688275669489, 0.25264458352376695, 0.2069086261752034], "centroid": [3.760596237153626, -0.9600994280892743, 0.1461986298591189], "normalizedAxes": [0.7655521631240845, 0.6433738470077515, 1.428576916779337e-16, 0, -2.220446049250313e-16, 1, 0.6433738470077515, -0.7655521631240845, -1.6998672761039046e-16]}, "segments": [2568, 1246, 2594, 1257, 38759], "partId": 6, "label": "lamp"}, {"objectId": 7, "id": 7, "initialPoint": [4.886412947109287, -0.49562632826005704, -0.985940897695655], "index": 6, "dominantNormal": [0, -2.220446049250313e-16, 1], "obb": {"axesLengths": [1.0034628501162395, 0.7026480279270997, 0.9294628711249404], "centroid": [4.738597934333452, -0.5291263630087646, -1.0147360355093484], "normalizedAxes": [-0.18090207874774933, 0.983501136302948, 2.1838112125370745e-16, 0, -2.220446049250313e-16, 1, 0.983501136302948, 0.18090207874774933, 4.01683306056609e-17]}, "segments": [6659, 10429, 10460, 9909, 38869, 5317, 5239, 4788, 6636, 6904, 4761, 4834, 39191, 1800, 5431, 5445, 10469, 10511, 39090, 39038, 9497, 9887, 5334, 7757, 9861, 6571, 9523], "partId": 7, "label": "armchair"}, {"objectId": 8, "id": 8, "initialPoint": [3.632641314466868, -2.283698249030266, -0.9695507897973809], "index": 7, "dominantNormal": [0, -2.220446049250313e-16, 1], "obb": {"axesLengths": [0.9227277844337554, 0.722840054567753, 0.8531456391805052], "centroid": [3.6374380036693372, -2.1009331491455363, -1.011420050380677], "normalizedAxes": [0.9519937634468079, 0.3061174750328064, 6.797173380430763e-17, 0, -2.220446049250313e-16, 1, 0.3061174750328064, -0.9519937634468079, -2.1138507909564016e-16]}, "segments": [7659, 3944, 10061, 39321, 12349, 39401, 1783, 3973, 4527, 4561, 4569, 11862, 11884, 11903, 11909, 11929, 12217, 12410, 12475, 12609, 12640, 38835, 38837, 38841, 39350, 39407, 39431, 12411, 38900, 39351, 3989, 38816, 3895], "partId": 8, "label": "armchair"}, {"objectId": 9, "id": 9, "initialPoint": [3.45133919533677, -0.9525031361514249, -0.9906505948190503], "index": 8, "dominantNormal": [0, -2.220446049250313e-16, 1], "obb": {"axesLengths": [0.9292315055407496, 0.10898095125747576, 0.9197769875332913], "centroid": [3.6169235289360455, -0.9102482831885037, -1.0254595367135222], "normalizedAxes": [0.9199292659759521, 0.39208436012268066, 8.706021684072433e-17, 0, -2.220446049250313e-16, 1, 0.39208436012268066, -0.9199292659759521, -2.0426533042260434e-16]}, "segments": [14080, 13351, 13418, 39596, 39779, 39283, 10985, 11171, 11437, 13410, 39718], "partId": 9, "label": "coffee table"}, {"objectId": 10, "id": 10, "initialPoint": [3.302024626856621, 0.1951866798713161, -0.9837522597378769], "index": 9, "dominantNormal": [0, -2.220446049250313e-16, 1], "obb": {"axesLengths": [0.8813910731785507, 0.8005299985290315, 0.8311413745170478],