{"segGroups": [{"objectId": 1, "id": 1, "initialPoint": [0.33668399474773825, 0.13357303597466252, -1.5183558682567135], "index": 0, "dominantNormal": [0, -2.220446049250313e-16, 1], "obb": {"axesLengths": [5.579345258407046, 0.3294299767293779, 5.596744040258416], "centroid": [-1.0136603677196319, -0.2814833739939357, -1.44528504024554], "normalizedAxes": [-0.10376474261283875, 0.994601845741272, 2.2084597389532767e-16, 0, -2.220446049250313e-16, 1, 0.994601845741272, 0.10376474261283875, 2.304040127861534e-17]}, "segments": [19540, 4049, 16952, 13320, 4189, 15887, 21212, 31768, 15446, 33116, 34979, 28348, 25941, 26703, 22597, 24091, 59570, 43210, 43644, 41003, 48397, 59435, 38589, 18868, 47171, 37975, 32242, 18473, 18669, 18672, 18634, 17045, 30062, 21701, 39873, 33716, 22918, 40028, 27961, 29180, 29105, 29239, 60388, 27151, 52204, 21775, 52372, 51774, 47671, 60115, 11750, 19874, 23463, 60490, 59174, 4241, 2951, 2991, 52963, 52943, 51803, 2870, 2717, 4229, 52940, 3081, 3040, 2911, 2599, 2778, 2647, 2834], "partId": 1, "label": "floor"}, {"objectId": 2, "id": 2, "initialPoint": [-0.21086698823404804, -2.2116428269235677, -0.2377841982692226], "index": 1, "dominantNormal": [0.6252829432487488, -0.7803981304168701, -1.7328319455264698e-16], "obb": {"axesLengths": [4.113294083431232, 2.5000000037252885, 0.18155120269012762], "centroid": [0.25339581458145544, -1.8435986990425697, -0.34000004626810565], "normalizedAxes": [0.7803981304168701, 0.6252829432487488, 1.388407041000292e-16, 0, -2.220446049250313e-16, 1, 0.6252829432487488, -0.7803981304168701, -1.7328319455264698e-16]}, "segments": [38274, 20739, 2027, 45273, 44320, 41640, 17240, 16721, 33491, 33418, 6878, 24002, 53972, 922, 3320, 2151, 3367, 24194], "partId": 2, "label": "wall"}, {"objectId": 3, "id": 3, "initialPoint": [1.6024190592953227, -0.2611770007610369, -0.19936966939824563], "index": 2, "dominantNormal": [0.7864024043083191, 0.617714524269104, 1.3716017749778686e-16], "obb": {"axesLengths": [4.080019033173329, 2.4421418955443364, 0.16152501773884229], "centroid": [0.598926768519328, 0.9945607628264144, -0.3158690467655134], "normalizedAxes": [-0.617714524269104, 0.7864024043083191, 1.7461641117673545e-16, 0, -2.220446049250313e-16, 1, 0.7864024043083191, 0.617714524269104, 1.3716017749778686e-16]}, "segments": [14515, 7781, 57465, 6843, 24743, 44787, 22009, 47631, 21999, 47608, 43920, 42578, 41090], "partId": 3, "label": "wall"}, {"objectId": 4, "id": 4, "initialPoint": [0.6499883989765589, 0.7964434552782431, -0.2337569545493241], "index": 3, "dominantNormal": [0.8027707934379578, 0.596287727355957, 1.3240247284239826e-16], "obb": {"axesLengths": [0.937126916881913, 1.9559699455804382, 0.08389945171895923], "centroid": [0.559315199324786, 0.9632154409280702, -0.5279850450608505], "normalizedAxes": [-0.596287727355957, 0.8027707934379578, 1.7825092367428525e-16, 0, -2.220446049250313e-16, 1, 0.8027707934379578, 0.596287727355957, 1.3240247284239826e-16]}, "segments": [51585, 57323], "partId": 4, "label": "door"}, {"objectId": 5, "id": 5, "initialPoint": [0.8261146873981262, 0.6256547108485417, 0.36193085601226627], "index": 4, "dominantNormal": [0.7962167859077454, 0.6050114631652832, 1.3433953131365044e-16], "obb": {"axesLengths": [0.9975073721358063, 1.9199999141693125, 0.07188874165195323], "centroid": [0.5459727451841472, 0.995452810256972, -0.4700000087916856], "normalizedAxes": [-0.6050114631652832, 0.7962167263031006, 1.7679562842667375e-16, 0, -2.220446049250313e-16, 1, 0.7962167263031006, 0.6050114631652832, 1.3433953131365044e-16]}, "segments": [9962, 4346, 24741, 44011, 15907], "partId": 5, "label": "doorframe"}, {"objectId": 6, "id": 6, "initialPoint": [-1.8989626187035942, -2.417297931686491, -0.22088952233758685], "index": 5, "dominantNormal": [0.785509467124939, 0.6188496351242065, 1.3741222273915422e-16], "obb": {"axesLengths": [4.1387101814818115, 2.415011888406904, 0.173527047131794], "centroid": [-2.5932009916093177, -1.5169954927039255, -0.3144140378144231], "normalizedAxes": [-0.6188496351242065, 0.785509467124939, 1.7441813929262894e-16, 0, -2.220446049250313e-16, 1, 0.785509467124939, 0.6188496351242065, 1.3741222273915422e-16]}, "segments": [23563, 43307, 43361, 54108, 5664, 11456, 52618, 30489, 18817, 14742, 11617, 22508, 53728], "partId": 6, "label": "wall"}, {"objectId": 7, "id": 7, "initialPoint": [-3.08418169009652, -1.0658740776422464, -0.24537010830586947], "index": 6, "dominantNormal": [0.7983179688453674, 0.6022362112998962, 1.3372330160963314e-16], "obb": {"axesLengths": [0.8958947091076036, 0.8999999858438967, 0.25447636982798166], "centroid": [-2.940476299774659, -1.2648365520313374, 0.1799999379366639], "normalizedAxes": [-0.6022362112998962, 0.7983179688453674, 1.7726219799682306e-16, 0, -2.220446049250313e-16, 1, 0.7983179688453674, 0.6022362112998962, 1.3372330160963314e-16]}, "segments": [14409, 39273, 15701, 55929, 13279], "partId": 7, "label": "window frame"}, {"objectId": 8, "id": 8, "initialPoint": [-3.0119846407550828, -1.3054541777784785, 0.2654638820216939], "index": 7, "dominantNormal": [0.7847108244895935, 0.6198620796203613, 1.3763703057731143e-16], "obb": {"axesLengths": [0.7870923545901921, 0.7911630096026578, 0.277093549171188], "centroid": [-3.0580406446097603, -1.3564882811009118, 0.17453745548715793], "normalizedAxes": [-0.6198620796203613, 0.7847107648849487, 1.7424079176929757e-16, 0, -2.220446049250313e-16, 1, 0.7847107648849487, 0.6198620796203613, 1.3763703057731143e-16]}, "segments": [12952, 56323, 13123, 12038, 12002, 53511, 12012, 39086, 12177, 55838, 12590, 14027, 12014, 12046, 12169, 12205, 12210, 12232, 12240, 12301, 12412, 12417, 12451, 12493, 12509, 12702, 12746, 12750, 12767, 12770, 12774, 12784, 12810, 12821, 12826, 12869, 12872, 12876, 12899, 12919, 12927, 12960, 12990, 13000, 13016, 13034, 13061, 13097, 13100, 13342, 13363, 13367, 13387, 13394, 13417, 13440, 13449, 13455, 13476, 13503, 13522, 13651, 13668, 13705, 13707, 13721, 13732, 13744, 13783, 13818, 14056, 14058, 14061, 14075, 14086, 14093, 14128, 14131, 14322, 14359, 14376, 17612, 17677, 17768, 17783, 17945, 39064, 39120, 39141, 39187, 42361, 42425, 42428, 42443, 42571, 42572, 42597, 42601, 42605, 42610, 42662, 42710, 42722, 42723, 42729, 42762, 48079, 48098, 53291, 53293, 53294, 53295, 53296, 53306, 53311, 53312, 53327, 53336, 53343, 53345, 53354, 53356, 53363, 53373, 53374, 53379, 53388, 53395, 53402, 53411, 53471, 53562, 53569, 53572, 53599, 53668, 53676, 53684, 53686, 53691, 53773, 53805, 53871, 53926, 56207, 56222, 56228, 56233, 56236, 56240, 57601, 58586, 12117, 12136, 14265, 48058, 57567, 57569, 53816, 53890, 12109, 12176, 12204, 13060, 13161, 13165, 17461, 17575, 17589, 47925, 47946, 47956, 47994, 48022, 48039, 48070, 52640, 53560, 53756, 53759, 53760, 53764, 57580, 57588, 57591, 14378, 57616, 47911], "partId": 8, "label": "window"}, {"objectId": 9, "id": 9, "initialPoint": [-3.7786881162356045, 0.19222008748319613, -0.09186357828017466], "index": 8, "dominantNormal": [0.6151654124259949, -0.7883980870246887, -1.7505954175704746e-16], "obb": {"axesLengths": [4.122003019036932, 2.332555897551269, 0.16924930749267955], "centroid": [-2.2393710476751307, 1.3145965156264774, -0.2637220171007071], "normalizedAxes": [0.7883980870246887, 0.6151654124259949, 1.3659416096567398e-16, 0, -2.220446049250313e-16, 1, 0.6151654124259949, -0.7883980870246887, -1.7505954175704746e-16]}, "segments": [38796, 58300, 13233, 31770, 54991, 23850, 11610, 42866, 58132, 19753, 52573, 29477, 44208, 26776, 49362, 25820, 58513, 50605, 50610, 50588, 58278, 29488, 58357, 14896], "partId": 9, "label": "wall"}, {"objectId": 10, "id": 10, "initialPoint": [-1.848085379331823, -0.4449588247192222, 0.8726406856680211], "index": 9, "dominantNormal": [0, -2.220446049250313e-16, 1], "obb": {"axesLengths": [5.542187849897161, 0.12000000208616246, 5.544499018365562], "centroid": [-1.0047422001585458, -0.27600754459619753, 0.8899999155104164],