{"segGroups": [{"objectId": 7, "id": 7, "partId": 7, "index": 0, "dominantNormal": [0.19557034969329834, -0.9806897044181824, -2.1775685797158104e-16], "obb": {"axesLengths": [1.0192321349986824, 1.5726959949874275, 0.4327824938541187], "centroid": [-0.0832231973549441, -0.5641816533480065, -0.06365204646471145], "normalizedAxes": [0.9806897044181824, 0.19557033479213715, 4.34253377239762e-17, 0, -2.220446049250313e-16, 1, 0.19557033479213715, -0.9806897044181824, -2.1775685797158104e-16]}, "segments": [1110, 578, 20302, 20220, 14435, 18955, 13477, 14446, 11387, 986, 19656, 11548, 12831, 12830, 10208, 12694, 18879, 18862, 4251, 18842, 1014, 6693, 10531, 10615, 11316, 11424, 11624, 11659, 12637, 12667, 12684, 12689, 12825, 12840, 12933, 13001, 13473, 14855, 14857, 14890, 15752, 17070, 18084, 18256, 18824, 18938, 19032, 19130, 19775, 20283, 19982, 10448, 5096, 8339, 10371, 10377, 10445, 12589, 12657, 12962, 12990, 15715, 15839, 19614, 182, 134, 151, 17228, 20184], "label": "curtain"}, {"objectId": 8, "id": 8, "partId": 8, "index": 1, "dominantNormal": [0, -2.220446049250313e-16, 1], "obb": {"axesLengths": [2.3220984069331587, 0.223983998060584, 1.3974719164607998], "centroid": [-0.3062134435473197, 0.48662445699692136, 0.7780079276559952], "normalizedAxes": [-0.2455824315547943, 0.969375729560852, 2.1524465089425339e-16, 0, -2.220446049250313e-16, 1, 0.969375729560852, 0.2455824315547943, 5.4530253991112845e-17]}, "segments": [13455, 6636, 14892, 1880, 1979, 6935, 6958, 6989, 8369, 8383, 9677, 12929, 12931, 16660, 16805, 16840, 17623, 17709, 18053, 19965, 20099, 20209, 21378, 21494], "label": "ceiling"}, {"objectId": 9, "id": 9, "partId": 9, "index": 2, "dominantNormal": [0.20587469637393951, -0.9785783886909485, -2.1728805170505538e-16], "obb": {"axesLengths": [0.5891049090719525, 0.8207099254270657, 0.4521852452207936], "centroid": [-0.39047150299004024, -0.22485540776662316, -1.2603550066719578], "normalizedAxes": [0.9785783886909485, 0.20587469637393951, 4.5713365620412175e-17, 0, -2.220446049250313e-16, 1, 0.20587469637393951, -0.9785783886909485, -2.1728805170505538e-16]}, "segments": [20097, 20849, 12050, 12126, 19554, 17521, 17431, 2187, 12104, 2965, 2426, 2441, 2404, 12082, 1759, 1819, 2454, 2554, 2861, 2882, 2887, 2904, 2906, 3014, 17432, 17452, 17460, 17462, 17464, 17494, 19495, 3114], "label": "toilet"}, {"objectId": 10, "id": 10, "partId": 10, "index": 3, "dominantNormal": [0, -2.220446049250313e-16, 1], "obb": {"axesLengths": [0.41897608614080717, 0.17039596653589673, 0.3598458049230761], "centroid": [-0.49952976589305353, 0.31378438325548996, -0.8048020216494353], "normalizedAxes": [0.43935859203338623, 0.8983117341995239, 1.9946527411985303e-16, 0, -2.220446049250313e-16, 1, 0.8983117341995239, -0.43935859203338623, -9.755720498847125e-17]}, "segments": [5328, 5323, 4714, 5335, 4553, 4590, 4595, 5321, 5370, 10955, 17999, 4551], "label": "sink"}, {"objectId": 11, "id": 11, "partId": 11, "index": 4, "dominantNormal": [0.9170961976051331, -0.3986659646034241, -8.852162660742381e-17], "obb": {"axesLengths": [1.036039791589114, 1.0199999581277375, 0.3956034467301683], "centroid": [-0.8901981155551965, -0.3444744722612082, 0.07999994240701214], "normalizedAxes": [0.3986659646034241, 0.9170961976051331, 2.0363626287548021e-16, 0, -2.220446049250313e-16, 1, 0.9170961976051331, -0.3986659646034241, -8.852162660742381e-17]}, "segments": [13380, 13845, 15099, 5049, 14152, 14132, 13305, 5327, 18101, 8710, 5692, 279, 6269, 5594, 17555, 21303, 12343, 18161, 18114, 5694, 5916, 7609, 18280], "label": "window"}, {"objectId": 12, "id": 12, "partId": 12, "index": 5, "dominantNormal": [0, -2.220446049250313e-16, 1], "obb": {"axesLengths": [0.6784087642398251, 0.22534602376790294, 0.4219757755527908], "centroid": [-0.5443120728193209, 0.3983918344267017, -0.857327034160636], "normalizedAxes": [-0.2567220628261566, 0.9664852619171143, 2.1460283814825104e-16, 0, -2.220446049250313e-16, 1, 0.9664852619171143, 0.2567220628261566, 5.700374901577301e-17]}, "segments": [20950, 20956, 18048, 18583, 8232, 14735, 5414, 4578, 4581, 4624, 4819, 5500, 5537, 17767, 18215, 20662], "label": "bath cabinet"}, {"objectId": 14, "id": 14, "partId": 14, "index": 6, "dominantNormal": [0.9970041513442993, 0.07734781503677368, 1.7174665031654808e-17], "obb": {"axesLengths": [0.1599476109432011, 0.2631469906163142, 0.09816324397893532], "centroid": [-0.32846026120223043, 0.5651449540598568, -1.0184465214212275], "normalizedAxes": [-0.07734781503677368, 0.9970041513442993, 2.2137939289386106e-16, 0, -2.220446049250313e-16, 1, 0.9970041513442993, 0.07734781503677368, 1.7174665031654808e-17]}, "segments": [17915, 8009, 6270], "label": "towel"}, {"objectId": 15, "id": 15, "partId": 15, "index": 7, "dominantNormal": [0, -2.220446049250313e-16, 1], "obb": {"axesLengths": [0.9026322335757082, 0.17580398524245644, 0.20932634665338318], "centroid": [-0.7525755199988766, -0.061858138492781045, -0.3541310294539257], "normalizedAxes": [-0.043601930141448975, 0.9990490078926086, 2.2183344225825877e-16, 0, -2.220446049250313e-16, 1, 0.9990490078926086, 0.043601930141448975, 9.681573352226852e-18]}, "segments": [20468, 13858, 14283, 14331, 14241, 6518], "label": "windowsill"}, {"objectId": 17, "id": 17, "partId": 17, "index": 9, "dominantNormal": [-0.14591984450817108, -0.9892964363098145, -2.1966793635415415e-16], "obb": {"axesLengths": [0.21607414049346937, 0.24102204499344415, 0.14433833487784206], "centroid": [-0.6624890094721637, 0.6077420404977132, -0.7894890225047843], "normalizedAxes": [0.9892964363098145, -0.14591984450817108, -3.240071422453885e-17, 0, -2.220446049250313e-16, 1, -0.14591984450817108, -0.9892964363098145, -2.1966793635415415e-16]}, "segments": [20985, 14506, 14473], "label": "tube"}, {"objectId": 20, "id": 20, "partId": 20, "index": 10, "dominantNormal": [0.923301637172699, -0.3840755820274353, -8.528191087263333e-17], "obb": {"axesLengths": [0.22953731273777567, 0.1691800020073353, 0.11283487981970614], "centroid": [-0.7642640411080284, 0.253055848266342, -0.3072590405361577], "normalizedAxes": [0.3840755820274353, 0.923301637172699, 2.0501414725264654e-16, 0, -2.220446049250313e-16, 1, 0.923301637172699, -0.3840755820274353, -8.528191087263333e-17]}, "segments": [5164, 6483, 6466, 17437], "label": "tube"}, {"objectId": 21, "id": 21, "partId": 21, "index": 11, "dominantNormal": [-0.47766900062561035, -0.8785398602485657, -1.9507503617978498e-16], "obb": {"axesLengths": [0.17522356277875958, 0.2157300662458672, 0.1682503695906739], "centroid": [0.29804667543379937, -0.46100487403164225, -1.537864987823405], "normalizedAxes": [0.8785399198532104, -0.47766897082328796, -1.0606381791140328e-16, 0, -2.220446049250313e-16, 1, -0.47766897082328796, -0.8785399198532104, -1.9507504941467478e-16]}, "segments": [1454, 19864, 1500], "label": "trash can"}, {"objectId": 23, "id": 23, "partId": 23, "index": 13, "dominantNormal": [0.9874199628829956, 0.1581197828054428, 3.510964470386631e-17], "obb": {"axesLengths": [1.0141844543045269, 2.0579959290177534, 0.2505578477311558], "centroid": [0.4423378339683284, 0.2251854159871029, -0.6181020095623588], "normalizedAxes": [-0.1581197828054428, 0.9874199628829956, 2.1925127555344384e-16, 0, -2.220446049250313e-16, 1, 0.9874199628829956, 0.1581197828054428, 3.510964470386631e-17]}, "segments": [7117, 7070, 22247, 5649, 5663, 6414, 858], "label": "doorframe"}, {"objectId": 25, "id": 25, "partId": 25, "index": 15, "dominantNormal": [0.1614217460155487, -0.9868854880332947, -2.1913259829659963e-16], "obb": {"axesLengths": [1.212243410151181, 2.623655916221679, 0.12631276951392795], "centroid": [-0.4465716267716735, 1.6181997633729894, -0.4079620244064479], "normalizedAxes": [0.9868854880332947, 0.1614217460155487, 3.584282782033126e-17, 0, -2.220446049250313e-16, 1, 0.1614217460155487, -0.9868854880332947, -2.1913259829659963e-16]}, "segments": [16016, 21812, 3312, 16531, 16643, 16747, 21776], "label": "shower wall"}, {"objectId": 26,