{"segGroups": [{"objectId": 1, "id": 1, "partId": 1, "index": 0, "dominantNormal": [0, -2.220446049250313e-16, 1], "obb": {"axesLengths": [3.9586100817125445, 0.26891993875235526, 2.621436258301694], "centroid": [0.1146496982758417, 0.4555355524290322, -1.2244600039972362], "normalizedAxes": [-0.10294277966022491, 0.9946872591972351, 2.2086493949241228e-16, 0, -2.220446049250313e-16, 1, 0.9946872591972351, 0.10294277966022491, 2.285788883953919e-17]}, "segments": [7519, 21288, 21443, 36840, 42462, 21377, 21998, 2902, 32247, 37837, 5615, 737, 753, 1938, 2821, 4576, 4940, 17905, 17913, 17952, 17958, 19825, 36515, 37841, 38191, 23078], "label": "floor"}, {"objectId": 2, "id": 2, "partId": 2, "index": 1, "dominantNormal": [0.9997795820236206, 0.020995480939745903, 4.661933270476904e-18], "obb": {"axesLengths": [3.8732458541412407, 2.5652700089230374, 0.0929295299476335], "centroid": [-1.0870792899560007, 0.45925125500027275, -0.04664501023907275], "normalizedAxes": [-0.020995480939745903, 0.9997795820236206, 2.2199566230254777e-16, 0, -2.220446049250313e-16, 1, 0.9997795820236206, 0.020995480939745903, 4.661933270476904e-18]}, "segments": [30891, 701, 29257, 34642, 34971, 29939, 33963, 20211, 20741], "label": "wall"}, {"objectId": 3, "id": 3, "partId": 3, "index": 2, "dominantNormal": [0.969261884689331, -0.24603120982646942, -5.4629902785145883e-17], "obb": {"axesLengths": [1.7160297946435097, 2.2218899826283, 0.7275163995278201], "centroid": [-1.1669627297587262, -0.6855359636866667, -0.20094501103404894], "normalizedAxes": [0.24603122472763062, 0.969261884689331, 2.1521937225473377e-16, 0, -2.220446049250313e-16, 1, 0.969261884689331, -0.24603122472763062, -5.4629906093868333e-17]}, "segments": [30779, 27588, 29110, 35546, 34340, 33908, 33894, 34979, 29925, 33842, 44907, 28530, 39966, 32612, 9450, 9421, 31248, 14891, 31214, 26521, 26114, 10193, 28888, 30417, 11816, 36968, 8031, 8110, 8592, 10181, 10978, 11221, 11249, 11302, 11303, 11319, 11372, 11418, 11505, 11518, 11528, 11833, 12084, 12241, 12275, 12284, 12329, 12356, 26786, 27563, 27568, 27594, 27620, 27622, 29307, 29372, 30736, 30776, 30789, 31349, 31360, 31402, 31438, 32341, 32572, 32659, 32747, 33187, 39520, 39807, 41120, 41147, 41159, 42492, 42504, 42593, 42686, 42691, 42694, 42809, 42876, 42881, 42883, 42888, 44207, 44210, 44920, 41166], "label": "closet"}, {"objectId": 4, "id": 4, "partId": 4, "index": 3, "dominantNormal": [0.9974831342697144, 0.07090379297733307, 1.574380469933813e-17], "obb": {"axesLengths": [0.6624690002655312, 2.058569981338754, 0.27458449605028395], "centroid": [-1.1733128937030513, 0.5725656173236752, -0.25928505255956114], "normalizedAxes": [-0.07090380042791367, 0.9974831342697144, 2.2148574846830068e-16, 0, -2.220446049250313e-16, 1, 0.9974831342697144, 0.07090380042791367, 1.5743806353699356e-17]}, "segments": [33407, 9508, 30481, 32393, 122, 27542, 44252, 9505, 34958, 37060, 27512], "label": "door"}, {"objectId": 5, "id": 5, "partId": 5, "index": 4, "dominantNormal": [0.008383692242205143, -0.9999648332595825, -2.220367963400488e-16], "obb": {"axesLengths": [2.2346196912683327, 2.4999999441206455, 0.4363624875228282], "centroid": [-0.005713985738124094, 2.223026738870476, -0.059999967044295], "normalizedAxes": [0.9999648332595825, 0.008383693173527718, 1.861553838528644e-18, 0, -2.220446049250313e-16, 1, 0.008383693173527718, -0.9999648332595825, -2.220367963400488e-16]}, "segments": [34125, 35799, 35959, 33698, 30000, 27929, 11970, 8759, 33647, 16252, 36088, 14166, 34254, 17441], "label": "wall"}, {"objectId": 6, "id": 6, "partId": 6, "index": 5, "dominantNormal": [0.9999420046806335, -0.010768690146505833, -2.391129549140965e-18], "obb": {"axesLengths": [2.6190320495521555, 2.561099948858469, 0.3674925352962176], "centroid": [1.1731976814564238, 1.1077974249606108, -0.030550027974769023], "normalizedAxes": [0.010768691077828407, 0.9999420046806335, 2.2203172737725508e-16, 0, -2.220446049250313e-16, 1, 0.9999420046806335, -0.010768691077828407, -2.3911297559361183e-18]}, "segments": [17060, 30661, 31077, 22247, 41447, 937, 15347, 15449, 18385, 18414, 18419, 18442, 18463, 18511, 20685, 20736, 22269, 22270, 22873, 28292, 38840, 41452, 41550, 41947, 25437, 25452, 27264, 27291, 1044, 2282, 3377, 3670, 4023, 12957, 13522, 15872, 25471, 28173, 28192, 28231, 28318, 28848, 37615, 38037, 40086, 40145, 40192, 41032, 41681, 42084, 42274, 15903, 1025, 3306, 16083, 17065, 19176, 20667, 28905, 29668, 41359, 41565, 41917, 42106, 15399, 30946, 32511, 37347, 29664, 4391, 15369, 28921, 36598, 37480, 41006, 27344, 6374, 1045, 6418, 7059, 10876, 10878, 14733, 21845, 27090, 29566, 31871, 37493, 37541, 41672, 185, 18919, 40584, 12956, 1068, 6233, 6427, 7375, 18884, 18886, 18911, 20160, 40578, 40715, 1871, 8717, 36892, 6573, 202, 1626, 1870, 1906, 1973, 3394, 3705, 4436, 4498, 4686, 5769, 6031, 8649, 13953, 15496, 15529, 16768, 19732, 22803, 24496, 36636, 39343, 39381, 39440, 40424, 40433, 40504, 40613, 40685, 41376, 40227, 8279, 22754, 40187, 6516, 8131, 8176, 8677, 36937, 15937, 25843, 25833, 15950, 24439, 2030, 2636, 4624, 4774, 5346, 7303, 10361, 12200, 18641, 19887, 24450, 24536, 25737, 25840, 25844, 26035, 28172, 37633, 37828, 40076, 40194, 40196, 41012, 42165, 37460, 40090, 3049, 2256, 39464, 3075, 22790], "label": "curtain"}, {"objectId": 7, "id": 7, "partId": 7, "index": 6, "dominantNormal": [0.9991946220397949, 0.04012684524059296, 8.909949498335336e-18], "obb": {"axesLengths": [1.4587721381270162, 2.5094999706111842, 0.2015993367528626], "centroid": [1.144600051716543, -0.7355828374980777, -0.06474998028956414], "normalizedAxes": [-0.04012684524059296, 0.9991946220397949, 2.2186577509404224e-16, 0, -2.220446049250313e-16, 1, 0.9991946220397949, 0.04012684524059296, 8.909949498335336e-18]}, "segments": [5691, 15686, 17, 1494, 16136, 21709, 1768, 43763, 1525], "label": "wall"}, {"objectId": 8, "id": 8, "partId": 8, "index": 7, "dominantNormal": [0.9826185703277588, -0.18563604354858398, -4.121948194959124e-17], "obb": {"axesLengths": [0.7518815463070293, 0.45999996826052714, 0.24894717968258953], "centroid": [1.0653191684248835, -0.4818467385527717, 0.5999999550226334], "normalizedAxes": [0.18563604354858398, 0.9826185703277588, 2.181851522404263e-16, 0, -2.220446049250313e-16, 1, 0.9826185703277588, -0.18563604354858398, -4.121948194959124e-17]}, "segments": [17210, 16413, 5226, 5231, 5335, 8119, 36848, 37751, 28349, 16226, 17623, 5528, 16443], "label": "tv"}, {"objectId": 9, "id": 9, "partId": 9, "index": 8, "dominantNormal": [-0.003994824830442667, -0.9999920129776001, -2.22042831449798e-16], "obb": {"axesLengths": [2.2396420363083958, 2.493460003432779, 0.12397856132707923], "centroid": [0.06519353969863717, -1.4490942274341807, -0.05672999670036183], "normalizedAxes": [0.9999920129776001, -0.003994825296103954, -8.870294046179237e-19, 0, -2.220446049250313e-16, 1, -0.003994825296103954, -0.9999920129776001, -2.22042831449798e-16]}, "segments": [23506, 28035, 78, 26334, 23137, 9963, 720, 6787, 16139, 3903, 37609, 391, 15207], "label": "wall"}, {"objectId": 10, "id": 10, "partId": 10, "index": 9, "dominantNormal": [-0.005200333893299103, -0.999986469745636, -2.2204160060504652e-16], "obb": {"axesLengths": [1.1402129643231504, 2.171679925061465, 0.10949864557457885], "centroid": [-0.040075760155161566, -1.466517385978615, -0.21584000281423354], "normalizedAxes": [0.999986469745636, -0.005200333893299103, -1.1547060848158492e-18, 0, -2.220446049250313e-16, 1, -0.005200333893299103, -0.999986469745636, -2.2204160060504652e-16]}, "segments": [26298, 23558, 24282, 24112, 2297, 5022, 3405, 2428, 2489, 251, 36574, 5826, 31892, 31856, 23199, 4832, 26669, 30278, 324, 6533], "label": "door"}, {"objectId": 11, "id": 11, "partId": 11, "index": 10, "dominantNormal": [0, -2.220446049250313e-16, 1], "obb": {"axesLengths": [4.029968984966407, 0.4703600301513061, 2.49196805511947], "centroid": [0.02605053349463682, 0.4461072446654019, 1.105179974792152],