{"segGroups": [{"objectId": 1, "id": 1, "partId": 1, "index": 0, "dominantNormal": [0, -2.220446049250313e-16, 1], "obb": {"axesLengths": [2.172921202674345, 0.14419006979040638, 1.2431046910472707], "centroid": [0.29331654867342183, 0.7479885651432797, -1.4406650416276234], "normalizedAxes": [0.95325767993927, 0.3021586537361145, 6.709269889351488e-17, 0, -2.220446049250313e-16, 1, 0.3021586537361145, -0.95325767993927, -2.1166572493386715e-16]}, "segments": [489, 814, 2118, 2297, 3033, 4610], "label": "floor"}, {"objectId": 2, "id": 2, "partId": 2, "index": 1, "dominantNormal": [0.3423769772052765, -0.9395626783370972, -2.0862482371366501e-16], "obb": {"axesLengths": [1.6396957690608558, 1.370700000881403, 0.17661889521401794], "centroid": [0.10843464180434673, 1.2802217693607991, -0.7753500691967458], "normalizedAxes": [0.9395626783370972, 0.3423769772052765, 7.602296063897207e-17, 0, -2.220446049250313e-16, 1, 0.3423769772052765, -0.9395626783370972, -2.0862482371366501e-16]}, "segments": [165, 392, 1073, 1470, 3013], "label": "wall"}, {"objectId": 3, "id": 3, "partId": 3, "index": 2, "dominantNormal": [0.7913817763328552, 0.611322283744812, 1.3574081497598467e-16], "obb": {"axesLengths": [0.5537588797915302, 0.9085599577003722, 0.4992763487701277], "centroid": [-0.2832383212232612, 0.9608071552198238, -1.0042800456690792], "normalizedAxes": [-0.611322283744812, 0.7913817763328552, 1.7572205387069833e-16, 0, -2.220446049250313e-16, 1, 0.7913817763328552, 0.611322283744812, 1.3574081497598467e-16]}, "segments": [2481, 4719, 1829, 1865, 1980, 4631, 4670, 4672, 4674, 1817, 1761, 1307, 1356, 1669, 1940, 1972, 4540, 4549, 554, 619, 647, 2019, 2591, 4422, 4442, 4459, 4460, 4467, 4470, 4485, 4856, 2190, 1169, 39, 915, 931, 1023, 1059, 1083, 1179, 4491, 4498, 1001, 1020, 1214, 1359, 1401], "label": "chair"}, {"objectId": 4, "id": 4, "partId": 4, "index": 3, "dominantNormal": [-0.007192858029156923, 0.9999741315841675, 2.2203886098285774e-16], "obb": {"axesLengths": [0.5439634367167578, 0.7199999529123313, 0.5639405038422095], "centroid": [0.6927224823686775, 1.3264352889676858, -0.930000023754538], "normalizedAxes": [-0.007192858494818211, 0.9999741315841675, 2.2203886098285774e-16, 0, -2.220446049250313e-16, 1, 0.9999741315841675, 0.007192858494818211, 1.597135422763565e-18]}, "segments": [2781, 5737, 3591, 3903, 2801, 3545, 3681, 3874, 4625, 5667, 5765, 5769, 5789, 2634, 5365, 3346, 5351, 5364, 5036, 5630, 3944, 5775, 4619, 2920, 3355, 5010, 5349, 5404, 5647], "label": "chair"}, {"objectId": 7, "id": 7, "partId": 7, "index": 4, "dominantNormal": [0.4189925193786621, -0.9079896807670593, -2.0161420994192699e-16], "obb": {"axesLengths": [0.7849261590643976, 0.7200000125169748, 0.4251419608908569], "centroid": [0.17264755545228805, 1.1712032905911993, -1.1100000566861035], "normalizedAxes": [0.9079896807670593, 0.4189925193786621, 9.303502843197855e-17, 0, -2.220446049250313e-16, 1, 0.4189925193786621, -0.9079896807670593, -2.0161420994192699e-16]}, "segments": [1081, 2461, 5673, 33, 74, 77, 114, 119, 121, 1125, 2256, 2292, 2303, 2356, 3103, 3120, 3126, 3141, 3242, 3254, 4027, 4106, 4268, 4790, 5407, 5441, 5792, 5831, 5891, 5930, 5849, 1074, 4555, 2444, 5805], "label": "nightstand"}, {"objectId": 8, "id": 8, "partId": 8, "index": 5, "dominantNormal": [0.9647275805473328, -0.2632501721382141, -5.845328046887624e-17], "obb": {"axesLengths": [0.6461359303886913, 1.1098899891252068, 0.2784050783595057], "centroid": [-0.6673021663916618, 0.8168562990097696, -0.9049450479704519], "normalizedAxes": [0.2632502019405365, 0.9647275805473328, 2.1421255448291382e-16, 0, -2.220446049250313e-16, 1, 0.9647275805473328, -0.2632502019405365, -5.845328708632114e-17]}, "segments": [5230, 377, 3743, 4832, 739, 757, 760, 763, 1913, 2717, 2724, 2727, 3394, 3557, 3926, 3981, 4011, 4141, 4360, 4377, 4488, 4802, 4925, 4937, 4982, 4986, 4988, 4991, 1801, 1780, 1869, 1907, 1912, 3462, 4388, 4357, 799, 2082, 338], "label": "dresser"}, {"objectId": 9, "id": 9, "partId": 9, "index": 6, "dominantNormal": [0.8654580116271973, 0.5009814500808716, 1.1124022815797642e-16], "obb": {"axesLengths": [0.4973784071310835, 1.2440799345654256, 0.34435377676828677], "centroid": [0.9763994100894555, 1.4189725789312706, -0.8633600281789907], "normalizedAxes": [-0.5009814500808716, 0.8654580116271973, 1.9217028227096417e-16, 0, -2.220446049250313e-16, 1, 0.8654580116271973, 0.5009814500808716, 1.1124022815797642e-16]}, "segments": [3768, 3240, 4570, 4575, 1500, 5813, 3299], "label": "cabinet"}], "scan_id": "b8837e16-57ec-29c6-89c3-0e8b7d668f56", "annId": "5989", "appId": "stk.v1"}