{"segGroups": [{"objectId": 1, "id": 1, "partId": 1, "index": 0, "dominantNormal": [0, -2.220446049250313e-16, 1], "obb": {"axesLengths": [3.4659611226812084, 0.2727500139307228, 2.1183631494853636], "centroid": [0.9784435873213543, 0.38250080445665136, -1.2863750356601586], "normalizedAxes": [0.9957126379013062, -0.0925007238984108, -2.0539286693302027e-17, 0, -2.220446049250313e-16, 1, -0.0925007238984108, -0.9957126379013062, -2.2109261930165628e-16]}, "segments": [4475, 1653, 6222, 1270, 4932, 1383, 4376, 1115, 3223, 4159, 6020, 6128, 3977], "label": "floor"}, {"objectId": 2, "id": 2, "partId": 2, "index": 1, "dominantNormal": [0.27559760212898254, -0.9612730741500854, -2.1344549997472605e-16], "obb": {"axesLengths": [2.4127317699062263, 1.0399999684095385, 0.13012135979273234], "centroid": [0.433897241871108, 1.0445962300688056, -0.8500000681828738], "normalizedAxes": [0.9612730741500854, 0.27559760212898254, 6.11949606830159e-17, 0, -2.220446049250313e-16, 1, 0.27559760212898254, -0.9612730741500854, -2.1344549997472605e-16]}, "segments": [4387, 6425, 6438, 1768, 2965, 3015, 3108, 5130, 1611], "label": "wall"}, {"objectId": 3, "id": 3, "partId": 3, "index": 2, "dominantNormal": [0.9330438375473022, 0.3597627282142639, 7.988337285308765e-17], "obb": {"axesLengths": [0.5867450989629953, 1.0778039750947654, 0.20179031298812183], "centroid": [2.0398201404766825, 0.08563074695935435, -0.8510980453197394], "normalizedAxes": [-0.35976269841194153, 0.9330438375473022, 2.0717735028592582e-16, 0, -2.220446049250313e-16, 1, 0.9330438375473022, 0.35976269841194153, 7.988336623564275e-17]}, "segments": [3938, 4526, 2919, 4949], "label": "wall"}, {"objectId": 4, "id": 4, "partId": 4, "index": 3, "dominantNormal": [-0.5919115543365479, -0.8060029149055481, -1.7896859880862606e-16], "obb": {"axesLengths": [1.6200596757547066, 1.0775100049933042, 0.6124280248168452], "centroid": [1.295152537585063, 0.47786012581417703, -0.8687550864747564], "normalizedAxes": [0.8060029149055481, -0.5919115543365479, -1.3143076723321997e-16, 0, -2.220446049250313e-16, 1, -0.5919115543365479, -0.8060029149055481, -1.7896859880862606e-16]}, "segments": [2642, 2670, 1581, 5712, 1990, 5787, 2430, 1394, 1819, 4916, 6383, 628, 678, 1057, 2861, 3552, 3557, 2624, 194, 230, 340, 540, 707, 771, 854, 880, 885, 901, 931, 932, 1027, 1028, 1191, 1204, 1207, 1209, 1636, 1880, 1887, 1906, 1914, 1918, 1950, 1971, 1989, 2078, 2402, 2583, 2695, 2910, 3007, 3009, 3060, 3166, 3447, 3516, 4212, 4221, 4257, 4290, 4302, 4312, 4357, 4458, 4782, 4898, 5016, 5159, 5201, 5398, 5462, 5494, 5497, 5512, 5723, 5810, 5826, 5897, 5900, 5912, 5975, 6011, 6014, 6033, 6036, 6037, 6040, 6135, 6140, 6229, 6524, 6543, 6583, 4510, 2215, 580, 1826, 2200, 2874, 5846], "label": "commode"}], "scan_id": "2e36953b-e133-204c-931b-a2cf0f93fed6", "annId": "3344", "appId": "stk.v1"}