{"segGroups": [{"objectId": 1, "id": 1, "partId": 1, "index": 0, "dominantNormal": [0, -2.220446049250313e-16, 1], "obb": {"axesLengths": [6.977259028626062, 0.1542699302523598, 3.5245604731404323], "centroid": [-0.6438255921331043, 1.411232927713526, -1.352865030552485], "normalizedAxes": [0.991896390914917, -0.1270494908094406, -2.821065399270864e-17, 0, -2.220446049250313e-16, 1, -0.1270494908094406, -0.991896390914917, -2.2024524224726716e-16]}, "segments": [20506, 4647, 273, 335, 601, 709, 761, 769, 780, 802, 803, 856, 869, 894, 906, 916, 926, 931, 936, 1212, 1266, 1267, 1296, 1301, 1303, 1370, 1373, 1374, 1376, 1409, 1413, 1452, 1472, 1560, 1577, 1585, 1598, 1617, 1624, 1629, 1646, 1650, 1665, 1668, 1671, 1674, 1695, 1704, 1729, 1740, 1748, 1755, 2025, 2468, 2472, 2484, 2486, 2487, 2489, 2562, 2574, 2648, 2655, 2878, 2931, 3041, 3043, 3070, 3136, 3172, 3199, 3209, 3226, 3230, 3256, 3259, 3262, 3307, 3352, 3355, 3359, 3391, 3420, 3435, 3436, 3440, 3445, 3464, 3485, 3663, 3677, 3772, 4697, 4934, 6828, 6891, 6897, 7584, 7638, 9533, 9550, 10811, 11496, 11502, 11513, 11930, 11982, 13055, 13075, 16310, 16324, 16333, 18036, 18901, 18906, 18920, 18933, 19040, 20432, 22136, 24324, 24636, 24638, 24639, 27749, 27750, 27766, 27769, 27776, 27786, 27791, 27792, 27798, 27799, 27802, 27811, 27818, 27821, 27825, 27828, 27834, 27841, 27849, 27851, 27854, 27940, 27952, 27958, 27960, 27968, 27977, 27981, 27984, 27985, 27989, 27994, 28370, 28998, 31230, 31667, 9421, 2152, 2822, 6625, 31434, 6908, 87, 163, 338, 367, 369, 424, 441, 465, 473, 525, 562, 575, 583, 603, 648, 678, 703, 766, 792, 898, 903, 2127, 2134, 2154, 2176, 2183, 2217, 2222, 2226, 2230, 2253, 2273, 2300, 2309, 2337, 2338, 2344, 2363, 2364, 2369, 2382, 2394, 2398, 2409, 2448, 2715, 3330, 3853, 3857, 3900, 3902, 5032, 5075, 5080, 5086, 5097, 5106, 5111, 5114, 5133, 5422, 5436, 5462, 5483, 5488, 5496, 5498, 5529, 5534, 5596, 5620, 5648, 5653, 5655, 5680, 5686, 5693, 5722, 5725, 5742, 5752, 5760, 5764, 5765, 5784, 5789, 5791, 5802, 5812, 5837, 5840, 5915, 5921, 6256, 6524, 6533, 6539, 6549, 6564, 6568, 6578, 6638, 6674, 6679, 6719, 6756, 6836, 6840, 6910, 6926, 6934, 6958, 6962, 6981, 6983, 7001, 7015, 7034, 7117, 7124, 7137, 7152, 7158, 7181, 7186, 7242, 7248, 7257, 9398, 9411, 24374, 24376, 27736, 27738, 27747, 27753, 27773, 27774, 27788, 27860, 27868, 27883, 27888, 27892, 28007, 28009, 28015, 28016, 28049, 28053, 28054, 28061, 28064, 28067, 28069, 28075, 28083, 28089, 28102, 28112, 28120, 28131, 28146, 28164, 28177, 28185, 28187, 28193, 28197, 28200, 28229, 28232, 28234, 28241, 28299, 868, 320, 7210, 5035, 5570, 6711, 6523, 6592, 24716, 22215, 25458, 2057, 5271, 3033], "label": "floor"}, {"objectId": 2, "id": 2, "partId": 2, "index": 1, "dominantNormal": [0, -2.220446049250313e-16, 1], "obb": {"axesLengths": [3.17094654138453, 0.16723000629477208, 2.189717389090066], "centroid": [-0.8195106947280348, 1.680980174200006, -1.3251650242098059], "normalizedAxes": [0.9818177819252014, -0.18982581794261932, -4.214979874963983e-17, 0, -2.220446049250313e-16, 1, -0.18982581794261932, -0.9818177819252014, -2.180073414959519e-16]}, "segments": [16005, 12439, 12466, 17772, 12476, 19394], "label": "carpet"}, {"objectId": 3, "id": 3, "partId": 3, "index": 2, "dominantNormal": [-0.22708962857723236, -0.9738738536834717, -2.1624343508796422e-16], "obb": {"axesLengths": [4.386011395757211, 2.7881799313087763, 0.3615435149382233], "centroid": [-0.56399805293564, 2.9503543315253187, -0.004090091122165518], "normalizedAxes": [0.9738738536834717, -0.22708962857723236, -5.042402686000366e-17, 0, -2.220446049250313e-16, 1, -0.22708962857723236, -0.9738738536834717, -2.1624343508796422e-16]}, "segments": [27307, 9386, 6500, 5941, 17670, 21610, 15621, 30195, 15511, 2506, 4398, 30235, 14629, 15718, 14685, 5954, 32824, 4357, 20632, 4031, 18080, 21543, 32948, 27325, 19849, 21682, 8966, 21613, 29953, 18621, 27507, 28700, 27490, 35188, 27601, 27564, 27524, 9856, 8744, 28436, 7748, 8788, 2439, 30217, 15599, 35171, 29975, 18394, 34918, 28693], "label": "wall"}, {"objectId": 4, "id": 4, "partId": 4, "index": 3, "dominantNormal": [0, -2.220446049250313e-16, 1], "obb": {"axesLengths": [4.0861229817601386, 0.18951999717533585, 1.6006698159317148], "centroid": [-0.6066859182342006, 2.2048185470505577, 1.2247598884680864], "normalizedAxes": [0.9704146981239319, -0.2414441555738449, -5.361137213585219e-17, 0, -2.220446049250313e-16, 1, -0.2414441555738449, -0.9704146981239319, -2.1547534825837198e-16]}, "segments": [1128, 13619, 13256, 15148, 21873, 17565, 9496, 7628], "label": "ceiling"}, {"objectId": 5, "id": 5, "partId": 5, "index": 4, "dominantNormal": [-0.22006259858608246, -0.9754857420921326, -2.1660134621284856e-16], "obb": {"axesLengths": [2.499180611825207, 1.4799999710917473, 0.2980489946864377], "centroid": [-0.4428988600224296, 2.7493195400598593, 0.5099999064207075], "normalizedAxes": [0.9754857420921326, -0.22006259858608246, -4.886371276182243e-17, 0, -2.220446049250313e-16, 1, -0.22006259858608246, -0.9754857420921326, -2.1660134621284856e-16]}, "segments": [10817, 5739, 19826, 26935, 16540, 33597, 32642, 30946, 3165, 1484, 14330, 19914, 20656, 3624, 3670, 3741, 3766, 3811, 3823, 3861, 3946, 3994, 3998, 4025, 4056, 4093, 4288, 4323, 4350, 4659, 5124, 5479, 5572, 5751, 6115, 7759, 7767, 7808, 7834, 7863, 7879, 7897, 7907, 7945, 7962, 7971, 7991, 8003, 8016, 8031, 8049, 8050, 8073, 8099, 8100, 8113, 8122, 8127, 8140, 8167, 8170, 8509, 10175, 10176, 10193, 13865, 16431, 16477, 16538, 16545, 16598, 16611, 16660, 16677, 16686, 16730, 16734, 16745, 16750, 16795, 16844, 16856, 16926, 16963, 16966, 16997, 17035, 17060, 20647, 20692, 20727, 20750, 20776, 20797, 20820, 20836, 20951, 20967, 20974, 20990, 21004, 21033, 21044, 21070, 21111, 21143, 22400, 22410, 22423, 22434, 22436, 22455, 22456, 22463, 22465, 22473, 22474, 22475, 22524, 22541, 22547, 22549, 22557, 22567, 22575, 22584, 22588, 22599, 22605, 22628, 22638, 22643, 22649, 22653, 22686, 22688, 22711, 22725, 22772, 22776, 22785, 22833, 22859, 22871, 22896, 22903, 22916, 22940, 22962, 22989, 22998, 23024, 23026, 23058, 23099, 23108, 23125, 23126, 23161, 23173, 23206, 23207, 23209, 23213, 23236, 23256, 23260, 23261, 23299, 23322, 23335, 23368, 23577, 23644, 23724, 23725, 23746, 23785, 23820, 23864, 23890, 23899, 23910, 23913, 24108, 24171, 25085, 25099, 25101, 25103, 25140, 25166, 25180, 25204, 25217, 25236, 25245, 25258, 25265, 25274, 25285, 25286, 25295, 25331, 26847, 27238, 27914, 28019, 28024, 28029, 28441, 28467, 28493, 28501, 28529, 28538, 28594, 28705, 29001, 29002, 29003, 29004, 29014, 29016, 29019, 29021, 29031, 29032, 29035, 29051, 30259, 30262, 30265, 30277, 30280, 30283, 30297, 30299, 30301, 30355, 30367, 30374, 30381, 30410, 30418, 30419, 30422, 30424, 30443, 30446, 30452, 30462, 30470, 30473, 30475, 30477, 30483, 30554, 30583, 30612, 30621, 30648, 30685, 30719, 30736, 30742, 30746, 30816, 30843, 30847, 30852, 30885, 30892, 32438, 32527, 32579, 32602, 32675, 32708, 32743, 32853, 33067, 33123, 33462, 33814, 33938, 34925, 8457, 25383, 2455, 10226, 10246, 10260, 10323, 10329, 10334, 10358, 10367, 10404, 14765, 17064, 17078, 17084, 17094, 17103, 17144, 17232, 17246, 22942, 28708, 28712, 28716, 28719, 29054, 29148, 29183, 29466, 30776, 33348, 33394, 33722, 33724, 11334, 10802, 17279, 27245, 14767, 14075, 14772, 15120, 17222, 17244, 21211, 34242, 14805, 10450, 17343, 9289, 8784, 8736, 21486, 27151, 28510, 7711, 10090, 16990], "label": "tv"}, {"objectId": 6, "id": 6, "partId": 6, "index": 5, "dominantNormal": [0, -2.220446049250313e-16, 1], "obb": {"axesLengths": [1.4932543479775662, 0.36594396011656577, 0.7307043750779667], "centroid": [-0.8373951821324706, 1.4537068743379036, -1.1752180101301237], "normalizedAxes": [0.9647191166877747, -0.2632811665534973, -5.846016261157268e-17, 0, -2.220446049250313e-16, 1, -0.2632811665534973, -0.9647191166877747, -2.142106751285621e-16]},