{"segGroups": [{"objectId": 1, "id": 1, "partId": 1, "index": 0, "dominantNormal": [0, -2.220446049250313e-16, 1], "obb": {"axesLengths": [6.32474782503271, 0.5019799358700231, 4.778096974570113], "centroid": [0.1903201663352737, 0.053202174695723414, -1.6009899934602525], "normalizedAxes": [0.7321714162826538, 0.6811203956604004, 1.5123910916079461e-16, 0, -2.220446049250313e-16, 1, 0.6811203956604004, -0.7321714162826538, -1.625747128658825e-16]}, "segments": [17799, 18733, 1116, 1817, 2818, 4774, 4781, 6464, 6468, 6473, 6547, 6956, 9191, 9234, 14839, 15061, 15074, 16559, 18081, 18088, 18251, 18253, 18838, 19426, 19517, 19692, 20930, 20931, 20939, 21255, 21354, 24587, 26429, 26452, 26456, 26466, 27188, 27875, 28141, 29886, 29968, 35285, 35295, 35298, 35301, 37852, 39061, 39389, 39462, 19505, 19602, 18575, 18604, 10770, 17854, 17869, 17906, 17916, 17920, 18457, 18470, 18526, 18551, 18626, 18652, 18669, 18672, 18682, 18700, 18722, 19572, 19956, 20258, 24333, 25065, 25702, 25703, 25842, 27298, 27340, 27393, 27422, 27447, 27453, 27462, 27471, 28245, 35291, 37751, 38912, 39264, 39309, 39345, 39349, 39355, 20240, 17484, 19974, 19988, 29880, 29892, 35209, 28171, 18160, 3716, 8944, 8945, 8957, 10122, 10717, 10802, 10805, 10836, 10870, 10873, 10886, 10895, 11575, 11585, 11637, 13479, 14771, 14776, 14785, 14976, 14988, 15004, 15073, 15958, 16543, 16570, 16607, 16797, 17419, 18217, 18275, 18283, 19879, 20269, 20273, 20275, 20288, 20434, 20439, 20443, 20447, 20461, 20468, 20478, 20486, 20497, 20507, 21302, 23725, 24279, 24627, 24636, 25569, 25586, 25797, 26190, 26359, 26367, 26374, 26393, 26764, 26765, 26808, 26875, 26883, 26987, 27195, 27285, 27921, 27924, 27929, 27961, 27968, 28802, 29041, 29703, 32270, 32272, 32459, 33534, 33536, 34315, 34865, 35199, 35202, 35338, 35435, 35438, 35445, 37252, 37255, 37257, 37724, 37745, 37749, 38151, 38291, 38437, 38441, 39387, 39456, 39946, 32448, 32457, 34182, 3440, 5613, 17373, 28163], "label": "floor"}, {"objectId": 2, "id": 2, "partId": 2, "index": 1, "dominantNormal": [0.9040478467941284, 0.42743128538131714, 9.490881089509287e-17], "obb": {"axesLengths": [3.4417960430584955, 1.6399999583512552, 0.2252525682113381], "centroid": [2.6053763599816793, 1.3032745993113046, -0.8100000114808972], "normalizedAxes": [-0.42743128538131714, 0.9040478467941284, 2.0073894697472748e-16, 0, -2.220446049250313e-16, 1, 0.9040478467941284, 0.42743128538131714, 9.490881089509287e-17]}, "segments": [9355, 28447, 34925, 34907, 6842, 6680, 225, 282, 311, 365, 438, 565, 584, 606, 2091, 3606, 3614, 3852, 4211, 4296, 4315, 4317, 4361, 4400, 4847, 4886, 6098, 6315, 6364, 10488, 10685, 14731, 30103, 30817, 30847, 30891, 35095], "label": "wall"}, {"objectId": 3, "id": 3, "partId": 3, "index": 2, "dominantNormal": [0.4245074391365051, -0.9054244160652161, -2.0104460675467807e-16], "obb": {"axesLengths": [5.248217911413372, 1.6070599476160112, 0.15820073778253618], "centroid": [0.9994807403301531, -1.315977524168439, -0.7735300070073454], "normalizedAxes": [0.9054244160652161, 0.4245074689388275, 9.425959322824695e-17, 0, -2.220446049250313e-16, 1, 0.4245074689388275, -0.9054244160652161, -2.0104460675467807e-16]}, "segments": [6481, 7747, 21123, 1319, 16927, 9552, 22737, 36948, 36651, 712, 1021, 1069, 1233, 1398, 1457, 2021, 2270, 4569, 6401, 6414, 6561, 7776, 9316, 9319, 9410, 9465, 9475, 11839, 13010, 13897, 14062, 15166, 15251, 15320, 15367, 22757, 23462, 23495, 27049, 27057, 28482, 28866, 29168, 29169, 30280, 30333, 36528, 36825, 36845, 11205], "label": "wall"}, {"objectId": 4, "id": 4, "partId": 4, "index": 3, "dominantNormal": [0.42371994256973267, -0.9057932496070862, -2.0112650425276572e-16], "obb": {"axesLengths": [2.893914942946922, 1.5000000186264504, 0.33469984488553683], "centroid": [0.6030560755192735, 2.2779490431434044, -0.8200000399048613], "normalizedAxes": [0.9057932496070862, 0.4237199127674103, 9.408472062930834e-17, 0, -2.220446049250313e-16, 1, 0.4237199127674103, -0.9057932496070862, -2.0112650425276572e-16]}, "segments": [3152, 37647, 4386, 7491, 18351, 18354, 19151, 19179, 21582, 21950, 22308, 25514, 27177, 29647, 37637], "label": "wall"}, {"objectId": 5, "id": 5, "partId": 5, "index": 4, "dominantNormal": [0.9371704459190369, 0.34887179732322693, 7.746510040612152e-17], "obb": {"axesLengths": [0.6774659124367499, 0.957546987588398, 0.5647577366616892], "centroid": [-0.09927442968798317, 1.5427657126973977, -1.0416065242224959], "normalizedAxes": [-0.34887179732322693, 0.9371704459190369, 2.0809364141150796e-16, 0, -2.220446049250313e-16, 1, 0.9371704459190369, 0.34887179732322693, 7.746510040612152e-17]}, "segments": [19348, 38404, 18765, 38273, 24272, 25241, 2529, 2536, 2586, 2608, 2702, 5567, 5575, 5596, 7480, 8057, 17717, 17730, 17737, 17749, 17775, 23666, 25466, 25497, 25730, 25753, 26949, 26959, 28638, 29446, 29971, 30879, 31261, 35214, 35604, 37023, 37788, 38301, 39361, 39371, 39483], "label": "commode"}, {"objectId": 6, "id": 6, "partId": 6, "index": 5, "dominantNormal": [-0.5302349328994751, -0.8478507399559021, -1.8826068258890374e-16], "obb": {"axesLengths": [0.7589393949395016, 0.9296029598354627, 0.6853057142012822], "centroid": [0.29863157249863703, 1.7312215752367894, -1.029408523348826], "normalizedAxes": [0.8478507399559021, -0.5302349328994751, -1.1773580619311443e-16, 0, -2.220446049250313e-16, 1, -0.5302349328994751, -0.8478507399559021, -1.8826068258890374e-16]}, "segments": [21047, 25165, 27565, 21381, 21459, 21485, 21513, 21541, 21548, 21552, 21575, 21591, 21603, 24877, 24884, 24889, 24938, 25232, 25307, 25332, 25408, 27665, 27667, 27696, 27722, 29551, 35629, 37384, 37399, 37516, 37588, 37602, 37604, 37608, 21698, 21694, 25323, 21471, 23689, 23992, 24220, 29562, 37130, 38424, 38434, 23674, 24025, 37127, 24868, 39363, 39366], "label": "commode"}, {"objectId": 7, "id": 7, "partId": 7, "index": 6, "dominantNormal": [0.757889449596405, 0.652383029460907, 1.4485813203644215e-16], "obb": {"axesLengths": [0.6965637134734256, 0.9047600424715863, 0.5054122309250035], "centroid": [0.7107368358279866, 1.9347234618640394, -1.022380033200978], "normalizedAxes": [-0.652383029460907, 0.757889449596405, 1.6828526341248318e-16, 0, -2.220446049250313e-16, 1, 0.757889449596405, 0.652383029460907, 1.4485813203644215e-16]}, "segments": [24995, 24957, 23799, 37464, 19878, 19888, 19899, 19912, 19965, 19978, 19985, 19986, 20007, 20041, 20116, 21571, 23559, 23792, 24097, 24108, 24180, 29598, 35373, 35378, 35585, 35590], "label": "commode"}, {"objectId": 8, "id": 8, "partId": 8, "index": 7, "dominantNormal": [0.8542808294296265, 0.519811749458313, 1.1542139454386046e-16], "obb": {"axesLengths": [0.6571359691166005, 0.9737109920298082, 0.5858680787786381], "centroid": [1.1149810903569723, 2.1265820876131345, -1.0459945286658137], "normalizedAxes": [-0.519811749458313, 0.8542808294296265, 1.8968844926572947e-16, 0, -2.220446049250313e-16, 1, 0.8542808294296265, 0.519811749458313, 1.1542139454386046e-16]}, "segments": [26670, 29743, 26584, 22925, 21924, 37108, 1279, 19736, 19750, 19846, 19876, 19902, 19906, 19961, 21880, 21881, 21910, 21938, 21978, 22141, 22143, 22290, 22327, 22473, 22504, 22584, 22930, 22991, 23028, 23054, 23064, 23120, 23124, 23181, 23185, 23205, 25900, 26024, 26027, 26028, 26742, 26812, 26819, 27299, 27788, 28908, 28920, 29683, 35392, 35453, 35516, 35641, 35643, 37342, 39539, 39542], "label": "commode"}, {"objectId": 9, "id": 9, "partId": 9, "index": 8, "dominantNormal": [0.9360621571540833, 0.3518347442150116, 7.81230067781217e-17], "obb": {"axesLengths": [1.914234361415369, 0.8915069500020075, 0.7391107327730279], "centroid": [2.3285691488798537, 1.201642641266041, -0.9842464724421539], "normalizedAxes": [-0.3518347144126892, 0.9360621571540833, 2.0784755187055098e-16, 0, -2.220446049250313e-16, 1, 0.9360621571540833, 0.3518347144126892, 7.81230001606768e-17]},