{"segGroups": [{"objectId": 21, "id": 21, "partId": 21, "index": 0, "dominantNormal": [0, -2.220446049250313e-16, 1], "obb": {"axesLengths": [4.764690378806321, 0.21239006044588837, 3.9837874472258017], "centroid": [-3.430583105817891, -5.052154180195526, 1.2827149696786329], "normalizedAxes": [0.8548513054847717, -0.5188730359077454, -1.152129582643869e-16, 0, -2.220446049250313e-16, 1, -0.5188730359077454, -0.8548513054847717, -1.898151203960134e-16]}, "segments": [20061, 39031, 11163, 21054, 19340, 19619, 24580, 33283, 38451, 40320, 51023, 51039, 22976, 26890, 27301, 28122, 51084, 31125, 30841, 27676, 31648, 31487, 28901, 28680, 27485, 26576, 26283, 24976, 13591, 18873, 18880, 18908, 18915, 19562, 22245, 23438, 23458, 24930, 24950, 24959, 25016, 25017, 26292, 26896, 27492, 28205, 28226, 28297, 28317, 28530, 28551, 28560, 28564, 28684, 40088, 50607, 50756, 50781, 51110, 56161], "label": "ceiling"}, {"objectId": 1, "id": 1, "partId": 1, "index": 5, "dominantNormal": [0, -2.220446049250313e-16, 1], "obb": {"axesLengths": [9.634666510348218, 0.27999996513128345, 7.076422673419639], "centroid": [-2.6590787618940643, -1.559172083990623, -1.3699999983608722], "normalizedAxes": [0.60804682970047, 0.7939011454582214, 1.762814661928006e-16, 0, -2.220446049250313e-16, 1, 0.7939011454582214, -0.60804682970047, -1.3501351807675865e-16]}, "segments": [48252, 48889, 173, 190, 313, 387, 508, 542, 615, 631, 656, 787, 969, 1484, 1971, 1975, 1981, 2032, 2345, 2522, 2524, 2549, 2553, 2571, 2580, 2642, 3028, 3031, 3036, 3113, 3114, 3132, 3158, 3163, 3172, 3177, 3185, 3238, 4341, 4369, 4370, 4377, 4389, 4415, 4640, 4660, 4671, 4707, 4889, 5900, 5964, 6070, 6178, 6206, 6293, 6371, 6749, 6752, 6770, 6782, 6785, 6869, 6924, 6966, 7141, 8789, 9419, 9749, 9857, 9975, 10676, 11541, 11920, 11947, 12289, 13534, 13576, 13578, 15362, 16632, 17750, 18185, 18435, 18920, 19220, 19869, 23250, 25082, 25527, 28839, 28840, 28882, 29927, 29956, 32181, 32374, 33095, 33165, 33195, 33213, 33215, 35202, 35247, 42793, 43028, 43812, 43894, 44148, 44531, 44539, 44580, 44601, 44620, 44679, 45237, 45315, 45340, 45590, 45602, 45736, 46483, 46555, 46623, 46934, 47062, 47351, 47384, 49619, 49626, 49632, 49660, 49695, 49708, 49715, 49737, 49771, 49773, 49776, 49780, 50766, 50771, 51222, 51760, 51762, 54512, 39852, 697, 712, 749, 765, 907, 986, 991, 1015, 1059, 1062, 1128, 1195, 2923, 2937, 2979, 3259, 3279, 3327, 3390, 3416, 3426, 3496, 3530, 3553, 3556, 3613, 3619, 3843, 6140, 6179, 6496, 6547, 6611, 10634, 12077, 12323, 16067, 16084, 17093, 31265, 31268, 31816, 32783, 34585, 38623, 38993, 39462, 40176, 40689, 40690, 41590, 42667, 42720, 42722, 48016, 49047, 49641, 49642, 49644, 49649, 49652, 49658, 49718, 49719, 49724, 49733, 49794, 49795, 50335, 54730, 54986, 55164, 41537, 41617, 2396, 2943, 3248, 3363, 16103, 16141, 16162, 16175, 16191, 38715, 38818, 38822, 38902, 39594, 44988, 45254, 45279, 45299, 45671, 49599, 50540, 50542, 50545, 50548, 54625, 4643, 2046, 1814, 6333, 4, 9416, 5394, 5889, 54578, 38648, 45188, 47711, 4496, 46910, 49578, 38460, 25572, 49409, 44220, 38452, 36, 86, 198, 202, 207, 214, 236, 258, 276, 280, 295, 328, 422, 454, 465, 479, 501, 510, 520, 525, 545, 555, 556, 580, 598, 605, 620, 690, 733, 744, 752, 760, 799, 806, 810, 813, 814, 824, 864, 893, 897, 917, 923, 947, 956, 992, 1014, 1020, 1037, 1041, 1048, 1050, 1057, 1072, 1117, 1126, 1191, 1192, 1196, 1199, 1213, 1258, 1266, 1278, 1280, 1289, 1358, 1383, 1438, 1451, 1468, 1471, 1503, 1515, 1530, 1534, 1588, 1594, 1601, 1664, 1686, 1697, 1774, 1778, 1871, 1883, 1996, 3015, 3019, 3273, 3324, 4582, 4821, 4826, 5397, 5423, 5455, 5936, 5949, 5982, 6155, 6197, 6288, 6324, 6715, 6844, 8494, 8495, 8526, 8551, 17653, 17746, 17777, 19196, 25556, 25671, 25942, 26080, 27073, 27848, 27851, 27913, 27987, 28020, 28040, 28074, 33229, 33251, 35595, 35602, 38477, 38579, 38621, 42809, 42817, 43211, 43225, 43241, 43251, 44291, 44294, 45261, 45281, 45295, 45298, 45352, 45356, 49367, 49369, 49374, 49377, 49383, 49384, 49387, 49396, 49403, 49404, 49408, 49413, 49427, 49431, 49440, 49442, 49443, 49483, 49489, 49492, 49495, 49520, 49556, 49557, 49572, 49596, 49614, 49667, 49669, 49696, 49703, 49742, 49746, 51764, 53162, 53831, 53919, 54057, 54064, 55432, 55444, 35547, 35565, 51935, 51939, 3756, 10960, 41890, 47014, 37368, 37516, 3725], "label": "floor"}, {"objectId": 2, "id": 2, "partId": 2, "index": 6, "dominantNormal": [-0.3519509434700012, -0.9360184669494629, -2.0783785069632696e-16], "obb": {"axesLengths": [3.644504505415343, 2.7968799442750214, 0.2304748847378384], "centroid": [-1.0224190792055736, 2.1273807175532204, -0.048440002684891015], "normalizedAxes": [0.9360184669494629, -0.3519509434700012, -7.814880819578845e-17, 0, -2.220446049250313e-16, 1, -0.3519509434700012, -0.9360184669494629, -2.0783785069632696e-16]}, "segments": [22780, 19265, 17549, 39937, 16414, 43288, 43382, 17638, 18356, 21386, 22504, 22511, 24268, 24397, 25885, 35339, 35394, 35396, 35421, 35452, 36686, 36689, 37035, 37049, 37067, 37130, 37131, 37159, 37180, 37210, 37219, 37230, 37242, 37278, 38098, 40047, 40262, 40268, 40269, 40278, 40286, 40296, 40311, 40331, 40428, 40439, 40478, 40495, 40497, 40507, 42260, 42270, 42278, 42289, 42322, 43349, 43392, 44760, 44763, 44926, 44970, 44976, 50536, 50853, 52073, 52085, 52368, 52971, 52976, 55075, 55998, 40457, 37076, 52096, 37248, 56010, 21647, 35471, 37085, 40358, 40417, 40467, 52117, 12198, 33536, 39814, 40564, 36426, 39803, 10241, 10199, 35119, 35077, 36834, 19140, 15038, 35460], "label": "wall"}, {"objectId": 3, "id": 3, "partId": 3, "index": 7, "dominantNormal": [-0.34935271739959717, -0.936991274356842, -2.080538573327666e-16], "obb": {"axesLengths": [0.5597393150736384, 0.5599999898672103, 0.08205792263060985], "centroid": [-0.1757518535474838, 1.743402341718689, 0.08999997735023535], "normalizedAxes": [0.936991274356842, -0.34935271739959717, -7.757188611447966e-17, 0, -2.220446049250313e-16, 1, -0.34935271739959717, -0.936991274356842, -2.080538573327666e-16]}, "segments": [8916, 9279, 8958, 18055], "label": "picture"}, {"objectId": 4, "id": 4, "partId": 4, "index": 8, "dominantNormal": [-0.3677457571029663, -0.9299263954162598, -2.0648513907956184e-16], "obb": {"axesLengths": [0.6188602076685619, 0.50000000372529, 0.06520644249242619], "centroid": [-0.9897370684880429, 2.045472933108597, 0.0799999796599149], "normalizedAxes": [0.9299263954162598, -0.3677457571029663, -8.165596134878468e-17, 0, -2.220446049250313e-16, 1, -0.3677457571029663, -0.9299263954162598, -2.0648513907956184e-16]}, "segments": [15621], "label": "picture"}, {"objectId": 5, "id": 5, "partId": 5, "index": 9, "dominantNormal": [-0.32412177324295044, -0.9460153579711914, -2.1005760641372526e-16], "obb": {"axesLengths": [0.576285170335106, 0.5599999898672103, 0.07674244216290146], "centroid": [-1.7866451047115917, 2.3474001759883367, 0.0899999773502349], "normalizedAxes": [0.9460153579711914, -0.3241218030452728, -7.196949770477641e-17, 0, -2.220446049250313e-16, 1, -0.3241218030452728, -0.9460153579711914, -2.1005760641372526e-16]}, "segments": [31505, 38167], "label": "picture"}, {"objectId": 6, "id": 6, "partId": 6, "index": 10, "dominantNormal": [0, -2.220446049250313e-16, 1], "obb": {"axesLengths": [3.560897452088202, 0.1615400278224044, 1.5269404688752706], "centroid": [-1.2264421139835968, 1.3465201507115805, 1.2107699596709756], "normalizedAxes": [0.9203116297721863, -0.391185998916626, -8.686074058164594e-17, 0, -2.220446049250313e-16, 1, -0.391185998916626, -0.9203116297721863, -2.0435023224067678e-16]}, "segments": [23657, 48174, 4123, 6002, 23549, 17959, 26544, 31074, 40078, 40519, 19102], "label": "ceiling"}, {"objectId": 7, "id": 7, "partId": 7, "index": 11, "dominantNormal": [0, -2.220446049250313e-16, 1], "obb": {"axesLengths": [1.9849782709106771, 0.756856007348239, 0.9399457782376504], "centroid": [-1.196437451814314, 1.6555805485607649, -1.0235219909208566],