{"segGroups": [{"objectId": 1, "id": 1, "partId": 1, "index": 0, "dominantNormal": [0, -2.220446049250313e-16, 1], "obb": {"axesLengths": [5.8067488797444335, 0.25262998969934847, 4.703324738953897], "centroid": [-1.4568074292170154, 0.1765504596746721, -1.2499050407033032], "normalizedAxes": [-0.1891188621520996, 0.9819542169570923, 2.1803763615870604e-16, 0, -2.220446049250313e-16, 1, 0.9819542169570923, 0.1891188621520996, 4.1992823030434414e-17]}, "segments": [26273, 35046, 24020, 32751, 3191, 3194, 3265, 3274, 3278, 3295, 3345, 3352, 3360, 3382, 3393, 3431, 3481, 3522, 3523, 4949, 4977, 4980, 4988, 4990, 5018, 5029, 5131, 5173, 5178, 5184, 5194, 5195, 5203, 7325, 7334, 7340, 7373, 7375, 7388, 7851, 8502, 8561, 8567, 10067, 10083, 11713, 13764, 19014, 19018, 19029, 19052, 19062, 19071, 19117, 19132, 19162, 19179, 19189, 19261, 19274, 19315, 19336, 19425, 19429, 19483, 19489, 19501, 19570, 19700, 19712, 19838, 19870, 20270, 20287, 20300, 20322, 20339, 20359, 20389, 20421, 20425, 20436, 20454, 20494, 20496, 20505, 20516, 20526, 20569, 20586, 20605, 20614, 20619, 20642, 20655, 20695, 20736, 20754, 21124, 21136, 21158, 21207, 21237, 21327, 22300, 22804, 23216, 23226, 23252, 23253, 23265, 23276, 24009, 24266, 24484, 25134, 25142, 25179, 25683, 26552, 26557, 26593, 26625, 26630, 27099, 27117, 27120, 27183, 27224, 27372, 28764, 28768, 28780, 28789, 29568, 29577, 29595, 29629, 29641, 30414, 30469, 32444, 32511, 32516, 32544, 32573, 32626, 32733, 33214, 34045, 34233, 34771, 34773, 35113, 35119, 35127, 35134, 35139, 35205, 35294, 35317, 35485, 35491, 35528, 35529, 35560, 35569, 36017, 36032, 36042, 41911, 41916, 41919, 41925, 41936, 41971, 41981, 42171, 42173, 42174, 42177, 42181, 42183, 42185, 42188, 42399, 42505, 42509, 42525, 42722, 42725, 43255, 45103, 45109, 45112, 45120, 45124, 45126, 45159, 45164, 45185, 45194, 45265, 45289, 45295, 45508, 45512, 45518, 45860, 46331, 46419, 46935, 47027, 47075, 47814, 47822, 48463, 48471, 48475, 11636, 20855, 31617, 31922, 32976, 34451, 34780, 47952, 48114, 48116, 48119, 18526, 12922, 12929, 24602, 2822, 2846, 2960, 2963, 3093, 3331, 8670, 8691, 8696, 8712, 9883, 10753, 10772, 10804, 10973, 11119, 11540, 11544, 12579, 12666, 12863, 12927, 12968, 12987, 13112, 13475, 13648, 13692, 13695, 13733, 24532, 24533, 24564, 24581, 24597, 24612, 24964, 26728, 26734, 27025, 27046, 27063, 31507, 31556, 32577, 32969, 34016, 34252, 34259, 34873, 34876, 41892, 41895, 41930, 41959, 42527, 42933, 43830, 43849, 45657, 45659, 45662, 45669, 45730, 45740, 45753, 47047, 47057, 47162, 47665, 47685, 47857, 47876, 17464, 25015, 9803, 9866, 11991, 12064, 12903, 12915, 12943, 12944, 12951, 13095, 13127, 15292, 15298, 15306, 15347, 15353, 15667, 15673, 15816, 15841, 16687, 16692, 16697, 16698, 24940, 24959, 25293, 25326, 33401, 33524, 34257, 34564, 34585, 34600, 34603, 34649, 34867, 42951, 43021, 43110, 43112, 43115, 43771, 43780, 43797, 43827, 43834, 43843, 43855, 43922, 44045, 44047, 45752, 45756, 47329, 47754, 48106, 48222, 48226, 48230, 48236, 48238, 48255, 48288, 48291, 9854, 9857, 9858, 9882, 12021, 24951, 25300, 34753, 35160, 43031, 44058, 47166, 47358, 11963, 32709, 47269, 12016, 12036, 16643, 16729, 47170, 9838, 11983, 11958, 11905, 15798, 15801, 16640, 16718, 31998, 34618, 43026, 44053, 47173, 47180, 48135, 48137, 48139, 48212, 48282, 47292, 9831, 44025, 47369, 17455, 2989, 11946, 16623, 16632, 17450, 17452, 34997, 42949, 44050, 44060, 9556, 9513, 9463, 9482, 9495, 9519, 9542, 9555, 9561, 9577, 42665, 42675, 9511, 9529, 21078, 21088, 45764, 8482, 42514, 8512, 7307, 7311], "label": "floor"}, {"objectId": 2, "id": 2, "partId": 2, "index": 1, "dominantNormal": [-0.5508129596710205, -0.834628701210022, -1.8532480021927133e-16], "obb": {"axesLengths": [2.981368241638175, 3.0368599212871494, 0.5536775233258702], "centroid": [-0.32519798194744487, 1.3686513254310928, 0.22304991485320125], "normalizedAxes": [0.834628701210022, -0.5508129596710205, -1.2230504601773895e-16, 0, -2.220446049250313e-16, 1, -0.5508129596710205, -0.834628701210022, -1.8532480021927133e-16]}, "segments": [6103, 2576, 2911, 3106, 14375, 14398, 14419, 14460, 14835, 15201, 15639, 15647, 28438, 28450, 41346, 14272, 20199, 14228, 15585, 33734, 33741, 22679, 26149, 26399, 28052, 46802, 26358, 26215, 25761, 26119, 24802, 26208, 28474, 18342, 12755, 48456, 18292, 12869, 27713, 14519, 14431, 45018, 14332, 14877, 14503, 18865, 45045, 45081, 14345, 15640], "label": "wall"}, {"objectId": 3, "id": 3, "partId": 3, "index": 2, "dominantNormal": [0, -2.220446049250313e-16, 1], "obb": {"axesLengths": [3.65680180180509, 0.18480002467036238, 2.702647585612998], "centroid": [-1.3333932284726673, -0.1396082903915814, 1.502399868995996], "normalizedAxes": [0.5612603425979614, 0.8276392817497253, 1.8377283733655444e-16, 0, -2.220446049250313e-16, 1, 0.8276392817497253, -0.5612603425979614, -1.2462483103225206e-16]}, "segments": [39765, 2130, 3200, 3588, 16472, 16745, 2238, 81, 46927, 9648], "label": "ceiling"}, {"objectId": 4, "id": 4, "partId": 4, "index": 3, "dominantNormal": [0, -2.220446049250313e-16, 1], "obb": {"axesLengths": [1.3483121808450262, 0.09713995239570838, 0.32618833835681754], "centroid": [-1.3014378902804062, -0.09268827353920406, 1.4671399077022085], "normalizedAxes": [0.5386064648628235, 0.8425574898719788, 1.870853449652496e-16, 0, -2.220446049250313e-16, 1, 0.8425574898719788, -0.5386064648628235, -1.195946597005334e-16]}, "segments": [4311, 3682, 3728, 3747, 41982, 4352, 49887, 3697, 3781, 3789, 4266, 4341, 4349, 4381, 4383, 37720, 37723, 37731, 42078, 42080, 42083, 43237, 43253, 49856, 49865, 49868, 49872, 3674, 13831, 13884, 49830, 4403, 42223, 42225, 42230, 3694, 4261, 4267, 4355, 42059, 13544, 4535, 4570, 4607, 4618, 4628, 4635, 4643, 4664, 4742, 4789, 13558, 13567, 42088, 42090, 42095, 42099, 42101, 42104, 42135, 42153, 43542, 43561, 4506, 4507, 4509, 4513, 4585, 4594, 4596, 4609, 4619, 4629, 4716, 4821, 13832, 13848, 13856, 13858, 13889, 13904, 15118, 42093, 42113, 42124, 42126, 42133, 43263, 43278, 43730, 43427, 4221, 4688, 15078, 15115, 15131, 15132, 15151, 42161, 43348, 43352, 43363, 4331], "label": "light"}, {"objectId": 5, "id": 5, "partId": 5, "index": 4, "dominantNormal": [0.9688225984573364, -0.24775545299053192, -5.501276167730483e-17], "obb": {"axesLengths": [0.48110138276560543, 2.8872598956392714, 0.4011204981279628], "centroid": [0.8107467370592518, 0.33768678720077105, 0.16636995205454586], "normalizedAxes": [0.24775545299053192, 0.9688225984573364, 2.1512183111690151e-16, 0, -2.220446049250313e-16, 1, 0.9688225984573364, -0.24775545299053192, -5.501276167730483e-17]}, "segments": [2443, 6684, 6626, 1061, 2437, 266, 4132, 42324, 46851, 27840, 46511, 28339, 28250, 27589, 46543, 27484, 28344, 27594, 46917, 6636, 1133, 220, 452, 27842, 27449], "label": "jalousie"}, {"objectId": 6, "id": 6, "partId": 6, "index": 5, "dominantNormal": [0.8300263285636902, -0.5577241778373718, -1.2383964472503713e-16], "obb": {"axesLengths": [3.6771923624246745, 2.8488399345687028, 0.5811381551628251], "centroid": [-0.09397302757936044, -0.9625297596028368, 0.12705997444808492], "normalizedAxes": [0.5577241778373718, 0.830026388168335, 1.8430288143818862e-16, 0, -2.220446049250313e-16, 1, 0.830026388168335, -0.5577241778373718, -1.2383964472503713e-16]},