{"segGroups": [{"objectId": 1, "id": 1, "partId": 1, "index": 0, "dominantNormal": [0, -2.220446049250313e-16, 1], "obb": {"axesLengths": [4.697639723823397, 0.5014199502448752, 4.054336565062672], "centroid": [-1.6051933602072672, 1.961176175880702, -1.0727301167831582], "normalizedAxes": [0.9996237754821777, 0.027428999543190002, 6.090461367056488e-18, 0, -2.220446049250313e-16, 1, 0.027428999543190002, -0.9996237754821777, -2.2196106630060835e-16]}, "segments": [10485, 4766, 15540, 10769, 1123, 755, 4717, 5307, 19859, 16247, 3887, 13030, 14464, 10663, 10626, 4314, 4312, 12329, 24631, 17117, 17630, 20280, 15229, 20362, 8890, 8515, 17670, 13065, 17070, 13139, 13155, 21601, 14722, 12746, 14288, 14777, 13080, 12911, 21778, 759, 954, 1434, 1467, 1508, 2006, 2029, 2049, 2158, 2341, 2410, 3080, 3083, 3982, 4385, 4514, 4570, 4589, 4603, 4674, 4697, 4707, 4710, 4917, 4929, 4941, 6004, 6410, 6435, 6526, 6779, 6834, 6922, 7170, 8013, 8046, 8051, 8063, 8090, 8132, 8141, 8150, 8170, 8174, 8193, 8241, 8472, 8476, 8497, 8501, 8514, 8771, 8821, 8858, 8870, 8891, 8952, 8960, 8984, 8997, 9001, 9005, 9010, 9020, 9039, 9054, 9059, 9224, 9328, 9331, 9332, 9341, 9353, 9355, 9369, 9382, 9387, 9390, 9395, 9425, 9434, 9493, 9717, 9758, 9897, 9918, 9924, 9951, 9962, 9964, 9969, 9971, 9987, 9989, 9992, 10001, 10004, 10024, 10031, 10038, 10079, 10407, 10473, 10554, 10564, 10567, 10577, 10578, 10683, 10692, 10708, 10746, 10854, 10860, 11352, 11358, 11363, 11372, 11469, 11478, 11508, 11833, 12094, 12113, 12118, 12195, 12228, 12235, 12253, 12260, 12262, 12267, 12276, 12338, 12403, 12408, 12425, 12431, 12445, 12451, 12454, 12470, 12520, 12570, 12582, 12602, 12609, 12620, 12644, 12647, 12656, 12682, 12695, 12703, 12726, 12773, 12778, 12900, 12967, 13001, 13021, 13037, 13052, 13085, 13107, 13118, 13242, 13254, 13261, 13721, 13764, 14182, 14184, 14277, 14477, 14707, 14708, 14721, 14915, 14943, 14947, 14953, 14956, 15027, 15114, 15233, 15255, 15261, 15275, 15338, 15344, 15413, 15421, 15428, 15430, 15467, 15477, 15498, 15516, 15542, 15553, 15555, 15562, 15591, 15602, 15637, 15640, 15644, 15660, 15775, 15858, 16111, 16208, 16379, 16397, 16403, 16451, 16588, 16589, 16670, 16826, 17161, 17315, 17323, 17344, 17421, 17422, 17501, 17609, 17813, 17814, 17831, 17928, 18061, 18775, 19069, 19072, 19134, 19180, 19184, 19854, 19862, 19864, 19904, 19908, 19926, 19938, 20087, 20220, 20239, 20249, 20252, 20335, 20514, 20519, 20551, 20559, 20560, 20562, 20563, 20574, 20586, 20601, 20665, 20697, 20700, 20808, 20878, 20922, 21439, 21497, 21517, 21532, 21535, 21554, 21556, 21607, 21633, 21646, 21659, 21664, 21692, 21696, 21760, 21764, 21789, 21792, 21796, 21823, 21902, 22302, 22532, 22533, 22543, 22545, 22865, 22926, 23110, 23693, 23962, 23985, 24940, 24943, 16384, 12153], "label": "floor"}, {"objectId": 2, "id": 2, "partId": 2, "index": 1, "dominantNormal": [0, -2.220446049250313e-16, 1], "obb": {"axesLengths": [2.4633323972662766, 0.6592419894209062, 1.2623351016461344], "centroid": [-0.7685803113917693, 1.390084179214412, -0.6415451640290395], "normalizedAxes": [-0.46601879596710205, 0.8847748041152954, 1.9645947182740273e-16, 0, -2.220446049250313e-16, 1, 0.8847748041152954, 0.46601879596710205, 1.0347695943815395e-16]}, "segments": [8942, 4485, 19714, 8701, 17407, 4866, 21040, 7475, 9203, 16642, 10419, 16658, 17396, 16622, 17597, 16038, 11718, 11565, 20412, 9217, 9121, 9179, 9084, 11140, 11033, 19574, 6999, 6965, 6859, 20993, 6849, 11687, 21010, 11620, 21910, 18196, 1291, 23126, 10970, 10935], "label": "table"}, {"objectId": 3, "id": 3, "partId": 3, "index": 2, "dominantNormal": [0.29945114254951477, -0.954111635684967, -2.118553412000439e-16], "obb": {"axesLengths": [1.1347047191951294, 0.5479599711009864, 0.49864195859417165], "centroid": [-1.6597874036715776, 1.902724930410758, -0.9639801335190246], "normalizedAxes": [0.954111635684967, 0.29945114254951477, 6.649151064175624e-17, 0, -2.220446049250313e-16, 1, 0.29945114254951477, -0.954111635684967, -2.118553412000439e-16]}, "segments": [17310, 49, 62, 17177, 18209, 457, 144, 1259, 51, 89, 463, 615, 634, 1189, 1197, 1436, 1472, 1510, 1556, 1561, 1584, 1599, 2047, 2099, 2108, 2128, 2138, 2166, 2254, 8449, 18111, 18191, 18200, 18267, 18299, 18638, 20082, 4564, 1107, 18351, 3209], "label": "bench"}, {"objectId": 4, "id": 4, "partId": 4, "index": 3, "dominantNormal": [0.9077195525169373, -0.41957738995552063, -9.316489578814938e-17], "obb": {"axesLengths": [0.7214752464471818, 0.8928200104947385, 0.7383526364807503], "centroid": [-1.4802638322352626, 1.2142602270334284, -0.7281101499920344], "normalizedAxes": [0.9077195525169373, -0.419577419757843, -9.316490240559428e-17, 0, -2.220446049250313e-16, 1, -0.419577419757843, -0.9077195525169373, -2.0155422942134954e-16]}, "segments": [16714, 23063, 6168, 8702, 2657, 2706, 2708, 2715, 2722, 6023, 9261, 23329, 20216, 9124], "label": "chair"}, {"objectId": 5, "id": 5, "partId": 5, "index": 4, "dominantNormal": [0.24720343947410583, -0.968963623046875, -2.1515314486617032e-16], "obb": {"axesLengths": [0.6347871428499129, 0.8978690304338399, 0.4998200257176468], "centroid": [-1.2267577114212962, 0.6844471082407679, -0.7903856626066825], "normalizedAxes": [0.968963623046875, 0.24720345437526703, 5.489019336285917e-17, 0, -2.220446049250313e-16, 1, 0.24720345437526703, -0.968963623046875, -2.1515314486617032e-16]}, "segments": [11983, 20477, 9185, 8735, 4857, 19081, 20032, 20469, 12010, 4419, 4277, 11083, 14569, 21505, 21511], "label": "chair"}, {"objectId": 7, "id": 7, "partId": 7, "index": 5, "dominantNormal": [0.9994720220565796, 0.032490506768226624, 7.214341739164936e-18], "obb": {"axesLengths": [0.6242240355273441, 0.622708008675843, 0.3401727775466735], "centroid": [-0.00958103862544113, 1.0029166843926958, -0.6086011560573952], "normalizedAxes": [-0.032490506768226624, 0.9994720220565796, 2.219273702711754e-16, 0, -2.220446049250313e-16, 1, 0.9994720220565796, 0.032490506768226624, 7.214341739164936e-18]}, "segments": [9550, 14140, 9570, 9582, 9606, 9612, 9620, 9820, 14123, 14157, 14200, 14237, 17555, 22307, 22309, 22322, 22349, 22351, 22353, 22358, 24980, 24983, 24986, 24990, 9845, 9806, 9837, 10282, 14261, 14262, 23242, 16569, 14149, 10292, 14194, 16256, 16520, 20833, 22312, 22445, 23236, 16309, 16324, 10320, 16275, 16288, 16576, 20837, 23202, 23290, 23307, 23195, 10330, 10336, 10350, 16343, 20843, 20845, 23222, 23238, 23269], "label": "chair"}, {"objectId": 9, "id": 9, "partId": 9, "index": 6, "dominantNormal": [0.18621498346328735, 0.9825090169906616, 2.1816082651297233e-16], "obb": {"axesLengths": [0.3551247154331252, 0.44161700215301636, 0.37248524342386435], "centroid": [-0.9760575896781611, 2.642945516226261, -0.9977916721748223], "normalizedAxes": [0.18621498346328735, 0.9825090169906616, 2.1816082651297233e-16, 0, -2.220446049250313e-16, 1, 0.9825090169906616, -0.18621498346328735, -4.134803243422688e-17]}, "segments": [21162, 23806, 10884, 12836, 11114, 6079, 10892, 11134, 11935, 11954, 11963, 12573, 12673, 12831, 12875, 12896, 13152, 16771, 16787, 16802, 16816, 16837, 16843, 16949, 17000, 17006, 17067, 17145, 21240, 21610, 21637, 23335, 23338, 23341, 23344, 23559, 23584, 23587, 23628, 23778, 23788, 23850, 23853, 23911, 16791, 13060, 23716, 12764, 6335], "label": "stool"}, {"objectId": 10, "id": 10, "partId": 10, "index": 7, "dominantNormal": [0, -2.220446049250313e-16, 1], "obb": {"axesLengths": [3.711458901930897, 0.6615899653377385, 0.8660885336347577], "centroid": [-2.2143056070672023, 3.5338571643315615, -0.9607951295943189], "normalizedAxes": [0.9077103137969971, 0.4195973873138428, 9.316933609367756e-17, 0, -2.220446049250313e-16, 1, 0.4195973873138428, -0.9077103137969971, -2.015521780134304e-16]},