{"segGroups": [{"objectId": 1, "id": 1, "partId": 1, "index": 0, "dominantNormal": [0, -2.220446049250313e-16, 1], "obb": {"axesLengths": [4.232462120894959, 0.24000000417232492, 1.8177321830602635], "centroid": [-0.2934554041893356, -0.41003642009464125, -1.6500001199543481], "normalizedAxes": [0.6134538054466248, 0.7897306084632874, 1.7535542095343523e-16, 0, -2.220446049250313e-16, 1, 0.7897306084632874, -0.6134538054466248, -1.3621410787015281e-16]}, "segments": [14996, 25976, 1497, 1583, 2053, 2067, 2091, 3145, 3535, 13589, 16156, 17863, 17891, 17985, 21149, 22064, 22095, 22132, 34028, 35917, 42208, 1507, 1967, 22992, 15356, 17854, 18064, 20527, 20681, 20821, 20842, 20843, 21134, 21150, 21550, 21628, 21715, 22229, 22360, 22525, 22544, 27550, 27740, 29366, 33523, 33525, 33534, 33540, 33543, 33545, 33547, 33578, 39682, 39683, 22172, 29349, 15786, 9397, 22174, 25550, 32233, 32300, 29846, 42258, 1340, 3310], "label": "floor"}, {"objectId": 2, "id": 2, "partId": 2, "index": 1, "dominantNormal": [0.737040638923645, 0.6758484244346619, 1.5006849639279937e-16], "obb": {"axesLengths": [2.1336590601708885, 2.421899979817122, 0.33243436999927045], "centroid": [-1.3864761128328027, -2.0742890564922973, -0.4409502068694673], "normalizedAxes": [-0.6758484244346619, 0.737040638923645, 1.636558974834934e-16, 0, -2.220446049250313e-16, 1, 0.737040638923645, 0.6758484244346619, 1.5006849639279937e-16]}, "segments": [31269, 24749, 31216, 31217, 31285, 31307, 39166, 42609, 18332, 8015, 8063, 9489, 9491, 9494, 10341, 10358, 18301, 18303, 18319, 18345, 24355, 24359, 24394, 24406, 24417, 24418, 24487, 24519, 24540, 24556, 24593, 24611, 24634, 24650, 24708, 25250, 30510, 34850, 36761, 36763, 36765, 36771, 39154, 39159, 28509, 24571, 35087, 35089, 19152, 25292, 7879, 7881, 8016, 16437, 16459, 18251, 19792, 21770, 21810, 21819, 21843, 21931, 21947, 21970, 22022, 23596, 24507, 31381, 31393, 31397, 31416, 31432, 31486, 31487, 31520, 31529, 31554, 31557, 31559, 31572, 31578, 31587, 31591, 31631, 31659, 31667, 32879, 34831, 38128, 39161, 42587, 42588, 42598, 42601, 42666, 42817, 43704, 43777, 43831, 43880, 31462, 30560, 8128, 10347, 10364, 22701, 22720, 24538, 24687, 30518, 30524, 30554, 30580, 30589, 30591, 30595, 31564, 31635, 31646, 38379, 42380, 42384, 42385, 42572, 42823, 43445, 32318, 16447, 29833, 40485, 21751, 38937, 8125, 5940, 8107, 8143, 8152, 10662, 10663, 10670, 10703, 10729, 10748, 10777, 10784, 10817, 10853, 10873, 10891, 10910, 11012, 11024, 11035, 11036, 11042, 11059, 12420, 19994, 20063, 21743, 21745, 22730, 22810, 30929, 31939, 34853, 34856, 34859, 35091, 35092, 35094, 35100, 35115, 38377, 39564, 5813, 5717, 58, 5727, 5730, 5767, 5775, 5853, 5856, 5864, 5868, 5877, 5879, 5880, 5893, 5896, 5900, 5924, 5928, 5932, 5975, 6001, 6146, 6148, 6153, 6165, 6171, 6196, 6202, 6208, 6214, 6227, 6238, 6251, 6257, 6277, 6284, 6291, 6298, 6323, 6524, 6530, 6546, 6629, 10627, 11003, 11128, 11141, 11205, 11222, 11247, 11260, 11280, 11307, 11340, 11363, 11365, 11371, 11463, 20773, 23629, 33888, 34436, 34455, 34597, 34637, 34643, 34671, 35123, 35133, 35136, 35141, 35147, 35148, 38249, 23451, 32273, 19327, 4192, 4198, 4201, 4204, 4210, 4233, 4235, 7801, 7808, 7815, 7816, 7834, 8745, 8746, 8748, 8764, 8775, 8798, 8839, 8878, 8894, 8930, 8931, 8944, 8957, 8958, 9004, 9046, 9052, 9059, 9066, 9072, 9081, 9104, 9117, 9141, 9153, 9191, 9205, 9236, 9247, 9269, 9270, 9275, 11116, 11184, 14657, 14789, 21244, 23236, 23256, 23342, 23356, 23376, 23386, 23405, 23438, 23439, 23458, 23493, 23496, 23546, 23567, 23588, 23590, 23593, 25661, 25686, 25734, 25738, 26430, 26445, 31993, 32304, 32306, 32316, 32393, 34254, 34827, 34879, 34884, 34885, 34890, 34900, 34901, 34904, 34914, 34920, 34938, 34941, 34943, 34946, 34951, 34956, 34959, 34960, 34969, 34973, 38824, 38825, 38827, 38830, 38831, 38836, 38839, 38840, 39008, 39133, 39498, 39501, 39506, 39530, 39672, 42987, 43149, 43151, 43182, 31661, 4033, 4130, 4187, 13964, 23454, 24534, 25837, 26124, 32123, 32262, 34244, 34246, 34247, 23787, 32212, 4008, 4038, 4060, 4080, 4182, 11484, 24303, 24530, 24532, 24558, 24585, 26159, 26173, 26179, 31915, 31979, 32120, 32557, 32630, 32631, 42838, 43213, 38978, 5770, 5805, 6403, 6541, 6547, 6555, 6617, 6637, 6640, 8923, 9180, 11133, 11186, 11195, 34756, 34759, 34761, 11293, 6655, 6663, 23974, 24143], "label": "wall"}, {"objectId": 3, "id": 3, "partId": 3, "index": 2, "dominantNormal": [0.7188841104507446, -0.695129930973053, -1.5434985089447583e-16], "obb": {"axesLengths": [3.1133984648510875, 2.5399999050796045, 0.15695071776205358], "centroid": [-0.011492959810224955, 1.1231794827278365, -0.40000014789402494], "normalizedAxes": [0.695129930973053, 0.7188841104507446, 1.5962433829191816e-16, 0, -2.220446049250313e-16, 1, 0.7188841104507446, -0.695129930973053, -1.5434985089447583e-16]}, "segments": [10324, 13120, 40086, 13063, 27901, 25394, 28602], "label": "wall"}, {"objectId": 4, "id": 4, "partId": 4, "index": 3, "dominantNormal": [0.7192672491073608, 0.6947335004806519, 1.542618256424104e-16], "obb": {"axesLengths": [1.6119282311393142, 2.5608509802628077, 0.38987632801475663], "centroid": [-0.6458859084241065, -0.6028468422050824, -0.4086047040237961], "normalizedAxes": [-0.6947335004806519, 0.7192672491073608, 1.5970941216355802e-16, 0, -2.220446049250313e-16, 1, 0.7192672491073608, 0.6947335004806519, 1.542618256424104e-16]}, "segments": [32459, 41895, 8100, 31176, 30137, 6099, 8242, 41913, 8246, 43397, 43414, 30636, 30672, 22876, 32786, 30941, 42028, 25619, 42041], "label": "wall"}, {"objectId": 5, "id": 5, "partId": 5, "index": 4, "dominantNormal": [0.7160456776618958, -0.6980534195899963, -1.5499899576942785e-16], "obb": {"axesLengths": [3.1413787935890674, 2.5323629409291675, 0.1683847447773316], "centroid": [1.0856536767014802, 0.042132324837249435, -0.3916586866604126], "normalizedAxes": [0.6980534195899963, 0.7160456776618958, 1.5899407960471196e-16, 0, -2.220446049250313e-16, 1, 0.7160456776618958, -0.6980534195899963, -1.5499899576942785e-16]}, "segments": [5206, 14811, 6492, 6579, 25467, 5397, 1388, 3940, 1851, 7397, 1321, 1066, 13252], "label": "wall"}, {"objectId": 6, "id": 6, "partId": 6, "index": 5, "dominantNormal": [0.7098325490951538, 0.7043704390525818, 1.5640165586030137e-16], "obb": {"axesLengths": [1.6422523558417625, 0.3883299740777163, 0.19154418846359533], "centroid": [1.5886399476494693, 1.6580387060751476, 0.6841648049466693], "normalizedAxes": [-0.7043704390525818, 0.7098325490951538, 1.5761448792676132e-16, 0, -2.220446049250313e-16, 1, 0.7098325490951538, 0.7043704390525818, 1.5640165586030137e-16]}, "segments": [29205, 19960, 18676, 20751], "label": "wall"}, {"objectId": 7, "id": 7, "partId": 7, "index": 6, "dominantNormal": [0, -2.220446049250313e-16, 1], "obb": {"axesLengths": [3.1205353192731726, 0.24000000417232548, 1.6687541955666], "centroid": [0.5537161934095857, 0.5923046586555645, 0.7899998231232157], "normalizedAxes": [0.673317015171051, 0.7393538951873779, 1.6416954355666434e-16, 0, -2.220446049250313e-16, 1, 0.7393538951873779, -0.673317015171051, -1.4950641062295734e-16]}, "segments": [31996, 30271, 31061], "label": "ceiling"}, {"objectId": 8, "id": 8, "partId": 8, "index": 7, "dominantNormal": [0, -2.220446049250313e-16, 1], "obb": {"axesLengths": [2.1715717826446523, 0.14389300024748586, 1.0549750128172304], "centroid": [-1.212465133084489, -1.7147388547135833, 0.7019463005971955], "normalizedAxes": [-0.5254095792770386, 0.850849449634552, 1.8892652989478442e-16, 0, -2.220446049250313e-16, 1, 0.850849449634552, 0.5254095792770386, 1.1666436245439695e-16]}, "segments": [11569, 33040, 23962], "label": "ceiling"}, {"objectId": 10, "id": 10, "partId": 10, "index": 8, "dominantNormal": [0.713499128818512, -0.7006561160087585, -1.555769104674717e-16], "obb": {"axesLengths": [1.0817388699918464, 2.079999936819077, 0.32176362824699406], "centroid": [0.19611257582403635, -0.8903905535539048, -0.6100001515448099],