{"segGroups": [{"objectId": 1, "id": 1, "partId": 1, "index": 0, "dominantNormal": [0, -2.220446049250313e-16, 1], "obb": {"axesLengths": [6.378006845524527, 0.4909789452482993, 3.5016464748826017], "centroid": [-0.4685511601662685, 1.780934435146075, -1.1445104888385438], "normalizedAxes": [0.9995055198669434, -0.03144458681344986, -6.982100856023323e-18, 0, -2.220446049250313e-16, 1, -0.03144458681344986, -0.9995055198669434, -2.2193480827924347e-16]}, "segments": [9139, 32250, 30548, 29465, 29455, 29589, 29480, 9613, 27883, 15930, 11074, 29481, 32867, 8743, 30312, 30297, 7479, 21125, 14585, 20198, 348, 541, 1182, 1294, 13596, 13114, 2152, 13595, 16260, 31681, 41755, 28966, 27677], "label": "floor"}, {"objectId": 2, "id": 2, "partId": 2, "index": 1, "dominantNormal": [0, -2.220446049250313e-16, 1], "obb": {"axesLengths": [2.895816461122814, 0.15526997696004866, 2.094219288073654], "centroid": [-0.749864017026564, 1.8732484278483068, -1.2402049690261132], "normalizedAxes": [0.9999670386314392, 0.008118072524666786, 1.802574206492388e-18, 0, -2.220446049250313e-16, 1, 0.008118072524666786, -0.9999670386314392, -2.2203728603097144e-16]}, "segments": [16133, 8034, 12047, 18031, 27632, 27811, 8232, 21349, 18924, 19548, 12174], "label": "carpet"}, {"objectId": 3, "id": 3, "partId": 3, "index": 2, "dominantNormal": [0.9804660677909851, -0.19668838381767273, -4.367359447813806e-17], "obb": {"axesLengths": [0.7335772702407073, 2.4918598571749055, 0.3418137087925651], "centroid": [-3.4140062782798477, 3.180766175554398, -0.07593000449106269], "normalizedAxes": [0.19668838381767273, 0.9804660677909851, 2.1770720066504825e-16, 0, -2.220446049250313e-16, 1, 0.9804660677909851, -0.19668838381767273, -4.367359447813806e-17]}, "segments": [18858, 45040, 33450, 33036, 13486, 13520, 13532, 18384, 18606, 18633, 18649, 18670, 18684, 18685, 18862, 33064, 33080, 33120, 33126, 33340, 33342, 33362, 33387, 33413, 33422, 33436, 33442, 33494, 33497, 33503, 38216, 44816, 45086, 45148], "label": "wardrobe"}, {"objectId": 4, "id": 4, "partId": 4, "index": 3, "dominantNormal": [-0.010046715848147869, -0.9999495148658752, -2.2203339497337e-16], "obb": {"axesLengths": [1.0802541193253712, 2.5311300188795465, 0.11930984530587922], "centroid": [-2.8097049057238435, 3.4947235773216865, -0.05556500517513774], "normalizedAxes": [0.9999495148658752, -0.010046715848147869, -2.2308190512960444e-18, 0, -2.220446049250313e-16, 1, -0.010046715848147869, -0.9999495148658752, -2.2203339497337e-16]}, "segments": [22277, 20688, 4298, 9381], "label": "wall"}, {"objectId": 5, "id": 5, "partId": 5, "index": 4, "dominantNormal": [0.010466617532074451, -0.9999452233314514, -2.2203244206130433e-16], "obb": {"axesLengths": [1.529224239264268, 2.7730799293574693, 0.7613110593429427], "centroid": [1.4146107621486135, 3.283310952954812, -0.03653997784845808], "normalizedAxes": [0.9999452233314514, 0.010466617532074451, 2.3240559548108778e-18, 0, -2.220446049250313e-16, 1, 0.010466617532074451, -0.9999452233314514, -2.2203244206130433e-16]}, "segments": [25152, 14851, 11977, 44710, 29043, 11020, 21868, 21905, 25359, 24447, 21197, 1218, 21180, 979, 335, 1598, 3122, 1670, 1648, 6045, 466, 64, 4952, 34199, 7264, 902], "label": "wall"}, {"objectId": 6, "id": 6, "partId": 6, "index": 5, "dominantNormal": [-0.6191529631614685, -0.7852703928947449, -1.7436505414963774e-16], "obb": {"axesLengths": [0.9970036769564362, 0.6029099091237059, 0.5200126332514569], "centroid": [2.350931627646823, 2.9821679310377927, -1.0314549641552961], "normalizedAxes": [0.7852703928947449, -0.6191529631614685, -1.3747957509335074e-16, 0, -2.220446049250313e-16, 1, -0.6191529631614685, -0.7852703928947449, -1.7436505414963774e-16]}, "segments": [2519, 5370, 4959, 5582, 3854], "label": "wardrobe"}, {"objectId": 7, "id": 7, "partId": 7, "index": 6, "dominantNormal": [-0.03378617390990257, -0.9994291067123413, -2.2191784115051878e-16], "obb": {"axesLengths": [3.1283241745679145, 2.705509959783181, 0.9509374983053993], "centroid": [-0.7796813256980262, 3.0849535814968365, -0.2227550167541592], "normalizedAxes": [0.9994291067123413, -0.03378617390990257, -7.502037637752717e-18, 0, -2.220446049250313e-16, 1, -0.03378617390990257, -0.9994291067123413, -2.2191784115051878e-16]},