{"segGroups": [{"objectId": 1, "id": 1, "partId": 1, "index": 0, "dominantNormal": [0, -2.220446049250313e-16, 1], "obb": {"axesLengths": [3.2355915841927243, 0.381720057538448, 1.5413009967081306], "centroid": [0.3486007835179018, -0.6968802122978803, -1.5191399914355561], "normalizedAxes": [0.4911941885948181, 0.8710500597953796, 1.9341196639718997e-16, 0, -2.220446049250313e-16, 1, 0.8710500597953796, -0.4911941885948181, -1.0906701954800771e-16]}, "segments": [3635, 2432, 10691, 2523, 2375, 2131, 4344, 4358, 17291, 5026, 587, 719, 963, 1037, 1073, 2141, 2143, 2144, 2153, 2158, 2478, 2481, 2501, 2549, 2559, 2569, 2607, 2615, 3270, 3996, 4007, 4106, 4126, 4195, 4229, 4248, 4258, 4265, 4276, 4283, 4315, 4337, 4360, 4449, 4464, 4468, 4611, 4923, 4985, 5277, 5295, 5299, 5337, 6410, 6588, 6681, 9211, 9436, 9465, 9512, 9530, 10669, 12573, 12576, 16142, 16144, 16187, 16198, 16205, 16670, 16887, 16889, 16896, 16898, 16902, 16907, 16919, 16923, 17253, 18355, 18356, 17343, 8373, 7913, 17230, 5084, 7534, 4967, 9504, 7924, 4581, 17250, 8231, 17203, 4525, 17189, 4549, 4962, 17180, 4881, 17207, 4982, 8150, 7068, 16178, 7072, 7050], "label": "floor"}, {"objectId": 2, "id": 2, "partId": 2, "index": 1, "dominantNormal": [0.9806370735168457, -0.19583402574062347, -4.348388887645515e-17], "obb": {"axesLengths": [1.7223666564505766, 1.6278369062877385, 0.15359502198210115], "centroid": [-0.4797524319555131, 0.26176202496865064, -0.2360814959823747], "normalizedAxes": [0.19583402574062347, 0.9806370735168457, 2.1774517156388689e-16, 0, -2.220446049250313e-16, 1, 0.9806370735168457, -0.19583402574062347, -4.348388887645515e-17]}, "segments": [10850, 7447, 19566], "label": "wall"}, {"objectId": 3, "id": 3, "partId": 3, "index": 2, "dominantNormal": [-0.2260931432247162, -0.974105715751648, -2.1629491880928952e-16], "obb": {"axesLengths": [2.170840139677458, 2.0999999172985566, 0.21083817894429974], "centroid": [0.7488761803024071, 0.8673751629914315, -0.4600000183421362], "normalizedAxes": [0.974105715751648, -0.226093128323555, -5.0202759354868174e-17, 0, -2.220446049250313e-16, 1, -0.226093128323555, -0.974105715751648, -2.1629491880928952e-16]}, "segments": [10095, 20830, 15930, 20601, 20580, 15712, 12980, 20828, 14889], "label": "wall"}, {"objectId": 4, "id": 4, "partId": 4, "index": 3, "dominantNormal": [0, -2.220446049250313e-16, 1], "obb": {"axesLengths": [0.5648153787889574, 0.16307997339040092, 0.3846453273799916], "centroid": [0.9305319938649896, 0.256087816076637, -1.1578400079035749], "normalizedAxes": [0.9045487642288208, 0.42637020349502563, 9.467320338685817e-17, 0, -2.220446049250313e-16, 1, 0.42637020349502563, -0.9045487642288208, -2.008501729886138e-16]}, "segments": [19855, 13384, 19884, 10064, 9899], "label": "toilet"}, {"objectId": 5, "id": 5, "partId": 5, "index": 4, "dominantNormal": [0.9663723111152649, -0.2571468651294708, -5.709807407538366e-17], "obb": {"axesLengths": [1.6341715178398413, 0.9312299877875296, 0.7854604196124096], "centroid": [1.1466897019082412, -0.029368665550141615, -1.0556149747594814], "normalizedAxes": [0.2571468949317932, 0.9663723111152649, 2.1457775803207843e-16, 0, -2.220446049250313e-16, 1, 0.9663723111152649, -0.2571468949317932, -5.709808069282856e-17]}, "segments": [9542, 8703, 14479, 6840, 7160, 7205, 1147, 5033, 17689, 7130, 6375, 6104, 6139, 8305, 7104, 1549, 3098, 12446, 6898, 20545, 19984, 18560, 8358, 9393, 7178, 8410, 17631, 9440, 7163, 17815, 14526, 14530], "label": "bath counter"}, {"objectId": 6, "id": 6, "partId": 6, "index": 5, "dominantNormal": [0, -2.220446049250313e-16, 1], "obb": {"axesLengths": [0.5332148492102778, 0.22050398095315726, 0.4683403614067543], "centroid": [1.0670064934245258, -0.4690185653691665, -0.793601008810378], "normalizedAxes": [0.7896865606307983, 0.6135104894638062, 1.3622669425035342e-16, 0, -2.220446049250313e-16, 1, 0.6135104894638062, -0.7896865606307983, -1.753456403698724e-16]}, "segments": [17613, 6471, 6524, 6281, 6541, 6239], "label": "sink"}, {"objectId": 7, "id": 7, "partId": 7, "index": 6, "dominantNormal": [-0.1132689118385315, -0.9935643672943115, -2.206156074034541e-16], "obb": {"axesLengths": [2.5521282097367655, 2.1127699141330276, 0.267986374110443], "centroid": [0.6107290482840938, -0.7508067686927632, -0.46420497692544016], "normalizedAxes": [0.9935643672943115, -0.1132689118385315, -2.5150750779474927e-17, 0, -2.220446049250313e-16, 1, -0.1132689118385315, -0.9935643672943115, -2.206156074034541e-16]}, "segments": [5796, 20272, 20392, 15137, 1921, 146, 268, 6045, 5981, 122, 20135, 3595, 15254, 7726, 15961, 3466, 16291, 70, 163, 5785, 5786, 5759, 17387, 5858, 5833, 17390], "label": "wall"}, {"objectId": 8, "id": 8, "partId": 8, "index": 7, "dominantNormal": [-0.1329692006111145, -0.9911201596260071, -2.200728842773907e-16], "obb": {"axesLengths": [0.6841006454881557, 2.0508399743399015, 0.22484071087710422], "centroid": [0.37719288492010017, -0.8545110224308073, -0.48032004595458355], "normalizedAxes": [0.9911201596260071, -0.1329692006111145, -2.952509361689215e-17, 0, -2.220446049250313e-16, 1, -0.1329692006111145, -0.9911201596260071, -2.200728842773907e-16]}, "segments": [2271, 7062, 7021, 7054, 2335, 16650, 3263], "label": "door"}, {"objectId": 9, "id": 9, "partId": 9, "index": 8, "dominantNormal": [0, -2.220446049250313e-16, 1], "obb": {"axesLengths": [3.3254226137363454, 0.1731369754715939, 2.2769229095074324], "centroid": [0.859383249451982, -0.2023823216413908, 0.5634314536144256], "normalizedAxes": [0.8259270787239075, -0.563776969909668, -1.251836345494235e-16, 0, -2.220446049250313e-16, 1, -0.563776969909668, -0.8259270787239075, -1.8339265189213527e-16]}, "segments": [5316, 14562, 10763, 8409, 5527, 13646, 10156, 8557, 8537, 3401, 3374, 8442, 935, 19976], "label": "ceiling"}, {"objectId": 10, "id": 10, "partId": 10, "index": 9, "dominantNormal": [0, -2.220446049250313e-16, 1], "obb": {"axesLengths": [1.8725438326108923, 0.7117060263818642, 0.8207028973562922], "centroid": [-0.1411807291494842, 0.2635304409398197, -1.2143170168913069], "normalizedAxes": [0.17748895287513733, 0.9841228127479553, 2.185191611543303e-16, 0, -2.220446049250313e-16, 1, 0.9841228127479553, -0.17748895287513733, -3.941046441971737e-17]}, "segments": [14288, 14281, 13605, 8660, 10906, 10915, 13925, 18454, 18464, 19342, 19388, 19390, 19397, 19400, 12085, 8884, 7794, 8589, 10174, 10956, 11940, 13979, 15731, 15804, 18810, 18814, 18816, 19584, 12104, 10189, 12063, 15775, 15834, 21028, 13560, 13887, 13507, 13585, 14229, 19558, 14922, 14241, 7656, 19440, 10192, 18254, 4675, 4770, 18242, 2818, 13671, 10884, 10491, 4666, 4744, 4805, 5164, 5432, 5477, 10562, 12526, 12533, 13494, 13735, 13741, 18296, 18851, 18860, 18867, 19486, 14899], "label": "bathtub"}, {"objectId": 11, "id": 11, "partId": 11, "index": 10, "dominantNormal": [-0.1448790729045868, -0.9894493818283081, -2.1970189708138313e-16], "obb": {"axesLengths": [0.560127881910062, 0.9370599775673449, 0.3624379232001802], "centroid": [-0.36527023390019075, -0.4993424118576779, -0.021470030080004587], "normalizedAxes": [0.9894493818283081, -0.1448790580034256, -3.216961319628133e-17, 0, -2.220446049250313e-16, 1, -0.1448790580034256, -0.9894493818283081, -2.1970189708138313e-16]}, "segments": [7415, 7379, 7421, 17712, 4168, 12478, 7495, 7501, 9880, 9894, 18227, 1132, 1140, 1224, 1244, 1316, 1330, 7525, 9834, 9835, 9876, 18921, 18123, 9846, 18099, 9854, 18179, 1096], "label": "towel"}, {"objectId": 16, "id": 16, "partId": 16, "index": 14, "dominantNormal": [-0.28137362003326416, -0.9595983028411865, -2.130736260411018e-16], "obb": {"axesLengths": [0.20819531594405113, 0.4503009814701753, 0.15282049155948046], "centroid": [0.5915805680568277, 0.8353545662605697, -0.6006704935418692], "normalizedAxes": [0.9595983028411865, -0.28137362003326416, -6.247749429661202e-17, 0, -2.220446049250313e-16, 1, -0.28137362003326416, -0.9595983028411865, -2.130736260411018e-16]}, "segments": [13081, 13087, 12148, 18976, 18842],