{"segGroups": [{"objectId": 1, "id": 1, "partId": 1, "index": 0, "dominantNormal": [0, -2.220446049250313e-16, 1], "obb": {"axesLengths": [4.604448647419589, 0.9051269090519787, 1.2981380001037512], "centroid": [-1.942542174107374, 0.6045570118252273, -1.0974365523863652], "normalizedAxes": [0.6636133193969727, 0.7480757832527161, 1.661061917463327e-16, 0, -2.220446049250313e-16, 1, 0.7480757832527161, -0.6636133193969727, -1.473517573284894e-16]}, "segments": [10003, 5526, 19947, 16678, 5105, 9626, 5087, 5117, 7940, 8803, 9265, 9269, 9302, 13927, 14360, 14385, 14411, 14437, 14446, 20847, 22775, 22777, 22782, 22793, 24283, 29856, 35569, 36099, 38102, 38454, 38458, 38464, 39178, 39285, 39287, 39291, 39295, 39304, 42499, 42523, 17813, 16805, 4659, 4754, 25371, 18156, 18226, 18585, 37346, 35286, 8451, 35351, 40768, 25309, 4695, 40774, 8494, 4088, 4062, 4075, 39205], "label": "washing machine"}, {"objectId": 2, "id": 2, "partId": 2, "index": 1, "dominantNormal": [0, -2.220446049250313e-16, 1], "obb": {"axesLengths": [5.606160153231279, 0.6959200345891696, 2.3568019390409027], "centroid": [-1.68061718670634, -0.010870863517488671, -1.2979600733807706], "normalizedAxes": [0.82440185546875, 0.5660049319267273, 1.256783414952894e-16, 0, -2.220446049250313e-16, 1, 0.5660049319267273, -0.82440185546875, -1.8305398429702135e-16]}, "segments": [1104, 1161, 34182, 40686, 40166, 40297, 17842, 17865, 14027, 14001, 20908, 25977, 14137, 15914, 2680, 16537, 930, 948, 949, 950, 956, 959, 965, 1060, 1066, 1069, 1115, 1916, 1919, 1938, 1962, 2782, 3186, 4108, 4259, 4264, 4319, 4343, 4403, 4414, 4615, 7590, 7595, 7607, 7619, 7668, 7670, 7677, 7678, 7691, 7694, 7701, 7703, 7725, 7730, 7744, 7784, 7791, 8496, 8510, 8537, 8572, 9593, 11038, 12225, 12240, 12279, 12325, 14179, 14228, 16187, 16192, 16202, 16206, 16209, 16219, 16251, 16257, 16300, 16378, 16469, 16530, 16655, 16691, 16786, 16988, 16993, 17017, 17029, 17065, 17078, 17119, 17165, 17458, 17525, 17560, 17608, 17641, 17661, 17708, 17718, 17740, 17749, 17761, 17782, 17793, 17802, 17921, 17922, 17923, 17968, 18472, 18798, 18829, 18852, 18854, 19231, 19379, 20321, 20500, 20511, 20525, 23690, 24072, 24140, 24231, 24237, 24268, 24291, 24589, 25347, 25399, 25410, 33921, 34192, 34618, 34619, 34621, 34630, 34631, 34638, 35122, 35125, 35128, 35132, 35137, 35147, 35150, 35182, 35313, 35320, 35333, 35386, 35709, 35710, 35711, 35979, 36612, 36815, 36822, 36824, 36828, 36834, 36850, 36893, 36898, 36903, 36911, 36914, 36917, 36923, 36954, 37052, 37056, 37108, 37120, 37163, 37166, 37385, 37392, 37406, 37408, 38108, 38213, 38216, 38225, 38243, 38251, 38318, 38546, 38594, 38686, 40150, 40697, 40703, 40706, 40752, 40758, 40770, 17259, 18221, 20741], "label": "floor"}, {"objectId": 3, "id": 3, "partId": 3, "index": 2, "dominantNormal": [0.7425214052200317, -0.6698223948478699, -1.487304490339336e-16], "obb": {"axesLengths": [5.19827440632757, 2.499999944120645, 0.4881262572685795], "centroid": [-2.5432838238711986, 0.6428247130821401, -0.360000095499756], "normalizedAxes": [0.6698223948478699, 0.742521345615387, 1.6487285883557123e-16, 0, -2.220446049250313e-16, 1, 0.742521345615387, -0.6698223948478699, -1.487304490339336e-16]}, "segments": [1337, 119, 33566, 2009, 350, 6164, 5294, 34794, 6773, 10014, 15808, 38002, 18958, 13972, 21845, 42902, 21089, 38995, 983, 604, 33887, 21378, 6593, 42324, 6575, 6363, 6368, 6621, 38982, 39045, 7351, 7368, 15625, 15658, 19108, 19085, 16006, 6097, 6071, 31434, 31082, 113, 130, 154, 389, 561, 1430, 1614, 1828, 2618, 2794, 2805, 2828, 2832, 2836, 2913, 2948, 2990, 3027, 3081, 3136, 3138, 3172, 3418, 3439, 3440, 3486, 3525, 3551, 3647, 3651, 3689, 3690, 3792, 3813, 5567, 5573, 6014, 6021, 6047, 6543, 6553, 7161, 7438, 7999, 8737, 8772, 8790, 8837, 8847, 9475, 9482, 10186, 10196, 10200, 10246, 10273, 10311, 10533, 10535, 10576, 10624, 14790, 14825, 14836, 15801, 15861, 17300, 17572, 17939, 18034, 18295, 18388, 18392, 18407, 18415, 18439, 18465, 18483, 18492, 18498, 18507, 18515, 18534, 18539, 18568, 18692, 19063, 19090, 19897, 19918, 20139, 20297, 20385, 20836, 20864, 20869, 20879, 20883, 20896, 22492, 22541, 22561, 22587, 22593, 22616, 25780, 25794, 25798, 25799, 25806, 25814, 25825, 25850, 25870, 25894, 25907, 26977, 27131, 27242, 27501, 27633, 29410, 29425, 29602, 29608, 29617, 29618, 29664, 29693, 30507, 30572, 30614, 30623, 30665, 30711, 30935, 30942, 31061, 31100, 31753, 31769, 31770, 31798, 31807, 31808, 31875, 31906, 31926, 31990, 32006, 32051, 32664, 32722, 32731, 32778, 33663, 33930, 33935, 33965, 34369, 34469, 34517, 34526, 34588, 34823, 34826, 34856, 34861, 34872, 35402, 35405, 35420, 35425, 35427, 35525, 35591, 36282, 36306, 36315, 36319, 36328, 36332, 36337, 36372, 36379, 36418, 36500, 36527, 37417, 37420, 37627, 37905, 38847, 39130, 41248, 41303, 41307, 42146, 42485, 42701, 42854, 42858, 42992, 43003, 43011, 43024, 43091, 43096, 43266, 43272, 43658, 43761, 27496], "label": "wall"}, {"objectId": 4, "id": 4, "partId": 4, "index": 3, "dominantNormal": [0, -2.220446049250313e-16, 1], "obb": {"axesLengths": [4.744789862092716, 0.4919380137636209, 2.6638302636753424], "centroid": [-1.531874559742912, 0.33969263296457874, 0.6559689049000483], "normalizedAxes": [0.559634804725647, 0.8287393450737, 1.840171004627189e-16, 0, -2.220446049250313e-16, 1, 0.8287393450737, -0.559634804725647, -1.2426388911760333e-16]}, "segments": [26781, 28504, 26698, 33522, 39079, 33313, 43478, 2753, 10052, 33546, 39077, 43081, 32140, 43217, 497, 1847, 1863, 1975, 2605, 2666, 2939, 2967, 3240, 3275, 3293, 3452, 3663, 3742, 4052, 4054, 4124, 4242, 4405, 5918, 8029, 8150, 8352, 8644, 8914, 9289, 9829, 10252, 10317, 10335, 10547, 10593, 10600, 10648, 10650, 10760, 10785, 10858, 10873, 10993, 11008, 11088, 11108, 11128, 11138, 11186, 11237, 11241, 11243, 11440, 11452, 11470, 11471, 11512, 11516, 11571, 11772, 12011, 12383, 12391, 12426, 12488, 12581, 12615, 12646, 12656, 12669, 12708, 12742, 12754, 12760, 12825, 12827, 12828, 12875, 12898, 12962, 13055, 13069, 13080, 13083, 13152, 13155, 13172, 13183, 13227, 13231, 22292, 22352, 22967, 23012, 23050, 23051, 23083, 27740, 31020, 31022, 31024, 31037, 31724, 31729, 32220, 32244, 32275, 32307, 32346, 32353, 32369, 32382, 32433, 32445, 32456, 32493, 32579, 32597, 32625, 32652, 32888, 32897, 32915, 32997, 33072, 33960, 34232, 34240, 34241, 34299, 34511, 35078, 35109, 35141, 35186, 35190, 35196, 35211, 35379, 35391, 35397, 35430, 35434, 35455, 35463, 35467, 39342, 39344, 39346, 39357, 39360, 39362, 39365, 39369, 39376, 39417, 39435, 39438, 39441, 41748, 41756, 41911, 42852, 43021, 43042, 43060, 43155, 43191, 43195, 43199, 43254, 43299, 43651, 43660, 43663, 43668, 43696, 43756, 43763, 43769, 43771, 43774, 27726, 5753, 27758, 5454, 2218, 31893, 32727, 4521, 4379, 1730, 42, 99, 1180, 1216, 1387, 1482, 1492, 1597, 1637, 1766, 1851, 2077, 2091, 2892, 2917, 4023, 9212, 9397, 9585, 9608, 9769, 9803, 9898, 9972, 10814, 11198, 11227, 11500, 11513, 11766, 11829, 13095, 26587, 27176, 27194, 28530, 29220, 29240, 29288, 29315, 29319, 29337, 30127, 31891, 32540, 32749, 34889, 34892, 34912, 35019, 35447, 38448, 38515, 41608, 41725, 42045, 42054, 42616, 43260, 43506, 43639, 10616, 29503, 42170, 27267, 2993, 2959, 204, 30100, 30537, 8197, 42592, 28350, 41978, 29482, 27075, 28704, 24853, 23935, 26538, 14677, 28780, 188, 1906, 1945, 2022, 2174, 8219, 8222, 8257, 15296, 15728, 20650, 20690, 20904, 24950, 26509, 26971, 27270, 27916, 27951, 28186, 28208, 28215, 28224, 28271, 28287, 28301, 28324, 28895, 28958, 29111, 29124, 29154, 29162, 29165, 29178, 29185, 29209, 29349, 29373, 29682, 29762, 30052, 30118, 30139, 30216, 30227, 30232, 30233, 30242, 30249, 30431, 30850, 30859, 32723, 33755, 33760, 33762, 38487, 38503, 41528, 41534, 41597, 41794, 41826, 41919, 41962, 41967, 41995, 42018, 42022, 42080, 42086, 42153, 42197, 42622, 42624, 42627, 42678, 42686, 43642, 22866, 21043, 30297, 31971, 31090, 31133, 33772, 27343, 30616, 33764, 42702, 42699, 30658, 30651, 30258], "label": "ceiling"}, {"objectId": 5,