{"segGroups": [{"objectId": 2, "id": 2, "partId": 2, "index": 0, "dominantNormal": [-0.22124475240707397, -0.9752182960510254, -2.1654196126231215e-16], "obb": {"axesLengths": [6.984660166256078, 5.49999987706542, 0.7354585686684071], "centroid": [1.929517421523482, -0.16212667999408903, -0.11999983258545655], "normalizedAxes": [0.9752182960510254, -0.22124478220939636, -4.912621025741001e-17, 0, -2.220446049250313e-16, 1, -0.22124478220939636, -0.9752182960510254, -2.1654196126231215e-16]}, "segments": [21332, 34408, 7937, 34420, 34315, 24732, 24054, 1106, 1341, 1956, 2064, 2151, 2153, 2154, 3708, 7558, 7642, 7971, 9695, 9710, 16959, 17012, 17039, 18309, 18361, 19842, 19848, 20004, 20117, 20357, 20377, 20378, 20413, 20510, 20530, 20560, 20839, 20844, 20877, 20893, 20909, 20919, 20996, 20998, 21005, 21078, 21102, 21109, 21233, 21253, 21288, 21289, 21297, 21311, 21318, 24033, 24075, 24089, 24094, 24095, 24117, 24139, 24209, 24218, 24358, 24400, 24409, 24412, 24420, 24582, 24592, 24598, 24599, 24621, 24624, 24641, 24646, 24651, 24661, 24673, 24754, 24756, 24795, 24817, 30745, 31573, 31662, 31790, 31805, 31807, 31989, 32036, 32040, 32045, 32047, 32053, 32057, 32111, 32116, 32123, 32141, 32147, 33842, 33846, 33852, 33857, 34057, 34058, 34098, 12535, 1351, 31978, 6737, 12323, 2987, 18547, 13700, 13763, 13909, 13910, 13922, 13930, 13963, 13968, 13977, 14045, 16523, 16524, 16536, 25509, 25510, 26331, 12317, 14044, 14050, 19176, 3000, 5935, 6071, 6100, 6114, 6118, 6133, 6178, 6184, 6189, 6269, 6315, 6351, 6388, 6391, 6393, 6442, 6463, 6467, 6478, 6481, 6517, 6551, 6569, 6632, 6666, 6667, 6687, 6716, 6753, 6766, 6823, 6895, 6971, 7277, 7432, 7455, 7478, 7483, 7616, 7620, 7632, 7633, 7660, 7664, 7946, 8008, 8180, 8221, 8234, 8236, 8254, 8298, 8300, 8448, 8481, 11250, 12480, 12485, 12499, 12549, 12754, 12949, 12992, 13132, 13323, 13695, 17721, 18186, 19894, 21402, 21409, 21786, 22057, 22187, 22223, 25521, 25527, 25532, 25751, 25781, 25789, 25798, 25800, 25802, 25805, 25809, 25833, 25839, 25842, 25846, 25852, 25856, 25859, 25864, 25879, 25954, 25989, 25994, 25995, 25998, 26013, 26016, 26618, 27092, 27157, 27402, 27403, 27575, 20239, 22238, 963, 24532, 4699, 5845, 858, 962, 1025, 1540, 2251, 2272, 2568, 4744, 4774, 4788, 4798, 4807, 4808, 5802, 5804, 5810, 5825, 5828, 5880, 6983, 6987, 6992, 7000, 7030, 7034, 7042, 7057, 7059, 7065, 7094, 7104, 7112, 7136, 7182, 7413, 7422, 8774, 8782, 9101, 9135, 9321, 9335, 9642, 13172, 13176, 13206, 13211, 13215, 13229, 13240, 13247, 15302, 15322, 15331, 15421, 15446, 15457, 15674, 18888, 18991, 19004, 19016, 21039, 21693, 21694, 21755, 23461, 23510, 23511, 23579, 25477, 25479, 25481, 25488, 25495, 25573, 25574, 26027, 26123, 26598, 26599, 26656, 26893, 26900, 26931, 26934, 27168, 28501, 28502, 28524, 28776, 28781, 31450, 3183, 4904, 6628, 11359, 5443, 9814, 8675, 25587, 25602, 21391, 20914, 27347, 9587, 10823, 10677, 27080, 18849, 19451, 31388, 9189, 9186, 24858], "label": "wall"}, {"objectId": 3, "id": 3, "partId": 3, "index": 1, "dominantNormal": [0, -2.220446049250313e-16, 1], "obb": {"axesLengths": [1.258272432764256, 0.7903899373772005, 1.1087095994528327], "centroid": [1.8421535341943562, 0.1987868461543059, -0.8451948964179685], "normalizedAxes": [0.9578951597213745, 0.28711819648742676, 6.375304650583819e-17, 0, -2.220446049250313e-16, 1, 0.28711819648742676, -0.9578951597213745, -2.1269545229993237e-16]}, "segments": [23967, 21287, 23226, 21188, 32843], "label": "cabinet"}, {"objectId": 4, "id": 4, "partId": 4, "index": 2, "dominantNormal": [0.9447701573371887, 0.32773357629776, 7.277147246970373e-17], "obb": {"axesLengths": [0.5219720507637291, 1.968532935488232, 0.43192205120467525], "centroid": [1.6778350638340573, -0.21499191031920362, 0.4057335371732673], "normalizedAxes": [-0.3277336061000824, 0.9447701573371887, 2.0978111633089574e-16, 0, -2.220446049250313e-16, 1, 0.9447701573371887, 0.3277336061000824, 7.277147908714863e-17]}, "segments": [18437, 18320, 18715, 19274, 31404, 31395, 31360, 19221, 4565, 4493, 18919, 31460, 19070, 19072, 440, 351, 283, 315, 326], "label": "window"}, {"objectId": 5, "id": 5, "partId": 5, "index": 3, "dominantNormal": [0.994690477848053, -0.1029118150472641, -2.285101331428765e-17], "obb": {"axesLengths": [0.22723922010258696, 0.43513046722567505, 0.17096667293485046], "centroid": [1.5500403999629788, 0.35918268407484927, -0.28752768328351364], "normalizedAxes": [0.1029118150472641, 0.994690477848053, 2.2086565417646153e-16, 0, -2.220446049250313e-16, 1, 0.994690477848053, -0.1029118150472641, -2.285101331428765e-17]}, "segments": [33346, 33359, 23699, 18606, 18406], "label": "vase"}, {"objectId": 6, "id": 6, "partId": 6, "index": 4, "dominantNormal": [0, -2.220446049250313e-16, 1], "obb": {"axesLengths": [0.38245882085963656, 0.1786100824487935, 0.2289068902344905], "centroid": [3.195208554433197, -0.1369759511091463, -1.161694927252196], "normalizedAxes": [0.8292421698570251, -0.5588894486427307, -1.2409838682064372e-16, 0, -2.220446049250313e-16, 1, -0.5588894486427307, -0.8292421698570251, -1.8412874999307885e-16]}, "segments": [1872, 1779, 26140, 1778, 26145, 26149, 26239, 1839, 26271, 1753, 2157, 2178, 2195, 2196, 2234, 2288, 2293, 2334, 26152, 26195, 26222, 26224, 26237, 26257], "label": "pot"}, {"objectId": 7, "id": 7, "partId": 7, "index": 5, "dominantNormal": [0, -2.220446049250313e-16, 1], "obb": {"axesLengths": [0.3878420658287685, 0.24769997043088132, 0.3362383943480156], "centroid": [3.2426262661433967, 0.46988550900932735, -1.1138499223325402], "normalizedAxes": [0.9303741455078125, -0.36661142110824585, -8.140408816098473e-17, 0, -2.220446049250313e-16, 1, -0.36661142110824585, -0.9303741455078125, -2.0658455957174582e-16]}, "segments": [24903, 35691, 25085, 24927, 25011, 25185, 25225, 35705, 25057, 25086, 34557], "label": "pot"}, {"objectId": 8, "id": 8, "partId": 8, "index": 6, "dominantNormal": [-0.5241948962211609, -0.85159832239151, -1.8909281305024228e-16], "obb": {"axesLengths": [0.8369863877513698, 1.5399999572336678, 0.7104249548430673], "centroid": [3.0620108265430694, 0.8971618940434007, -0.4999999236315493], "normalizedAxes": [0.85159832239151, -0.5241948962211609, -1.1639464863514546e-16, 0, -2.220446049250313e-16, 1, -0.5241948962211609, -0.85159832239151, -1.8909281305024228e-16]},