{"segGroups": [{"objectId": 1, "id": 1, "partId": 1, "index": 0, "dominantNormal": [-0.0379059799015522, -0.9992812871932983, -2.2188501862381268e-16], "obb": {"axesLengths": [1.5170128593536683, 2.179999898821117, 0.47392965544080046], "centroid": [-0.15567067863676076, 1.4046657244061123, -0.3400000313669447], "normalizedAxes": [0.9992812871932983, -0.0379059799015522, -8.416818331536335e-18, 0, -2.220446049250313e-16, 1, -0.0379059799015522, -0.9992812871932983, -2.2188501862381268e-16]}, "segments": [14678, 15235, 14380, 15291, 5776, 6538, 24769, 5794, 9285, 25433, 6358, 168, 442, 1483, 24937, 531, 5837, 5823, 4951, 6346, 5038, 24884, 455, 323, 13538, 14317, 14550, 13655, 4985, 25026, 8050, 8011, 10587, 10572, 10543, 7959, 7977, 8001, 13461, 26452, 13420, 13672, 9197, 14337, 9171, 7967, 1526, 1466], "label": "tv stand"}, {"objectId": 2, "id": 2, "partId": 2, "index": 1, "dominantNormal": [0.01375811081379652, -0.9999053478240967, -2.2202358792002756e-16], "obb": {"axesLengths": [1.4208850974167455, 1.1399999900162217, 0.19424242372948325], "centroid": [-0.20096091941710248, 1.2806663039206483, -0.4200000575929881], "normalizedAxes": [0.9999053478240967, 0.01375811081379652, 3.0549142801642493e-18, 0, -2.220446049250313e-16, 1, 0.01375811081379652, -0.9999053478240967, -2.2202358792002756e-16]}, "segments": [15358, 9865, 26396, 8762, 11168, 13584, 9535], "label": "tv"}, {"objectId": 3, "id": 3, "partId": 3, "index": 2, "dominantNormal": [-0.0414762869477272, -0.9991394877433777, -2.2185353282097646e-16], "obb": {"axesLengths": [0.8061290826675006, 1.0000000372529019, 0.399081200602048], "centroid": [0.8854356568202235, 2.267081808781, -1.0900000444054605], "normalizedAxes": [0.9991394877433777, -0.0414762869477272, -9.20958574906532e-18, 0, -2.220446049250313e-16, 1, -0.0414762869477272, -0.9991394877433777, -2.2185353282097646e-16]}, "segments": [18956, 28108, 17134], "label": "wall"}, {"objectId": 4, "id": 4, "partId": 4, "index": 3, "dominantNormal": [0, -2.220446049250313e-16, 1], "obb": {"axesLengths": [5.565171830908774, 0.3104098965881044, 5.368290378501725], "centroid": [0.2901190419287949, 0.09771280589105873, -1.5050550418707358], "normalizedAxes": [0.3481859862804413, 0.9374254941940308, 2.081502735049658e-16, 0, -2.220446049250313e-16, 1, 0.9374254941940308, -0.3481859862804413, -7.731281976407296e-17]}, "segments": [16948, 6469, 20892, 23778, 18634, 6676, 4616, 1547, 1318, 7674, 19807, 31199, 24199, 22798, 24022, 16250, 3512, 11190, 20190, 22, 72, 73, 91, 105, 110, 227, 235, 389, 562, 601, 831, 861, 876, 878, 1149, 1185, 1210, 1214, 1257, 1259, 1264, 1281, 1285, 1314, 1316, 1363, 1408, 1485, 1518, 1528, 1571, 1582, 1617, 1647, 1660, 1676, 2018, 2020, 2035, 2590, 2595, 2995, 3368, 3379, 3387, 3401, 3402, 3429, 3498, 3520, 3537, 3546, 3565, 3699, 3708, 3745, 3752, 3762, 3780, 3809, 3811, 3830, 3848, 3852, 3880, 3911, 3990, 4045, 4071, 4075, 4090, 4097, 4098, 4108, 4141, 4143, 4152, 4211, 4415, 4656, 5025, 5099, 5118, 5147, 5160, 5169, 5229, 5256, 5262, 6428, 6436, 6439, 6623, 6629, 6941, 6957, 7009, 7011, 7012, 7018, 7028, 7056, 7061, 7601, 7618, 7638, 7668, 7690, 7696, 7706, 7716, 7722, 7737, 7774, 7782, 7789, 7792, 7795, 7830, 7847, 7853, 7861, 7885, 7906, 7909, 7928, 7932, 7942, 7991, 8105, 8172, 8189, 8201, 8220, 8224, 8259, 8262, 8280, 8281, 8308, 8315, 8321, 8363, 8375, 8528, 8584, 8747, 8763, 8774, 8785, 8789, 8797, 8831, 8943, 9008, 9017, 9023, 9043, 9051, 9059, 9258, 9342, 9346, 9396, 9461, 9464, 9477, 9584, 9607, 9608, 9665, 9705, 9712, 9748, 9754, 9757, 9758, 9761, 9920, 10066, 10324, 10347, 10403, 10426, 10435, 10458, 10470, 10475, 10487, 10495, 10628, 10634, 10649, 10651, 10687, 10694, 10702, 10954, 10993, 11018, 11028, 11047, 11077, 11087, 11095, 11125, 11396, 11423, 11433, 11435, 11448, 11453, 11463, 11566, 11573, 11577, 11600, 11612, 11695, 12018, 12020, 12022, 12153, 12194, 12202, 12218, 12245, 12405, 12475, 12509, 12595, 12624, 12631, 12643, 12702, 12720, 12748, 12819, 12828, 12882, 12905, 12925, 12938, 13083, 13088, 13091, 13139, 13161, 13176, 13185, 13214, 13285, 13335, 13392, 13394, 13397, 13399, 13687, 13941, 13955, 13964, 13970, 14111, 14121, 14154, 14497, 14548, 14605, 14608, 14618, 14628, 14640, 14697, 14783, 14854, 14917, 14946, 14975, 14976, 14992, 15003, 15007, 15506, 15510, 15520, 15521, 15585, 15587, 15620, 15659, 15665, 15674, 15681, 15707, 15736, 15747, 15768, 16074, 16109, 16126, 16128, 16139, 16162, 16195, 16228, 16290, 16317, 16446, 16456, 16470, 16495, 16501, 16527, 16531, 16539, 16591, 16653, 16751, 16774, 16796, 17444, 17587, 17975, 17983, 18023, 18070, 18086, 18297, 18327, 18345, 18402, 18483, 18490, 18510, 18511, 18649, 18673, 18773, 18809, 18830, 18843, 18911, 18963, 18995, 19024, 19077, 19110, 19112, 19115, 19126, 19130, 19131, 19200, 19210, 19232, 19237, 19241, 19253, 19267, 19282, 19283, 19287, 19294, 19298, 19401, 19408, 19436, 19457, 19469, 19477, 19493, 19502, 19509, 19518, 19526, 19534, 19546, 19581, 19591, 19602, 19619, 19636, 19690, 19732, 19764, 19770, 19774, 19787, 19795, 19855, 19873, 19941, 19942, 19943, 19981, 20018, 20047, 20049, 20094, 20099, 20273, 20828, 21087, 21229, 21230, 21246, 21263, 21267, 21280, 21282, 21307, 21329, 21339, 21344, 21374, 21380, 21427, 21512, 21588, 21594, 21603, 21690, 21705, 21737, 21755, 21786, 21790, 21821, 21840, 21841, 21863, 21880, 21889, 22068, 22073, 22095, 22118, 22121, 22129, 22130, 22160, 22162, 22169, 22221, 22252, 22253, 22256, 22316, 22320, 22388, 22428, 22453, 22455, 22475, 22505, 22512, 22520, 22530, 22549, 22567, 22577, 22583, 22584, 22586, 22591, 22592, 22612, 22614, 22624, 22642, 22690, 22702, 22728, 22772, 22781, 22806, 22808, 22816, 22821, 22822, 22922, 23104, 23129, 23324, 23348, 23430, 23455, 24011, 24019, 24046, 24058, 24062, 24083, 24085, 24097, 24110, 24112, 24113, 24119, 24124, 24134, 24165, 24205, 24207, 24604, 24806, 24837, 24855, 24856, 24861, 24869, 24876, 24892, 24899, 24942, 24944, 24949, 25030, 25032, 25036, 25038, 25045, 25048, 25053, 25068, 25073, 25207, 25292, 25335, 25352, 25565, 25590, 25591, 25593, 25604, 25624, 25636, 25644, 25647, 25650, 25652, 25683, 25685, 25689, 25697, 25702, 25704, 25784, 25785, 25787, 25794, 25797, 25799, 25864, 25867, 25940, 25942, 25947, 25949, 25956, 25963, 25999, 26025, 26035, 26042, 26049, 26091, 26108, 26112, 26114, 26118, 26285, 26355, 26361, 26421, 26426, 26435, 26480, 26484, 26486, 26495, 26497, 26559, 26828, 26840, 26871, 26873, 26880, 26885, 26910, 26956, 26962, 26998, 27005, 27009, 27037, 27422, 27561, 27563, 27565, 27569, 27573, 27576, 27577, 27578, 27580, 27583, 27586, 27592, 27603, 27604, 27610, 27621, 27626, 27628, 27632, 27634, 27639, 27645, 27650, 27667, 27668, 27673, 27674, 27681, 27691, 27694, 27810, 27857, 27896, 28135, 28137, 28138, 28141, 28146, 28148, 28151, 28154, 28164, 28174, 28176, 28184, 28198, 28201, 28205, 28210, 28212, 28230, 28250, 28300, 28314, 28341, 28360, 28389, 28448, 28452, 28455, 28459, 28474, 28491, 28498, 28512, 28519, 28522, 28529, 28534, 28537, 28543, 28566, 28579, 28598, 28653, 28655, 28731, 28784, 28785, 28788, 28795, 28940, 28945, 28950, 28952, 28957, 28963, 28975, 29085, 29089, 29152, 29868, 29921, 29940, 29991, 30393, 292, 10241, 13367, 26860, 12932, 27864], "label": "floor"}, {"objectId": 5, "id": 5, "partId": 5, "index": 4, "dominantNormal": [0, -2.220446049250313e-16, 1], "obb": {"axesLengths": [2.6306097967792192, 0.6782190052072918, 1.176430502616046], "centroid": [-0.7160194093086293, -0.575802115215261, -1.176960536980022], "normalizedAxes": [-0.007491098716855049, 0.9999719262123108, 2.220383712919351e-16, 0, -2.220446049250313e-16, 1, 0.9999719262123108, 0.007491098716855049, 1.6633580550384884e-18]},