{"segGroups": [{"objectId": 1, "id": 1, "partId": 1, "index": 0, "dominantNormal": [0, -2.220446049250313e-16, 1], "obb": {"axesLengths": [5.249099553608417, 0.3799999867379668, 4.417174237644483], "centroid": [-0.8129428220671264, 1.7590613413080627, -1.3199999689310797], "normalizedAxes": [0.9097360968589783, 0.41518691182136536, 9.219001380541888e-17, 0, -2.220446049250313e-16, 1, 0.41518691182136536, -0.9097360968589783, -2.0200199221309185e-16]}, "segments": [2371, 10301, 3896, 5090, 1285, 278, 372, 374, 405, 487, 514, 515, 525, 566, 598, 601, 626, 627, 639, 652, 723, 915, 981, 1005, 1070, 1125, 1152, 1154, 1158, 1185, 1210, 1240, 1264, 1325, 1596, 1620, 1643, 1650, 2341, 2470, 2473, 2501, 2562, 2810, 2825, 2927, 2989, 3001, 3003, 3033, 3043, 3048, 3502, 4011, 4022, 4029, 4376, 4388, 4438, 4453, 4672, 4868, 4875, 4893, 5336, 5937, 6304, 6493, 7265, 7526, 7542, 7620, 7646, 7704, 7757, 7835, 8847, 8892, 8902, 8913, 8930, 8940, 9327, 9401, 9404, 9429, 10770, 11290, 11304, 11402, 11439, 11441, 11776, 11876, 11887, 12139, 12164, 12170, 12206, 12211, 12265, 12274, 12280, 12325, 12355, 12511, 12554, 12590, 12633, 12720, 12729, 12730, 12964, 12971, 13126, 13129, 13132, 13401, 13404, 13486, 14964, 15299, 825, 40, 138, 206, 1093, 1181, 1189, 1197, 1301, 1671, 12236, 12290, 12292, 12345, 12350, 12359, 12364, 11795, 13, 61, 72, 165, 231, 830, 10122, 10973, 10974, 10982, 12238, 11802, 11969, 14135, 1424, 4924, 4946, 4954, 4975, 5045, 5065, 5188, 5248, 5305, 8030, 8911, 8987, 8994, 9800, 9814, 11888, 12863, 12868, 12875, 12876, 12915, 13810, 14148, 7995, 10107, 5201, 14130, 9825, 986, 1327, 7077, 7101, 7105, 7109, 7131, 7144, 7966, 7968, 8077, 8794, 8843, 10103, 10676, 10687, 10977, 11156, 11189, 13521, 15104, 2524, 2509, 456], "label": "floor"}, {"objectId": 2, "id": 2, "partId": 2, "index": 1, "dominantNormal": [0, -2.220446049250313e-16, 1], "obb": {"axesLengths": [1.0284961119843294, 0.9337429493574131, 1.0729526019550257], "centroid": [-2.3301358587846757, 0.8690275314232632, -0.9375984664053066], "normalizedAxes": [0.9464486837387085, 0.322854220867157, 7.168803792082667e-17, 0, -2.220446049250313e-16, 1, 0.322854220867157, -0.9464486837387085, -2.1015382406257743e-16]}, "segments": [13847, 4630, 4665, 10097, 4521, 5614, 9845, 12394, 5676, 4215, 9920, 9897, 2660, 3461, 3521, 3658, 4353, 4359, 4464, 4487, 4496, 4547, 4592, 5692, 5817, 6596, 6598, 6604, 6631, 6715, 7032, 7243, 8180, 8260, 8315, 8401, 8411, 8466, 8508, 8588, 9570, 9608, 9934, 9966, 10789, 10864, 10963, 11081, 11121, 11170, 12797, 12801, 12804, 12806, 12831, 13142, 13145, 13151, 13240, 13241, 13246, 13364, 13509, 13766, 13839, 14925, 2056, 5171, 7057, 5678, 1955, 6908, 13172, 13996, 4279], "label": "armchair"}, {"objectId": 3, "id": 3, "partId": 3, "index": 2, "dominantNormal": [0, -2.220446049250313e-16, 1], "obb": {"axesLengths": [1.0536450952386502, 0.9169650170885391, 1.0366803641812727], "centroid": [-1.5268919795681972, 1.3441779334560475, -0.9440275126540472], "normalizedAxes": [0.9936565160751343, -0.11245781928300858, -2.4970652053426207e-17, 0, -2.220446049250313e-16, 1, -0.11245781928300858, -0.9936565160751343, -2.206360685430862e-16]}, "segments": [13601, 13050, 12989, 7318, 15132, 5426, 9602, 15408, 3279, 13444, 3269, 15455, 3330, 4099, 4160, 4340, 4752, 4822, 4845, 5469, 5651, 6360, 8403, 10597, 11605, 12391, 12747, 12858, 13449, 15164, 15507, 1707, 5319, 11540, 12383, 5382, 1340, 11047, 4770, 5375, 13018, 11318, 6412], "label": "armchair"}, {"objectId": 4, "id": 4, "partId": 4, "index": 3, "dominantNormal": [0, -2.220446049250313e-16, 1], "obb": {"axesLengths": [1.746341544645772, 0.8308209591175397, 1.032279414528779], "centroid": [-0.1934398933772078, 1.2452429698700955, -0.9911894930633272], "normalizedAxes": [0.9805988073348999, -0.19602534174919128, -4.3526369563993424e-17, 0, -2.220446049250313e-16, 1, -0.19602534174919128, -0.9805988073348999, -2.1773667476463474e-16]}, "segments": [14189, 6467, 10390, 9008, 13927, 7510, 9256, 9433, 6015, 6435, 5742, 5781, 6108, 6498, 6727, 7832, 9028, 9200, 9360, 9387, 9918, 9935, 10510, 11310, 11353, 11642, 13441, 5751], "label": "couch"}, {"objectId": 5, "id": 5, "partId": 5, "index": 4, "dominantNormal": [0, -2.220446049250313e-16, 1], "obb": {"axesLengths": [0.4601853652909085, 0.2018339588828244, 0.370683066472725], "centroid": [-0.2685790868157202, 0.23088781891480137, -1.0043929646672392], "normalizedAxes": [0.9692740440368652, 0.24598345160484314, 5.4619298329692953e-17, 0, -2.220446049250313e-16, 1, 0.24598345160484314, -0.9692740440368652, -2.1522207217225314e-16]}, "segments": [8250, 14455, 10856, 10693, 13814, 8161], "label": "coffee table"}, {"objectId": 7, "id": 7, "partId": 7, "index": 5, "dominantNormal": [0, -2.220446049250313e-16, 1], "obb": {"axesLengths": [0.6514381909646284, 0.3997380048095134, 0.6176651560053572], "centroid": [-0.7724581181235282, 0.22523983955757476, -1.1901309578091435], "normalizedAxes": [-0.19726796448230743, 0.980349600315094, 2.176813396903774e-16, 0, -2.220446049250313e-16, 1, 0.980349600315094, 0.19726796448230743, 4.380228723783906e-17]}, "segments": [15316, 11884, 6977, 15340, 10030, 11738, 8185, 11066, 10709, 6987], "label": "puf"}, {"objectId": 8, "id": 8, "partId": 8, "index": 6, "dominantNormal": [-0.144507497549057, -0.9895036816596985, -2.197139540659917e-16], "obb": {"axesLengths": [0.3248514094492612, 0.8418800046619769, 0.2510319712916984], "centroid": [-2.1253371803174397, 1.902329712784679, -0.9709400075463949], "normalizedAxes": [0.9895036816596985, -0.144507497549057, -3.2087110201985293e-17, 0, -2.220446049250313e-16, 1, -0.144507497549057, -0.9895036816596985, -2.197139540659917e-16]}, "segments": [1463, 3122, 11425], "label": "wall"}, {"objectId": 9, "id": 9, "partId": 9, "index": 7, "dominantNormal": [-0.026948489248752594, -0.9996368288993835, -2.2196396474147474e-16], "obb": {"axesLengths": [0.6429405131951994, 0.6877539600188887, 0.463402562077665], "centroid": [-0.9295061009360125, 2.7671938334136907, -1.0915829649213782], "normalizedAxes": [0.9996368288993835, -0.026948489248752594, -5.9837666485657235e-18, 0, -2.220446049250313e-16, 1, -0.026948489248752594, -0.9996368288993835, -2.2196396474147474e-16]}, "segments": [2053, 2012, 12664, 2674, 12558, 3682, 12467, 2154, 600, 2099, 2118, 2369, 2392, 2393, 3651, 12492, 2360, 3496, 2182, 12678, 12460, 2159, 2129, 2103, 2115, 2140, 2400, 2404, 3753, 3756, 3818, 3827, 3836, 12419, 12438, 12693, 2112, 12689, 2725, 3771, 12444, 12450, 3878, 3612, 3847, 3864], "label": "stool"}, {"objectId": 10, "id": 10, "partId": 10, "index": 8, "dominantNormal": [0.9999955296516418, 0.0029883095994591713, 6.635380244055902e-19], "obb": {"axesLengths": [0.9661417624302692, 0.7820700232221922, 0.39076714776625515], "centroid": [0.7642101623649038, 1.1071487901603794, -1.0210349983490632], "normalizedAxes": [-0.0029883095994591713, 0.9999955296516418, 2.2204361230829624e-16, 0, -2.220446049250313e-16, 1, 0.9999955296516418, 0.0029883095994591713, 6.635380244055902e-19]}, "segments": [11299, 5569, 342, 1190, 1262], "label": "armchair"}, {"objectId": 16, "id": 16, "partId": 16, "index": 12, "dominantNormal": [0.7041782140731812, -0.7100232839584351, -1.5765683957412403e-16], "obb": {"axesLengths": [0.6219571648157105, 0.4771840465698231, 0.4115077061395166], "centroid": [-2.4106338727724252, 0.8910121304531906, -0.8798479893092517], "normalizedAxes": [0.7100232839584351, 0.7041782140731812, 1.5635897334069363e-16, 0, -2.220446049250313e-16, 1, 0.7041782140731812, -0.7100232839584351, -1.5765683957412403e-16]}, "segments": [7194, 7822, 10063, 12883, 10691, 12870, 13231], "label": "pillow"}, {"objectId": 17, "id": 17, "partId": 17, "index": 13, "dominantNormal": [0.3439435362815857, -0.9389903545379639, -2.0849774230179727e-16], "obb": {"axesLengths": [0.5122817505500727, 0.3999999672174459, 0.2782031951266394], "centroid": [-1.4229511476171743, 1.4666538668021754, -0.8299999703466899],