{"segGroups": [{"objectId": 1, "id": 1, "partId": 1, "index": 0, "dominantNormal": [0, -2.220446049250313e-16, 1], "obb": {"axesLengths": [5.662979078284639, 0.22316002346962627, 3.0098294670698986], "centroid": [-0.9335391001815406, 1.260258677631501, -1.3584200454856457], "normalizedAxes": [0.9957332015037537, 0.0922790914773941, 2.0490074409938797e-17, 0, -2.220446049250313e-16, 1, 0.0922790914773941, -0.9957332015037537, -2.2109718533863757e-16]}, "segments": [18942, 4886, 27793, 6366, 1605, 16131, 15410, 24243, 11772, 23586, 16769, 9823, 21550, 3979, 5240, 3384, 7838, 6792, 17398, 35878, 16758, 32085, 22376, 24571, 24611, 20058, 33084, 24237, 21108], "label": "floor"}, {"objectId": 2, "id": 2, "partId": 2, "index": 1, "dominantNormal": [0.7165804505348206, -0.697504460811615, -1.5487710243436203e-16], "obb": {"axesLengths": [1.974426858081025, 3.0653099328582734, 0.2333754210583629], "centroid": [-1.8412988450275993, 2.3441581754760437, 0.1426549503358816], "normalizedAxes": [0.697504460811615, 0.7165804505348206, 1.5911282303600517e-16, 0, -2.220446049250313e-16, 1, 0.7165804505348206, -0.697504460811615, -1.5487710243436203e-16]}, "segments": [14583, 15561, 24217, 26974, 33028, 25772, 25754, 34920, 35511, 33408, 13055, 40, 16670, 16554, 33262, 18990], "label": "wall"}, {"objectId": 3, "id": 3, "partId": 3, "index": 2, "dominantNormal": [-0.6867377758026123, -0.7269052267074585, -1.6140538388219794e-16], "obb": {"axesLengths": [1.9675014045569295, 0.7500960063167805, 0.6283847076047487], "centroid": [-0.25837014568917516, 1.6915256910373784, -0.7490920573675931], "normalizedAxes": [0.7269052267074585, -0.6867377758026123, -1.5248641811518577e-16, 0, -2.220446049250313e-16, 1, -0.6867377758026123, -0.7269052267074585, -1.6140538388219794e-16]}, "segments": [2869, 19526, 17308, 14383, 17314, 30291, 30371, 14074, 29021, 4379, 4362, 4336, 20333, 4164, 34854, 19544, 19609, 1715, 14259, 14316, 14425, 3027, 28816, 3052, 28848, 21591, 22264, 30459, 14428, 30494, 4261, 14184, 14137, 30658, 2985, 2924, 34457, 34894, 30500, 14432, 14424, 3111, 14250, 3113, 34467, 33588, 1304, 30448, 29048, 30447, 12986, 30418, 14193, 1741, 29106, 4313, 13020, 1324, 31613, 19106, 19091, 19090, 1783, 28831, 4331, 14276, 4115, 4168, 24134], "label": "counter"}, {"objectId": 4, "id": 4, "partId": 4, "index": 3, "dominantNormal": [0, -2.220446049250313e-16, 1], "obb": {"axesLengths": [0.7414799235376859, 0.16476600993947654, 0.5760725705664645], "centroid": [0.2223804941103804, 1.2023189594603534, -0.45238306293525565], "normalizedAxes": [0.8971688151359558, -0.4416877329349518, -9.807437815977411e-17, 0, -2.220446049250313e-16, 1, -0.4416877329349518, -0.8971688151359558, -1.9921149510792176e-16]}, "segments": [10967, 10796, 21395, 31946, 17552, 17531, 31882], "label": "sink"}, {"objectId": 5, "id": 5, "partId": 5, "index": 4, "dominantNormal": [0.7231583595275879, 0.6906822323799133, 1.5336226341753652e-16], "obb": {"axesLengths": [2.541975566471846, 3.009489945855215, 0.569174059799051], "centroid": [-0.43258024868014855, 1.971791949539221, 0.12071495792161557], "normalizedAxes": [-0.6906822323799133, 0.7231583595275879, 1.60573412239537e-16, 0, -2.220446049250313e-16, 1, 0.7231583595275879, 0.6906822323799133, 1.5336226341753652e-16]}, "segments": [13241, 25444, 22697, 22734, 13647, 17701, 31879, 7523, 22483, 1143, 31803, 20407, 9916, 8982, 10496, 1330, 19935, 25224, 20601, 21921, 18459, 7401, 7784, 7614, 29063, 29089, 1035, 28528, 22028, 18468, 21914, 29579, 31287, 25547], "label": "wall"}, {"objectId": 6, "id": 6, "partId": 6, "index": 5, "dominantNormal": [-0.6855886578559875, -0.727989137172699, -1.6164606035322637e-16], "obb": {"axesLengths": [0.3976965440661764, 0.26174400720572444, 0.18514747394166844], "centroid": [-0.6134803055016931, 2.3349912396413117, 0.1408719416885369], "normalizedAxes": [0.727989137172699, -0.6855886578559875, -1.5223126267471522e-16, 0, -2.220446049250313e-16, 1, -0.6855886578559875, -0.727989137172699, -1.6164606035322637e-16]}, "segments": [25488, 25518, 34413, 8787, 8651, 25505, 34366, 25566, 8768, 25503, 29423, 29447, 34362, 34436, 8626, 25535], "label": "clothes"}, {"objectId": 7, "id": 7, "partId": 7, "index": 6, "dominantNormal": [0.7771350741386414, 0.6293337941169739, 1.3974017368067446e-16], "obb": {"axesLengths": [0.6418949433279044, 0.6128080052254792, 0.22790842152052576], "centroid": [-0.5827902387290498, 2.2524141347545203, 0.6124599271462849], "normalizedAxes": [-0.6293337941169739, 0.7771350741386414, 1.7255865051049954e-16, 0, -2.220446049250313e-16, 1, 0.7771350741386414, 0.6293337941169739, 1.3974017368067446e-16]}, "segments": [14602, 14631, 3581, 30655, 28992, 3385, 3590, 3632, 3661, 3936, 29007, 28972, 14528], "label": "towel"}, {"objectId": 8, "id": 8, "partId": 8, "index": 7, "dominantNormal": [0.19003283977508545, -0.9817777276039124, -2.1799844765000572e-16], "obb": {"axesLengths": [0.5755722294743771, 0.8517473820206358, 0.41251894588204907], "centroid": [-1.16658166019203, 2.743488620203682, 0.3841262318016667], "normalizedAxes": [0.9817777276039124, 0.19003283977508545, 4.2195766830640624e-17, 0, -2.220446049250313e-16, 1, 0.19003283977508545, -0.9817777276039124, -2.1799844765000572e-16]}, "segments": [8287, 612, 29346, 671, 28676, 1099, 643, 8281, 12679, 33179, 455, 456, 625, 760, 1075, 7206, 7215, 8016, 8054, 8080, 8299, 24470, 29351, 29359, 33041, 33048], "label": "clothes"}, {"objectId": 9, "id": 9, "partId": 9, "index": 8, "dominantNormal": [-0.6729615926742554, -0.7396774291992188, -1.6424138253850334e-16], "obb": {"axesLengths": [2.6605509078546055, 3.1243398683293178, 0.38342974456434503], "centroid": [-1.5491276214791092, 0.7406382817603798, 0.20072995981432418], "normalizedAxes": [0.7396774291992188, -0.6729615926742554, -1.4942749097507488e-16, 0, -2.220446049250313e-16, 1, -0.6729615926742554, -0.7396774291992188, -1.6424138253850334e-16]}, "segments": [27200, 14474, 3555, 335, 347, 3800, 16015, 31250, 9616, 6730, 16358, 32048, 28271, 71, 17866, 27158, 35333, 27162, 26670, 26676, 17131, 26152, 26665], "label": "wall"}, {"objectId": 10, "id": 10, "partId": 10, "index": 9, "dominantNormal": [0.7592228651046753, 0.6508307456970215, 1.4451345580135866e-16], "obb": {"axesLengths": [0.9913155882105077, 2.23425001872517, 0.9579184806501396], "centroid": [-1.896213011584209, 1.603233627060546, -0.26712506598699837], "normalizedAxes": [-0.6508307456970215, 0.7592228651046753, 1.6858134113221796e-16, 0, -2.220446049250313e-16, 1, 0.7592228651046753, 0.6508307456970215, 1.4451345580135866e-16]}, "segments": [35580, 25166, 24996, 16370, 13575, 30267, 28739, 2096, 2541, 28477, 11070, 26691, 2622, 2062, 2226, 5935, 6590, 6634, 6680, 7002, 7024, 7188, 7200, 9648, 10092, 10129, 10208, 10258, 11042, 11063, 11138, 11153, 11163, 11168, 11954, 13290, 13300, 15768, 16313, 16514, 16530, 17795, 17865, 18986, 19040, 19323, 19470, 23648, 27115, 28742, 29290, 29316, 29628, 29749, 29876, 29965, 30083, 30156, 30159, 30165, 30205, 30837, 30905, 30909, 30933, 30935, 31236, 31411, 31558, 31560, 31581, 32031, 32269, 32340, 34963, 34968, 35022, 35042, 35592, 28278], "label": "shower"}, {"objectId": 11, "id": 11, "partId": 11, "index": 10, "dominantNormal": [0.8432291746139526, 0.5375542044639587, 1.1936101095598922e-16], "obb": {"axesLengths": [0.9558476026119954, 0.7851249698149043, 0.6365875070592807], "centroid": [-0.8374425505202343, 0.3155341952354882, -0.7661375399797228], "normalizedAxes": [-0.5375542044639587, 0.8432291746139526, 1.8723448893841535e-16, 0, -2.220446049250313e-16, 1, 0.8432291746139526, 0.5375542044639587, 1.1936101095598922e-16]}, "segments": [17441, 33643, 9522, 22227, 31621, 25789, 34682, 34674, 9382, 9351, 6065, 9334, 29523, 9362, 29536, 6150, 5996, 6083, 6044, 11564, 6066, 29843, 29533, 6062, 25413, 29301, 6111], "label": "cabinet"}, {"objectId": 12, "id": 12, "partId": 12, "index": 11, "dominantNormal": [-0.37017345428466797, -0.9289626479148865, -2.0627114414637193e-16],