{"segGroups": [{"objectId": 1, "id": 1, "partId": 1, "index": 0, "dominantNormal": [0, -2.220446049250313e-16, 1], "obb": {"axesLengths": [2.9285886393225113, 0.17004000760525412, 1.978682843077853], "centroid": [0.5295398600470148, 0.6549437732896863, -1.3150200791288904], "normalizedAxes": [0.8246925473213196, 0.5655813217163086, 1.2558428113347477e-16, 0, -2.220446049250313e-16, 1, 0.5655813217163086, -0.8246925473213196, -1.831185308545801e-16]}, "segments": [11166, 8436, 13241, 6427, 7299, 6726, 9919, 5794, 5796, 8292, 11619, 8720], "label": "floor"}, {"objectId": 2, "id": 2, "partId": 2, "index": 1, "dominantNormal": [-0.6759223937988281, -0.7369728088378906, -1.6364083617890005e-16], "obb": {"axesLengths": [1.654127417388125, 2.4903399387671055, 0.1456472781532058], "centroid": [1.461156967827352, 1.5861601458809123, -0.10483010802887294], "normalizedAxes": [0.7369728088378906, -0.6759223937988281, -1.5008492089104222e-16, 0, -2.220446049250313e-16, 1, -0.6759223937988281, -0.7369728088378906, -1.6364083617890005e-16]}, "segments": [5640, 6456, 6573, 6610, 6912, 8443, 8836, 8911, 8947, 8952, 10188, 12897, 12962, 15000, 15091, 15336, 15762, 15764, 16465, 12300, 12644], "label": "wall"}, {"objectId": 3, "id": 3, "partId": 3, "index": 2, "dominantNormal": [0.7341878414154053, -0.6789463758468628, -1.5075637979019847e-16], "obb": {"axesLengths": [1.8134660707144992, 2.3268699125900123, 0.10952017888934985], "centroid": [0.27383231625166704, 1.4658259813298795, -0.17343505263190773], "normalizedAxes": [0.6789463758468628, 0.7341878414154053, 1.630224491878452e-16, 0, -2.220446049250313e-16, 1, 0.7341878414154053, -0.6789463758468628, -1.5075637979019847e-16]}, "segments": [3658, 3054, 3300, 3197, 3107, 2741, 4379, 14815], "label": "wall"}, {"objectId": 4, "id": 4, "partId": 4, "index": 3, "dominantNormal": [0.7386320233345032, -0.6741088628768921, -1.496822361339616e-16], "obb": {"axesLengths": [1.0418858380498375, 1.8495299402729426, 0.45864353528623125], "centroid": [0.6341914962056561, 1.5698915873681256, -0.4325750614881143], "normalizedAxes": [0.6741088628768921, 0.7386320233345032, 1.6400925580628626e-16, 0, -2.220446049250313e-16, 1, 0.7386320233345032, -0.6741088628768921, -1.496822361339616e-16]}, "segments": [4372, 3967, 4232, 3794, 14327, 3991, 14658, 10220, 11270, 15421, 13312, 13249, 16597, 14938, 1018, 13826, 13856, 1080, 1145, 16091, 557, 13799, 544, 8544, 11901, 16625, 16428, 11907, 12069, 16, 393, 711, 938, 988, 1100, 1311, 1386, 1427, 1639, 1725, 2408, 2425, 2459, 2481, 3211, 3454, 3464, 3513, 3514, 3766, 3818, 3925, 4011, 4061, 4069, 4131, 4240, 5019, 8500, 8502, 8512, 8655, 11279, 11309, 11841, 11855, 11889, 13072, 13599, 13696, 13721, 13736, 13740, 13960, 13991, 14042, 14234, 14303, 14725, 14909, 15044, 15532, 16458, 16474, 16610, 13983, 1079, 1865, 6345, 2104], "label": "shelf"}, {"objectId": 5, "id": 5, "partId": 5, "index": 4, "dominantNormal": [0.7682883143424988, -0.6401039361953735, -1.4213162562345916e-16], "obb": {"axesLengths": [0.7785308519553478, 1.1799999956786626, 0.520307902615563], "centroid": [0.05598411789964919, 0.9231840903494427, -0.7600000795730945], "normalizedAxes": [0.6401039361953735, 0.7682883143424988, 1.705942752266984e-16, 0, -2.220446049250313e-16, 1, 0.7682883143424988, -0.6401039361953735, -1.4213162562345916e-16]}, "segments": [899, 11232, 12194, 5661, 5971, 1067, 1640, 1675, 3879, 8090, 8157, 13595, 13886, 14836], "label": "commode"}, {"objectId": 6, "id": 6, "partId": 6, "index": 5, "dominantNormal": [0.6740621328353882, -0.7386746406555176, -1.6401871875249387e-16], "obb": {"axesLengths": [0.912177529045033, 2.3302999810062346, 0.3304526299028722], "centroid": [-0.5662035212430381, 0.4598862885031806, -0.2151501074036204], "normalizedAxes": [0.7386746406555176, 0.6740621328353882, 1.4967185998035774e-16, 0, -2.220446049250313e-16, 1, 0.6740621328353882, -0.7386746406555176, -1.6401871875249387e-16]}, "segments": [1212, 13890, 1579, 1222, 1595, 2059, 2182, 13498, 7608, 5075, 6079, 3942, 13465, 13565, 5324, 14337, 9761, 14357, 4699, 56, 716, 1171, 1974, 2032, 2080, 2124, 2134, 2650, 3617, 3618, 3668, 4130, 5653, 5673, 6826, 7667, 8041, 13426, 13433, 13503, 13584, 13589, 13611, 13649, 13662, 14402, 5374, 15505], "label": "curtain"}, {"objectId": 7, "id": 7, "partId": 7, "index": 6, "dominantNormal": [0.987609326839447, 0.15693266689777374, 3.484605202114771e-17], "obb": {"axesLengths": [0.6612381076483719, 0.9456919816354215, 0.6808668197477321], "centroid": [0.9223647280461321, 1.2251183011643267, -0.8962740641184], "normalizedAxes": [0.987609326839447, 0.15693266689777374, 3.484605202114771e-17, 0, -2.220446049250313e-16, 1, 0.15693266689777374, -0.987609326839447, -2.1929332279834113e-16]}, "segments": [10130, 10449, 15748, 714, 10418, 9324, 43, 278, 5927, 8201, 8206, 8209, 8363, 10123, 10169, 10198, 10227, 10255, 10284, 10295, 10310, 10464, 10474, 10502, 10678, 10735, 10736, 10790, 10830, 10851, 14457, 14686, 14901, 15338, 15605, 15614, 15869, 15874, 15885, 15899, 15902, 15928, 15948, 15972, 16348, 16362, 6988], "label": "chair"}, {"objectId": 8, "id": 8, "partId": 8, "index": 7, "dominantNormal": [0.805536150932312, -0.5925466418266296, -1.31571784984048e-16], "obb": {"axesLengths": [0.6177817537196656, 2.3448129368242703, 0.3397996175704438], "centroid": [1.8941977971247888, 0.8368128395303763, -0.1859935721914432], "normalizedAxes": [0.5925466418266296, 0.805536150932312, 1.788649563865956e-16, 0, -2.220446049250313e-16, 1, 0.805536150932312, -0.5925466418266296, -1.31571784984048e-16]}, "segments": [16139, 9470, 3807, 7166, 9595, 9692, 11193, 11209, 11242, 11333, 11377, 16119, 16271, 9557, 9559, 9566, 5042, 9551, 16268, 574, 9563], "label": "wardrobe"}, {"objectId": 9, "id": 9, "partId": 9, "index": 8, "dominantNormal": [0, -2.220446049250313e-16, 1], "obb": {"axesLengths": [0.856656544121, 0.21262198211352556, 0.304576734851927], "centroid": [1.5826988276313716, 1.312940587466454, 0.5963109058957325], "normalizedAxes": [0.741253137588501, -0.6712255477905273, -1.4904201157473537e-16, 0, -2.220446049250313e-16, 1, -0.6712255477905273, -0.741253137588501, -1.6459126008527857e-16]}, "segments": [16486, 12678, 12015, 12258, 12510, 16608, 16687, 12484, 12324, 13999, 12165, 7837, 12106, 16529], "label": "shelf"}, {"objectId": 10, "id": 10, "partId": 10, "index": 9, "dominantNormal": [0, -2.220446049250313e-16, 1], "obb": {"axesLengths": [0.8997913521709051, 0.13999998256564228, 1.156951521915899], "centroid": [2.22949982759154, 1.5732030046979748, 1.799999887942374], "normalizedAxes": [0.7944329977035522, 0.6073517799377441, 1.3485918602679095e-16, 0, -2.220446049250313e-16, 1, 0.6073517799377441, -0.7944329977035522, -1.7639956111449356e-16]}, "segments": [15783, 7154, 7051, 7090, 613, 10580, 10538, 383, 10598, 9992, 385, 9105, 2608], "label": "ceiling"}, {"objectId": 12, "id": 12, "partId": 12, "index": 11, "dominantNormal": [0.7163571715354919, -0.6977337598800659, -1.549280170554259e-16], "obb": {"axesLengths": [0.3494188892716302, 0.3599999615550048, 0.035525210198744835], "centroid": [-0.10265067392910088, 1.0793684501193048, 0.3499998950204257], "normalizedAxes": [0.6977337598800659, 0.7163571715354919, 1.590632451388112e-16, 0, -2.220446049250313e-16, 1, 0.7163571715354919, -0.6977337598800659, -1.549280170554259e-16]}, "segments": [3153, 3025, 3137], "label": "clock"}, {"objectId": 13, "id": 13, "partId": 13, "index": 12, "dominantNormal": [0, -2.220446049250313e-16, 1], "obb": {"axesLengths": [0.36009188024217054, 0.19999999664723872, 0.23801086189128404], "centroid": [0.5041237206251908, 1.5932182619541306, -0.07000008341014352], "normalizedAxes": [0.5921021699905396, 0.8058629035949707, 1.7893751005248386e-16, 0, -2.220446049250313e-16, 1, 0.8058629035949707, -0.5921021699905396, -1.3147309241080308e-16]}, "segments": [13908, 1910, 2048, 14000, 1953, 3406], "label": "box"}, {"objectId": 14, "id": 14, "partId": 14, "index": 13,