{"segGroups": [{"objectId": 15, "id": 15, "partId": 15, "index": 0, "dominantNormal": [0, -2.220446049250313e-16, 1], "obb": {"axesLengths": [2.9353680258478336, 1.3822999883674074, 2.361939817628104], "centroid": [-0.18735845091374226, 1.3391944126543183, 2.621149876090067], "normalizedAxes": [-0.24044008553028107, 0.9706639647483826, 2.1553069656751912e-16, 0, -2.220446049250313e-16, 1, 0.9706639647483826, 0.24044008553028107, 5.3388423799711996e-17]}, "segments": [36216, 8809, 60492, 43647, 39577, 37211, 45229, 45581, 44035, 42817, 14647, 44515, 41632, 39053, 3209, 4148, 2956, 2558, 32083, 35854, 6223, 15857, 53132, 28027, 53511, 29920, 3365, 43977, 14414, 42257, 46305, 6295, 8178, 12537, 913, 2165, 2255, 3103, 3127, 4044, 4061, 4155, 4219, 4355, 4461, 4609, 5700, 5728, 7033, 7038, 7065, 7103, 7154, 7414, 7473, 7547, 7548, 7569, 7622, 8086, 8354, 8412, 8619, 8624, 8904, 13015, 13020, 13023, 13064, 13072, 13098, 13115, 13128, 13267, 14200, 15019, 15055, 15179, 18926, 25088, 25122, 30928, 35692, 35899, 35946, 35947, 39755, 41826, 41946, 42480, 42536, 44004, 44007, 44029, 44040, 44054, 44135, 44145, 44258, 44288, 44298, 44513, 44582, 44652, 46334, 46430, 47254, 47258, 47471, 47737, 47784, 47786, 47808, 47828, 47933, 47934, 47954, 47992, 48017, 48020, 48022, 48068, 48071, 48095, 48130, 48205, 48479, 48500, 48642, 48764, 48857, 51353, 53111, 53269, 53435, 55778, 55840, 60303, 60309, 60339, 28045, 44305, 44252, 28303, 29660, 55809, 13509, 47698, 3139, 2257, 48628, 27497, 13847, 25076, 2566], "label": "ceiling"}, {"objectId": 19, "id": 19, "partId": 19, "index": 4, "dominantNormal": [0, -2.220446049250313e-16, 1], "obb": {"axesLengths": [0.7143503270322733, 0.18764249933565028, 0.31212461773422073], "centroid": [-1.1714035992573684, 1.0734207360223533, -0.1544397719721542], "normalizedAxes": [-0.3924820125102997, 0.9197596907615662, 2.0422767716112093e-16, 0, -2.220446049250313e-16, 1, 0.9197596907615662, 0.3924820125102997, 8.714851340803069e-17]}, "segments": [32048, 31666, 32148, 46661, 30405, 32337, 34534, 46594, 34689, 46619, 48187], "label": "shelf"}, {"objectId": 20, "id": 20, "partId": 20, "index": 5, "dominantNormal": [0.16271647810935974, -0.9866728782653809, -2.1908538944468e-16], "obb": {"axesLengths": [0.27368163446545757, 0.26944994324185084, 0.18117024706614962], "centroid": [-0.9796366548800348, 0.7503245923004419, -1.1552749839010454], "normalizedAxes": [0.9866728782653809, 0.16271647810935974, 3.613031609658529e-17, 0, -2.220446049250313e-16, 1, 0.16271647810935974, -0.9866728782653809, -2.1908538944468e-16]}, "segments": [51659, 51705, 51729], "label": "trash can"}, {"objectId": 21, "id": 21, "partId": 21, "index": 6, "dominantNormal": [-0.07582712173461914, -0.9971209764480591, -2.2140533327787073e-16], "obb": {"axesLengths": [0.17950054497385842, 0.17981504992063968, 0.09896907047206319], "centroid": [-0.789504105599441, 0.766151926220814, 0.8123674582141462], "normalizedAxes": [0.9971209764480591, -0.07582712173461914, -1.6837003288165762e-17, 0, -2.220446049250313e-16, 1, -0.07582712173461914, -0.9971209764480591, -2.2140533327787073e-16]}, "segments": [2361, 47303, 2366], "label": "lamp"}, {"objectId": 22, "id": 22, "partId": 22, "index": 7, "dominantNormal": [-0.648974597454071, -0.7608100771903992, -1.6893377301272476e-16], "obb": {"axesLengths": [0.08643964251944646, 0.12798303079643025, 0.061793324829701096], "centroid": [-0.9124340418875589, 1.1830063310190988, 0.8282194621494536], "normalizedAxes": [0.7608100771903992, -0.648974597454071, -1.4410130809807043e-16, 0, -2.220446049250313e-16, 1, -0.648974597454071, -0.7608100771903992, -1.6893377301272476e-16]}, "segments": [2468, 47329, 2458, 2494], "label": "lamp"}, {"objectId": 24, "id": 24, "partId": 24, "index": 9, "dominantNormal": [0, -2.220446049250313e-16, 1], "obb": {"axesLengths": [0.5955186465603939, 0.15381800784577404, 0.27785629493165526], "centroid": [0.4165026370230771, 1.8833098367892365, 0.6004369495692043], "normalizedAxes": [-0.16871793568134308, 0.9856643676757812, 2.1886145510924965e-16, 0, -2.220446049250313e-16, 1, 0.9856643676757812, 0.16871793568134308, 3.7462907372130667e-17]}, "segments": [42228, 604, 583, 47035, 47045, 47099, 47101, 47053, 422, 131, 511, 551, 54208, 153, 689, 106, 121, 166, 476, 46923, 46932, 47057, 47059, 47062, 47135, 690], "label": "lamp"}, {"objectId": 25, "id": 25, "partId": 25, "index": 10, "dominantNormal": [0, -2.220446049250313e-16, 1], "obb": {"axesLengths": [0.5240018111345522, 0.23899602355816896, 0.4282539533411819], "centroid": [0.11416967022602509, 1.9263699454596874, -0.7905020166095631], "normalizedAxes": [0.8586732149124146, 0.5125234723091125, 1.1380307192368212e-16, 0, -2.220446049250313e-16, 1, 0.5125234723091125, -0.8586732149124146, -1.906637547649336e-16]}, "segments": [17702, 52648, 17754], "label": "towel"}, {"objectId": 26, "id": 26, "partId": 26, "index": 11, "dominantNormal": [0.8686515688896179, 0.49542346596717834, 1.1000610777127181e-16], "obb": {"axesLengths": [0.3695475070470866, 0.19999999105930338, 0.03275993460370116], "centroid": [0.9647570230708054, 0.8275202003001743, -0.03000001929894003], "normalizedAxes": [-0.49542349576950073, 0.8686515688896179, 1.9287939443160383e-16, 0, -2.220446049250313e-16, 1, 0.8686515688896179, 0.49542349576950073, 1.1000611438871671e-16]}, "segments": [35034], "label": "flush"}, {"objectId": 27, "id": 27, "partId": 27, "index": 12, "dominantNormal": [0.15618343651294708, -0.9877280592918396, -2.1931968669882442e-16], "obb": {"axesLengths": [0.4275584987112016, 0.46289597907149815, 0.19182229898553033], "centroid": [0.7993239755515527, 0.3821099689113141, 0.918551938415201], "normalizedAxes": [0.9877280592918396, 0.15618343651294708, 3.4679689456351044e-17, 0, -2.220446049250313e-16, 1, 0.15618343651294708, -0.9877280592918396, -2.1931968669882442e-16]}, "segments": [31876, 23672, 23557, 51599, 51693], "label": "lamp"}, {"objectId": 28, "id": 28, "partId": 28, "index": 13, "dominantNormal": [0.4567968547344208, -0.8895710706710815, -1.975244569398974e-16], "obb": {"axesLengths": [0.90959902163435, 2.1442499873582266, 0.1781277946369052], "centroid": [-0.06964255287647414, -0.07480560286268165, -0.1821250503799674], "normalizedAxes": [0.8895710110664368, 0.45679688453674316, 1.0142928375794628e-16, 0, -2.220446049250313e-16, 1, 0.45679688453674316, -0.8895710110664368, -1.975244437050076e-16]}, "segments": [44746, 36364, 50573, 902, 46127, 27261], "label": "doorframe"}, {"objectId": 29, "id": 29, "partId": 29, "index": 14, "dominantNormal": [0.0023655686527490616, -0.9999971985816956, -2.2204398288521067e-16], "obb": {"axesLengths": [0.3802211588299545, 0.5742210021416615, 0.3149779337740557], "centroid": [-0.7799537065056993, 1.8103024299761308, -1.0080094933229042], "normalizedAxes": [0.9999971985816956, 0.0023655686527490616, 5.25261756922704e-19, 0, -2.220446049250313e-16, 1, 0.0023655686527490616, -0.9999971985816956, -2.2204398288521067e-16]}, "segments": [52113, 17369, 22368, 22817, 31104, 25309, 17139], "label": "bathrobe"}, {"objectId": 1, "id": 1, "partId": 1, "index": 15, "dominantNormal": [0.3321969211101532, -0.9432100653648376, -2.0943470632524833e-16], "obb": {"axesLengths": [0.6881866663475552, 0.8728099270281953, 0.38627166767491317], "centroid": [0.6595603397147718, 0.7459815843045936, -0.8664049835580956], "normalizedAxes": [0.9432100653648376, 0.3321969211101532, 7.376253410521576e-17, 0, -2.220446049250313e-16, 1, 0.3321969211101532, -0.9432100653648376, -2.0943470632524833e-16]}, "segments": [32202, 35055, 51287, 32226, 24449, 51284, 14864, 24150, 8318, 24958, 25386, 25444, 25472, 50159, 50162, 51843, 25041, 51302, 51335, 14916, 50204, 14444, 30073, 51327, 8263, 32243, 50219, 50605, 24341, 24903, 24339, 14820, 24962], "label": "toilet"}, {"objectId": 2, "id": 2, "partId": 2, "index": 16, "dominantNormal": [0.24029693007469177, -0.9706994295120239, -2.1553857132695063e-16],