{"segGroups": [{"objectId": 11, "id": 11, "partId": 11, "index": 0, "dominantNormal": [0.9898937344551086, 0.1418110579252243, 3.148838033100716e-17], "obb": {"axesLengths": [2.8296412699460496, 0.8800000351667392, 0.23269902047268726], "centroid": [1.4924607503175809, 1.8739384908378698, 1.1499999001622192], "normalizedAxes": [-0.1418110579252243, 0.9898937344551086, 2.1980056318484845e-16, 0, -2.220446049250313e-16, 1, 0.9898937344551086, 0.1418110579252243, 3.148838033100716e-17]}, "segments": [4722, 6956, 11233, 3168, 4810, 24422, 3201, 1341, 2287, 4885, 5207, 5134, 5017], "label": "wall"}, {"objectId": 1, "id": 1, "partId": 1, "index": 1, "dominantNormal": [0, -2.220446049250313e-16, 1], "obb": {"axesLengths": [5.6759823721918305, 0.25971996203690867, 3.8379545154973727], "centroid": [-0.0027279892101760017, 1.6734697695100023, -1.2801400341807312], "normalizedAxes": [0.968692421913147, -0.24826394021511078, -5.5125668522195865e-17, 0, -2.220446049250313e-16, 1, -0.24826394021511078, -0.968692421913147, -2.1509292611757646e-16]}, "segments": [1197, 2228, 9433, 15637, 11597, 9944, 9195, 9368, 9515, 9554, 9601, 9710, 9718, 10237, 10345, 10368, 10669, 10720, 10724, 12515, 13644, 13646, 13873, 14629, 14632, 18948, 19169, 19403, 23539, 26238, 26245, 26307, 26309, 26313, 26401, 27204, 31338, 31341, 31805, 32352, 32355, 12803, 20070, 10150, 19279, 8271, 5348, 5395, 22678], "label": "floor"}, {"objectId": 2, "id": 2, "partId": 2, "index": 2, "dominantNormal": [0.7324861288070679, 0.6807819604873657, 1.511639614565054e-16], "obb": {"axesLengths": [1.0768827148329099, 0.947341957375214, 0.8364751518504728], "centroid": [-0.36221438673940193, 1.6868550469402954, -0.84302905366505], "normalizedAxes": [-0.6807819604873657, 0.7324861288070679, 1.6264459308403098e-16, 0, -2.220446049250313e-16, 1, 0.7324861288070679, 0.6807819604873657, 1.511639614565054e-16]}, "segments": [20838, 31841, 10754, 20238, 18595, 18423, 18345, 18822, 21837, 21759, 13195, 13234, 13246, 13266, 13296, 13298, 13309, 13467, 14320, 14337, 14403, 14431, 14448, 14472, 14478, 15141, 15167, 18383, 18403, 18429, 18439, 18664, 18844, 18893, 19161, 21745, 23479, 26797, 26800, 27149, 27508, 27547, 27567, 27648, 27690, 30087, 11668, 15162, 10777, 11633, 11684, 17345, 18756, 21467, 23554, 23838, 20736, 31821], "label": "armchair"}, {"objectId": 3, "id": 3, "partId": 3, "index": 3, "dominantNormal": [0.31731581687927246, -0.9483199119567871, -2.1056932019298527e-16], "obb": {"axesLengths": [0.5061886745144091, 0.3825729999861192, 0.33343206886977234], "centroid": [-0.3257059090590515, 1.736355714831129, -0.7867455511522559], "normalizedAxes": [0.9483199119567871, 0.31731581687927246, 7.045826519542163e-17, 0, -2.220446049250313e-16, 1, 0.31731581687927246, -0.9483199119567871, -2.1056932019298527e-16]}, "segments": [15290, 15264, 13176, 28767, 13202], "label": "pillow"}, {"objectId": 4, "id": 4, "partId": 4, "index": 4, "dominantNormal": [0, -2.220446049250313e-16, 1], "obb": {"axesLengths": [0.5128355906533246, 0.42771898744138337, 0.4816970929716135], "centroid": [0.39876562661738857, 2.216111470726955, -0.8809205301645295], "normalizedAxes": [0.8784324526786804, -0.477866530418396, -1.061076849536482e-16, 0, -2.220446049250313e-16, 1, -0.477866530418396, -0.8784324526786804, -1.9505118690836385e-16]}, "segments": [27815, 18651, 29393, 17060, 20872, 20963, 30739, 30721, 29537, 16901, 20913, 22826, 22892, 30749, 29349, 17186], "label": "side table"}, {"objectId": 5, "id": 5, "partId": 5, "index": 5, "dominantNormal": [0.9987158179283142, 0.050662774592638016, 1.1249395768828222e-17], "obb": {"axesLengths": [1.3899789997073526, 2.086069894893394, 0.6195120270471124], "centroid": [1.1849549130298787, 2.351217457639071, -0.2930350443042451], "normalizedAxes": [-0.050662774592638016, 0.9987158179283142, 2.2175945922427203e-16, 0, -2.220446049250313e-16, 1, 0.9987158179283142, 0.050662774592638016, 1.1249395768828222e-17]}, "segments": [24091, 24112, 4755, 15372, 27362, 25659, 1894, 28877, 1163, 18467, 28712, 1942, 7854, 15092, 19505, 7355, 6882, 1243, 27736, 19240, 1211, 27908, 661, 12193, 25216, 1295, 1850, 1858, 5132, 6913, 6939, 6951, 6962, 7864, 7996, 14753, 15587, 16225, 17279, 17302, 18013, 18016, 18498, 18505, 18551, 19212, 19228, 19582, 24544, 24547, 24577, 25694, 25926, 27118, 27388, 27442, 27694, 27695, 27919, 28669, 28839, 18311, 1581, 7315, 14294, 14325, 593], "label": "cupboard"}, {"objectId": 6, "id": 6, "partId": 6, "index": 6, "dominantNormal": [0.17673704028129578, -0.9842581152915955, -2.1854920435417823e-16], "obb": {"axesLengths": [1.8214545495872179, 2.4141899999784666, 0.33750946603003396], "centroid": [-0.22515227849470826, 2.875242746919959, -0.13709505154725243], "normalizedAxes": [0.9842581152915955, 0.17673704028129578, 3.9243506284879665e-17, 0, -2.220446049250313e-16, 1, 0.17673704028129578, -0.9842581152915955, -2.1854920435417823e-16]}, "segments": [25778, 6731, 25761, 7472, 9463, 6112, 25828, 22123, 12100, 12103, 11643, 31224, 14173, 14168, 16055, 16193, 16166, 11847, 11836, 12989, 31483, 26157, 26197, 12802, 12377, 19024, 22739, 15000, 14994, 15004, 5144, 5939, 5264, 25581, 25531, 9430, 5184, 5462, 5727, 5855, 5990, 6005, 6170, 6211, 6212, 6266, 6287, 6293, 6343, 6452, 6632, 6639, 6985, 7093, 7128, 7147, 7188, 7482, 7571, 7572, 7574, 7771, 8825, 8878, 8926, 9001, 9446, 11162, 11489, 11545, 11576, 11735, 11750, 11825, 11975, 12009, 12173, 12249, 12331, 12748, 12992, 13020, 13050, 13489, 13690, 14859, 14911, 15911, 16045, 16641, 16730, 19525, 19840, 22063, 22100, 23010, 23025, 23032, 25374, 25429, 25460, 25466, 25491, 25519, 25572, 25606, 25722, 25723, 25853, 25860, 25881, 26149, 26584, 26593, 26671, 26682, 27125, 28186, 28189, 28461, 28730, 30090, 30603, 30707, 31050, 31096, 31287, 31362, 31394, 31546, 31586, 31620, 8092, 7219, 7391, 11216, 12200, 12317, 13753, 21471, 22507, 27703, 29035, 7138, 5222, 5467, 5650, 5765, 5899, 5936, 6034, 6103, 6232, 6334, 6501, 6693, 6793, 6809, 6814, 6868, 6991, 7036, 7045, 7215, 7358, 7455, 7670, 7704, 7716, 7738, 7739, 7792, 8158, 8164, 8234, 8244, 8272, 8285, 8323, 8333, 8481, 8556, 8569, 8576, 8638, 8653, 8657, 8696, 8897, 8916, 8938, 8954, 9170, 9222, 9482, 11106, 11142, 11187, 11203, 11428, 11459, 11969, 11996, 12007, 12051, 12107, 12141, 12221, 12251, 12274, 12275, 12314, 12770, 12780, 12816, 12898, 12928, 12935, 13277, 13800, 13931, 13976, 14036, 14119, 15522, 16424, 16439, 16446, 16674, 17758, 17825, 17828, 17851, 17867, 18274, 22459, 22563, 22901, 22937, 22970, 22974, 23060, 23066, 25556, 25646, 25710, 25743, 25922, 25932, 25982, 26031, 26053, 26090, 26153, 26230, 26252, 26262, 26496, 26586, 26706, 26817, 27090, 27421, 27701, 27756, 28127, 28131, 28194, 28366, 28390, 28473, 28507, 28613, 30980, 31360, 31388, 5616, 13410, 13219, 14982, 25358], "label": "shelf"}, {"objectId": 7, "id": 7, "partId": 7, "index": 7, "dominantNormal": [0.16558179259300232, -0.9861960411071777, -2.1897951032627322e-16], "obb": {"axesLengths": [3.8225155141339897, 2.619999946206808, 0.3207319876529372], "centroid": [-0.6261913783968284, 2.8938419982879777, -0.06000008113682287], "normalizedAxes": [0.9861960411071777, 0.16558179259300232, 3.6766543719091675e-17, 0, -2.220446049250313e-16, 1, 0.16558179259300232, -0.9861960411071777, -2.1897951032627322e-16]}, "segments": [8056, 7328, 11728, 22291, 14224, 3016, 4708, 4698, 4455, 25172, 4062, 25112, 4419, 4059, 15006, 18999, 18937, 3765, 4068, 4198, 4405, 4431, 4468, 4501, 8838, 17393, 18302, 18997, 19021, 19044, 20135, 22761, 22764, 25028, 25126, 25137, 25139, 25142, 25201, 27878, 29354, 15530, 19009, 23765, 4280, 2593], "label": "wall"}, {"objectId": 8, "id": 8, "partId": 8, "index": 8, "dominantNormal": [0.19543777406215668, -0.9807161092758179, -2.177627210277628e-16], "obb": {"axesLengths": [1.4067501193739904, 1.259799944017828, 0.3643608225058182], "centroid": [-2.126000542372999, 2.6169912073050963, -0.7399000490479177],