{"segGroups": [{"objectId": 3, "id": 3, "partId": 3, "index": 0, "dominantNormal": [0.015610597096383572, -0.9998781681060791, -2.2201755281027837e-16], "obb": {"axesLengths": [2.4004490634217395, 2.5377799897392084, 0.1446819677673909], "centroid": [-0.090342468088217, 2.2551467064685156, -0.07889003316559018], "normalizedAxes": [0.9998781681060791, 0.015610596165060997, 3.466248658115178e-18, 0, -2.220446049250313e-16, 1, 0.015610596165060997, -0.9998781681060791, -2.2201755281027837e-16]}, "segments": [245, 8696, 8646, 5139, 13248, 374, 4822, 10200, 2850], "label": "wall"}, {"objectId": 4, "id": 4, "partId": 4, "index": 1, "dominantNormal": [0.9998457431793213, -0.017564166337251663, -3.90002837519258e-18], "obb": {"axesLengths": [0.9480738714215993, 2.5799999852478495, 0.19834309623801766], "centroid": [1.090286857959102, 1.8161649356779033, -0.040000089481473156], "normalizedAxes": [0.017564166337251663, 0.9998457431793213, 2.220103530302267e-16, 0, -2.220446049250313e-16, 1, 0.9998457431793213, -0.017564166337251663, -3.90002837519258e-18]}, "segments": [6271, 9826, 8680, 13949, 9639, 13641, 7067, 10552], "label": "wall"}, {"objectId": 6, "id": 6, "partId": 6, "index": 2, "dominantNormal": [0, -2.220446049250313e-16, 1], "obb": {"axesLengths": [2.340697097614732, 0.9399999468028553, 1.2512976250301315], "centroid": [0.02491415033940106, 1.6935093612265366, -0.940000030621887], "normalizedAxes": [0.9867874383926392, -0.16202017664909363, -3.597570611393178e-17, 0, -2.220446049250313e-16, 1, -0.16202017664909363, -0.9867874383926392, -2.1911082690287723e-16]}, "segments": [691, 4574, 11517, 14124, 2429, 5615, 12396, 728, 2102, 2222, 2249, 2264, 2276, 2578, 3109, 3253, 4329, 4403, 5127, 5531, 5886, 6163, 9977, 10013, 11514, 14050, 2239, 4294, 4405, 5073, 5272, 5583, 6011, 6056, 6384, 6483, 6487, 6512, 6544, 6591, 6594, 6937, 8161, 9412, 9493, 9512, 9540, 12310, 12672, 12685, 12736, 13470, 13472, 13477, 13485, 13487, 13492, 13493, 13495, 13502, 13697, 13704, 14126, 6636, 8553, 6931, 5327, 12754, 6898, 13533, 6449], "label": "bed"}, {"objectId": 10, "id": 10, "partId": 10, "index": 4, "dominantNormal": [0.9678754806518555, -0.2514300048351288, -5.582867608991488e-17], "obb": {"axesLengths": [0.7322757580361375, 0.4300219767535779, 0.25852592075361874], "centroid": [1.1030524222940583, 1.9020133607475456, 0.10501092251365596], "normalizedAxes": [0.2514300048351288, 0.9678754806518555, 2.1491152871796603e-16, 0, -2.220446049250313e-16, 1, 0.9678754806518555, -0.2514300048351288, -5.582867608991488e-17]}, "segments": [8909, 12957, 7403, 9919, 9849, 7344, 7350, 7372, 7801, 8835, 8877, 8940, 9013, 9027, 9058, 9820, 9861, 9872, 9939, 12777, 12791, 12794, 12797, 12944, 12946, 12970, 12973, 12977, 13318, 13352, 13753, 13771, 14002, 14012, 14016, 8872], "label": "shelf"}, {"objectId": 11, "id": 11, "partId": 11, "index": 5, "dominantNormal": [0.9993422627449036, -0.03626418858766556, -8.052267427875028e-18], "obb": {"axesLengths": [0.8861792071439385, 0.4400000175833696, 0.20250050212385676], "centroid": [0.9951153601333225, 1.856110158743343, 0.6899999281764022], "normalizedAxes": [0.03626418486237526, 0.9993422627449036, 2.2189855791607895e-16, 0, -2.220446049250313e-16, 1, 0.9993422627449036, -0.03626418486237526, -8.052266600694415e-18]}, "segments": [8142, 9706, 12980, 13040, 10669, 9976, 8081, 8329, 9435, 9956, 9968, 9973, 10011], "label": "shelf"}, {"objectId": 12, "id": 12, "partId": 12, "index": 6, "dominantNormal": [0, -2.220446049250313e-16, 1], "obb": {"axesLengths": [0.4068713245060551, 0.24915196934747724, 0.3702268148194263], "centroid": [0.07975907952540642, 1.7919588216505196, 0.5994069200141645], "normalizedAxes": [-0.5669519901275635, 0.8237508535385132, 1.829094328306165e-16, 0, -2.220446049250313e-16, 1, 0.8237508535385132, 0.5669519901275635, 1.2588863065933508e-16]}, "segments": [4462, 5228, 2059, 14091, 10366, 10385, 2151, 10303, 2128, 14076], "label": "lamp"}, {"objectId": 14, "id": 14, "partId": 14, "index": 7, "dominantNormal": [0, -2.220446049250313e-16, 1], "obb": {"axesLengths": [0.40793751312514076, 0.2511800471429515, 0.40810496594957596], "centroid": [-0.3306441295926949, 1.8059235077963174, 0.6878499141816046], "normalizedAxes": [0.26108866930007935, 0.9653148055076599, 2.1434294461723178e-16, 0, -2.220446049250313e-16, 1, 0.9653148055076599, -0.26108866930007935, -5.797333042513827e-17]}, "segments": [1018, 2113, 2111, 2056, 2977, 1503, 1608], "label": "lamp"}, {"objectId": 16, "id": 16, "partId": 16, "index": 9, "dominantNormal": [0.9519833326339722, 0.30614978075027466, 6.797890711457969e-17], "obb": {"axesLengths": [0.1920377360816883, 0.2504092994985885, 0.0826901604809034], "centroid": [-0.9189625434562022, 2.15020585271915, -0.10479541820000104], "normalizedAxes": [-0.30614978075027466, 0.9519833326339722, 2.1138276298992501e-16, 0, -2.220446049250313e-16, 1, 0.9519833326339722, 0.30614978075027466, 6.797890711457969e-17]}, "segments": [12282, 2907, 2941], "label": "lamp"}, {"objectId": 19, "id": 19, "partId": 19, "index": 11, "dominantNormal": [0, -2.220446049250313e-16, 1], "obb": {"axesLengths": [1.1154833275098568, 0.22830599036128815, 0.9653581108099123], "centroid": [-0.7239535218163383, 1.777289564135387, -0.6206000699713826], "normalizedAxes": [0.5629215836524963, 0.8265103101730347, 1.8352215528883657e-16, 0, -2.220446049250313e-16, 1, 0.8265103101730347, -0.5629215836524963, -1.249937006458915e-16]}, "segments": [1193, 1192], "label": "pillow"}, {"objectId": 20, "id": 20, "partId": 20, "index": 12, "dominantNormal": [0, -2.220446049250313e-16, 1], "obb": {"axesLengths": [0.5347706222791774, 0.21776702513321422, 0.45387486765388596], "centroid": [-0.25219810418740046, 1.6875751369470937, -0.5611165580648969], "normalizedAxes": [-0.3813890814781189, 0.9244146347045898, 2.0526128234989779e-16, 0, -2.220446049250313e-16, 1, 0.9244146347045898, 0.3813890814781189, 8.468538791952949e-17]}, "segments": [4399, 10745, 4544, 4420, 12361, 4336, 3841], "label": "pillow"}, {"objectId": 21, "id": 21, "partId": 21, "index": 13, "dominantNormal": [0, -2.220446049250313e-16, 1], "obb": {"axesLengths": [1.4344100006763725, 0.17874395447796662, 1.0662543462478862], "centroid": [0.4333876181015629, 1.8284741791985262, -0.6806280553945604], "normalizedAxes": [0.9881222248077393, 0.1536700427532196, 3.412160393195132e-17, 0, -2.220446049250313e-16, 1, 0.1536700427532196, -0.9881222248077393, -2.1940720902507743e-16]}, "segments": [12836, 6676, 8152, 9382, 10466, 12862, 13515, 12671, 7577, 4882], "label": "blanket"}, {"objectId": 1, "id": 1, "partId": 1, "index": 14, "dominantNormal": [0, -2.220446049250313e-16, 1], "obb": {"axesLengths": [3.486722086253421, 0.37999998673796664, 1.1480038716787635], "centroid": [-0.12614970576691614, 1.500113627195195, -1.4000000733882183], "normalizedAxes": [0.988251805305481, -0.1528344750404358, -3.3936070629278124e-17, 0, -2.220446049250313e-16, 1, -0.1528344750404358, -0.988251805305481, -2.1943598167550448e-16]}, "segments": [6157, 6122, 6078, 5730, 5738, 6204, 12641, 9348, 5836, 12521, 5784, 2460, 3046, 2697], "label": "floor"}], "scan_id": "6a36054b-fa53-2915-946e-4ec15f811f6e", "annId": "4514", "appId": "stk.v1"}