{"segGroups": [{"objectId": 1, "id": 1, "partId": 1, "index": 0, "dominantNormal": [0, -2.220446049250313e-16, 1], "obb": {"axesLengths": [5.198294666431388, 0.25999998465180446, 2.4103570803724756], "centroid": [-1.7535592278056615, 1.2961299259943706, -1.480000017657876], "normalizedAxes": [0.9408124685287476, -0.3389275372028351, -7.525703109641737e-17, 0, -2.220446049250313e-16, 1, -0.3389275372028351, -0.9408124685287476, -2.089023328830092e-16]}, "segments": [3684, 2677, 8606, 3961, 501, 3044, 3071, 3767, 3956, 3995, 4003, 4896, 4904, 4911, 4954, 7029, 7054, 7092, 7094, 7125, 7131, 7133, 7134, 7138, 15094, 15776, 7119, 7309, 13831, 13815, 14011, 12237, 13438, 5973, 5207, 5946, 4033, 5311, 209, 4266, 4268, 4277, 4313, 4317, 4323, 4335, 4339, 4360, 4640, 4859, 4876, 4878, 4893, 4958, 4989, 5005, 5009, 5125, 5225, 5237, 5249, 6525, 6532, 6556, 6561, 7372, 7381, 7387, 7404, 8158, 8230, 8329, 11945, 11966, 11994, 11998, 12009, 12011, 12054, 12079, 12098, 12118, 12132, 12153, 12166, 12196, 12308, 12311, 13334, 13399, 13453, 13632, 13798, 13801, 13859, 13899, 13979, 14061, 14088, 14364, 14382, 14415, 14430, 14470, 14500, 14522, 14564, 14569, 14622, 14626, 14629, 14630, 14643, 14648, 14788, 14791, 14794, 14798, 14800, 14802, 14827, 17737, 17742, 17776, 17865, 17878, 18252, 18253, 18256, 18259, 18262, 18434, 18494, 18513, 18528, 18708, 18716, 18719, 7358, 7284, 8222, 7286, 7318, 7329, 7362, 14450, 15345, 15350, 15823, 15828, 8570, 6777, 5149, 14635, 18522, 4662, 6479, 18230, 6493, 14010], "label": "floor"}, {"objectId": 2, "id": 2, "partId": 2, "index": 1, "dominantNormal": [-0.26535728573799133, -0.9641501307487488, -2.140843348705232e-16], "obb": {"axesLengths": [4.5193777367685986, 1.5799999982863657, 0.488861665109092], "centroid": [-1.5516803683993572, 2.2368296264547847, -0.8000000303611159], "normalizedAxes": [0.9641501307487488, -0.26535728573799133, -5.892115367567093e-17, 0, -2.220446049250313e-16, 1, -0.26535728573799133, -0.9641501307487488, -2.140843348705232e-16]}, "segments": [925, 6537, 5499, 16970, 16880, 3260, 769, 208, 16958, 3129, 3130, 3569, 1781, 16224, 106, 3076, 14158, 3700, 1945, 1808, 6584, 15689, 15702, 861, 1981, 1868, 15262, 4252, 10578, 10610, 8709, 13602, 14665, 5596], "label": "wall"}, {"objectId": 4, "id": 4, "partId": 4, "index": 2, "dominantNormal": [0.9657399654388428, 0.25951170921325684, 5.762317494567722e-17], "obb": {"axesLengths": [0.6432073519799067, 1.0948039644627872, 0.3859469248707359], "centroid": [0.6279019837263302, 1.4315622122429097, -0.9357279944629676], "normalizedAxes": [-0.25951170921325684, 0.9657399654388428, 2.1443734908618123e-16, 0, -2.220446049250313e-16, 1, 0.9657399654388428, 0.25951170921325684, 5.762317494567722e-17]}, "segments": [17681, 15362, 16628, 5253, 6229, 1941, 1971, 2018, 5120, 5161, 5286, 9477, 14987, 14988, 15353, 15356, 15369, 15370, 15391, 15398, 15419, 15425, 15432, 5927, 1872, 1921, 1933, 2076, 14969, 17703, 17728, 11118], "label": "cabinet"}, {"objectId": 5, "id": 5, "partId": 5, "index": 3, "dominantNormal": [-0.3372560143470764, -0.9414129853248596, -2.0903567439775275e-16], "obb": {"axesLengths": [1.6657159198174223, 1.1333400055764606, 0.8799208003729125], "centroid": [-0.39723983982617694, 1.6390135171406177, -0.9166700206696244], "normalizedAxes": [0.9414129853248596, -0.33725598454475403, -7.488587184684237e-17, 0, -2.220446049250313e-16, 1, -0.33725598454475403, -0.9414129853248596, -2.0903567439775275e-16]}, "segments": [4122, 6388, 3792, 17158, 3778, 4104, 4205, 4209, 4215, 5763, 5764, 5823, 5841, 5870, 5878, 5881, 7413, 8255, 8441, 10090, 10517, 15445, 15547, 15945, 16028, 17172, 17412, 8514, 5652, 6831, 10838, 1334, 1544, 6392, 1585, 1617, 3857, 5386, 5890, 6978, 7561, 8253, 15443, 15989, 16148, 17422, 8853, 2887, 9840, 8478, 6956, 16106, 16126, 9187, 15652, 6265, 5733, 3622, 3283, 5428, 16021, 16550, 7887, 2842, 6721, 15996, 9887], "label": "armchair"}, {"objectId": 6, "id": 6, "partId": 6, "index": 4, "dominantNormal": [-0.31403231620788574, -0.9494122862815857, -2.1081187601836542e-16], "obb": {"axesLengths": [0.8515810465274051, 0.14000000305473792, 0.13839138896033568], "centroid": [-0.43598355656163235, 2.0285564956929196, -0.0800000327453021], "normalizedAxes": [0.9494122862815857, -0.31403231620788574, -6.97291815860725e-17, 0, -2.220446049250313e-16, 1, -0.31403231620788574, -0.9494122862815857, -2.1081187601836542e-16]}, "segments": [5506, 5545, 9896, 2753, 9933, 17064, 9923, 9919], "label": "wall frame"}, {"objectId": 7, "id": 7, "partId": 7, "index": 5, "dominantNormal": [0.9623053073883057, -0.2719714045524597, -6.038978307475678e-17], "obb": {"axesLengths": [1.521183806705152, 0.8841640155576758, 0.8060605669920262], "centroid": [-1.8259658561941583, 1.1857244915333889, -1.0507580421695557], "normalizedAxes": [0.2719714343547821, 0.9623053073883057, 2.1367470179629714e-16, 0, -2.220446049250313e-16, 1, 0.9623053073883057, -0.2719714343547821, -6.038978969220168e-17]}, "segments": [10290, 9397, 10627, 12780, 12855, 13004, 13042, 13047, 13054, 13197, 13279, 13290, 13293, 13691, 13742, 16168, 16654, 16659, 16671, 16673, 16748, 16780, 16787, 17267, 18264, 18274, 18281, 596, 1012, 11710, 11715, 11750, 11796, 11830, 18725, 6114, 11139, 11348, 742, 11611, 11615, 11929, 11931, 11935, 11965, 12012, 13839, 15716, 15717, 16157, 17004, 18358, 18946, 6026, 6104, 8616, 10022, 30, 413, 473, 511, 14209, 17260, 19012, 1120, 12641, 738, 4634, 17269, 12807, 5634, 14957, 7706, 5519, 7698, 16625, 16973, 17272, 17293, 17278, 10726, 6128], "label": "armchair"}, {"objectId": 8, "id": 8, "partId": 8, "index": 6, "dominantNormal": [0.9472026824951172, -0.32063543796539307, -7.119536914799009e-17], "obb": {"axesLengths": [1.5190823726111584, 0.657617971503333, 0.6399574549341392], "centroid": [-2.456620476526788, 1.4331569494920744, -1.1786309831895463], "normalizedAxes": [0.32063543796539307, 0.9472026824951172, 2.1032124541855816e-16, 0, -2.220446049250313e-16, 1, 0.9472026824951172, -0.32063543796539307, -7.119536914799009e-17]}, "segments": [8085, 8303, 15118, 3720, 12140, 4312, 4563, 6044, 6141, 6350, 15041, 15066, 105, 12296, 12352, 7675, 1577, 810], "label": "bench"}, {"objectId": 9, "id": 9, "partId": 9, "index": 7, "dominantNormal": [0, -2.220446049250313e-16, 1], "obb": {"axesLengths": [0.5120467276970939, 0.3154239584038267, 0.4182374167384723], "centroid": [-2.001041660523873, 0.7832446220404428, -0.8479780085836803], "normalizedAxes": [-0.3056778609752655, 0.9521349668502808, 2.1141643254957837e-16, 0, -2.220446049250313e-16, 1, 0.9521349668502808, 0.3056778609752655, 6.787411987458147e-17]}, "segments": [673, 16979, 641, 14919, 11983], "label": "cushion"}, {"objectId": 10, "id": 10, "partId": 10, "index": 8, "dominantNormal": [0, -2.220446049250313e-16, 1], "obb": {"axesLengths": [0.541930065483028, 0.2619099558462956, 0.3250848540229549], "centroid": [-1.6267177824993349, 1.5545395528120887, -0.9009549733037886], "normalizedAxes": [0.946258008480072, 0.32341262698173523, 7.181202898592592e-17, 0, -2.220446049250313e-16, 1, 0.32341262698173523, -0.946258008480072, -2.1011148565010452e-16]}, "segments": [14940, 14935, 1046, 10807, 10418, 10428, 10791], "label": "cushion"}, {"objectId": 11, "id": 11, "partId": 11, "index": 9, "dominantNormal": [0, -2.220446049250313e-16, 1], "obb": {"axesLengths": [0.5701464998048857, 0.19965904504822843, 0.44224802834607574], "centroid": [-0.45405080510277984, 1.6211450762383253, -0.870170516069893], "normalizedAxes": [0.03337898850440979, 0.9994427561759949, 2.2192087194028318e-16, 0, -2.220446049250313e-16, 1, 0.9994427561759949, -0.03337898850440979, -7.411624315258833e-18]}, "segments": [8367, 15924, 7800, 7912, 17539, 8399, 7787], "label": "cushion"}, {"objectId": 16, "id": 16, "partId": 16, "index": 10, "dominantNormal": [-0.5081606507301331, -0.861262321472168, -1.9123865190810285e-16], "obb": {"axesLengths": [0.45136723196244555, 0.7999999493360526, 0.19874815473156546],