{"segGroups": [{"objectId": 1, "id": 1, "partId": 1, "index": 0, "dominantNormal": [0, -2.220446049250313e-16, 1], "obb": {"axesLengths": [5.7877985158886895, 0.315549962620065, 3.9415597981923907], "centroid": [0.48954501415290747, 0.9440108701049201, -1.4877750803191565], "normalizedAxes": [0.9923451542854309, 0.12349525094032288, 2.7421454205161594e-17, 0, -2.220446049250313e-16, 1, 0.12349525094032288, -0.9923451542854309, -2.2034488773257775e-16]}, "segments": [12417, 5646, 14875, 14267, 12, 16, 39, 70, 85, 86, 226, 458, 507, 1578, 1672, 1725, 1751, 1757, 1772, 1776, 1803, 1822, 1844, 2864, 2935, 2957, 3039, 3214, 3223, 3540, 3970, 4295, 4303, 4636, 7227, 7228, 7476, 7523, 9390, 9432, 9977, 10331, 10557, 11278, 11792, 11794, 13458, 14066, 14260, 14845, 14900, 14924, 14968, 15153, 15670, 15676, 15696, 15799, 15802, 16209, 18100, 18878, 19670, 19679, 19691, 19703, 19710, 19759, 19765, 19787, 19792, 19815, 19818, 19900, 19960, 20256, 20480, 20483, 20645, 20815, 21563, 22493, 22495, 22715, 22992, 24354, 24357, 24362, 24553], "label": "floor"}, {"objectId": 2, "id": 2, "partId": 2, "index": 1, "dominantNormal": [0, -2.220446049250313e-16, 1], "obb": {"axesLengths": [0.8726451980062656, 0.6902350033022085, 0.8691854173818437], "centroid": [1.7146077478983903, 1.5633950915904773, -1.2111825934442295], "normalizedAxes": [0.836982250213623, 0.547230064868927, 1.2150948355692015e-16, 0, -2.220446049250313e-16, 1, 0.547230064868927, -0.836982250213623, -1.8584739307794763e-16]}, "segments": [14804, 16225, 14323, 11450, 15186, 4972, 9308, 13839, 15959, 22168, 22703, 22709, 23165, 11488, 16190, 16186, 5022, 9312, 9315, 15815, 17159, 19967, 21506, 21508, 10939, 4980, 5001, 10961, 10965, 10966, 15806, 21510, 21700], "label": "armchair"}, {"objectId": 3, "id": 3, "partId": 3, "index": 2, "dominantNormal": [0, -2.220446049250313e-16, 1], "obb": {"axesLengths": [0.795186743096177, 0.6831160035032924, 0.7894868985099143], "centroid": [0.6211788922955053, 1.1329560311631146, -1.2091020635625256], "normalizedAxes": [0.9283594489097595, -0.37168359756469727, -8.253033757836753e-17, 0, -2.220446049250313e-16, 1, -0.37168359756469727, -0.9283594489097595, -2.0613720706158734e-16]}, "segments": [24172, 15994, 1372, 1431, 20470, 18991, 12286, 16010, 16156, 18758, 18924, 19333, 19346, 24108, 18966, 3832, 12153, 15991, 23962, 3851, 19166, 2430, 2463, 2476, 12296, 18671, 18789, 19193, 19207, 20485, 23960, 23980, 23982, 24014, 24140, 16357], "label": "armchair"}, {"objectId": 4, "id": 4, "partId": 4, "index": 3, "dominantNormal": [0, -2.220446049250313e-16, 1], "obb": {"axesLengths": [0.8693445386465845, 0.6931989634067047, 0.8960952590689467], "centroid": [2.440057902103399, 0.7924972685902314, -1.2161305239080518], "normalizedAxes": [-0.584674060344696, 0.8112682700157166, 1.801377425038534e-16, 0, -2.220446049250313e-16, 1, 0.8112682700157166, 0.584674060344696, 1.2982372073915195e-16]}, "segments": [10797, 23434, 23515, 8552, 5752, 5817, 868, 6846, 9813, 9919, 9920, 9927, 12017, 12472, 13151, 15377, 17317, 17346, 19990, 19994, 22025, 7308, 464, 21659, 9784, 10749, 13245, 16555, 10006, 12434, 12436, 19997, 23105, 17386], "label": "armchair"}, {"objectId": 5, "id": 5, "partId": 5, "index": 4, "dominantNormal": [0, -2.220446049250313e-16, 1], "obb": {"axesLengths": [1.0714896330365953, 0.6955769502615118, 0.8754250476776889], "centroid": [1.7808133015605283, -0.11834863008003915, -1.2095015338828814], "normalizedAxes": [0.9712789058685303, -0.23794379830360413, -5.283413668868511e-17, 0, -2.220446049250313e-16, 1, -0.23794379830360413, -0.9712789058685303, -2.1566724092559448e-16]}, "segments": [4718, 5004, 973, 23138, 3298, 6348, 20579, 1621, 3831, 3850, 4286, 4296, 5660, 6051, 20554, 21354, 12239, 1252, 4867, 5639, 12119, 12127, 1495, 5650, 9944, 14070, 14002, 5603, 1413, 5560, 5576, 7218, 7238, 7273, 7438, 7442, 7452, 7530, 7532, 9892, 9896, 14035, 14321, 14526, 14536, 14691, 19982, 20039, 20080, 20117, 20123, 20458, 21136], "label": "armchair"}, {"objectId": 6, "id": 6, "partId": 6, "index": 5, "dominantNormal": [0, -2.220446049250313e-16, 1], "obb": {"axesLengths": [0.885415996538537, 0.6932909929761811, 0.890622835293971], "centroid": [1.0913696890981823, -0.023768595957101457, -1.2139145424741233], "normalizedAxes": [-0.3689556419849396, 0.9294469952583313, 2.0637869086089362e-16, 0, -2.220446049250313e-16, 1, 0.9294469952583313, 0.3689556419849396, 8.19246097594072e-17]}, "segments": [20320, 2676, 8900, 20281, 4945, 22296, 1916, 14608, 18269, 18290, 1565, 1610, 1923, 2078, 2715, 2779, 4725, 19179, 19698, 20135, 20309, 20312, 20313, 20456, 23799, 24497, 20332, 2556, 2771, 7439], "label": "armchair"}, {"objectId": 7, "id": 7, "partId": 7, "index": 6, "dominantNormal": [-0.5998484492301941, -0.8001136183738708, -1.7766091228696342e-16], "obb": {"axesLengths": [1.0203381584173934, 1.1841100189661224, 0.733459706215702], "centroid": [-1.4258326516173399, 1.0023623755136404, -0.9779450936983877], "normalizedAxes": [0.8001136183738708, -0.5998484492301941, -1.3319311192421115e-16, 0, -2.220446049250313e-16, 1, -0.5998484492301941, -0.8001136183738708, -1.7766091228696342e-16]}, "segments": [13761, 13861, 19534, 10878, 23696, 12363, 22498, 10853, 15035, 6626, 11335, 11357, 12897, 12932, 13769, 14980, 14984, 17436, 17438, 17448, 17462, 18148, 18189, 18401, 21775, 21779, 21783, 22242, 22717, 23161, 23162, 23169, 23711, 10799, 18079, 13831, 153, 297, 13795, 13805, 13821, 22247, 137], "label": "armchair"}, {"objectId": 8, "id": 8, "partId": 8, "index": 7, "dominantNormal": [-0.4818592369556427, -0.8762486577033997, -1.9456628701584037e-16], "obb": {"axesLengths": [0.9949327619237839, 0.9420400051316612, 0.8971470749548827], "centroid": [-0.633925197856346, 1.4778622606384204, -1.1189800810950974], "normalizedAxes": [0.8762486577033997, -0.4818592369556427, -1.0699424389929273e-16, 0, -2.220446049250313e-16, 1, -0.4818592369556427, -0.8762486577033997, -1.9456628701584037e-16]}, "segments": [22926, 9673, 16644, 16373, 16418, 11220, 17944, 17857, 10291, 16372, 487, 11863, 16480, 16831, 16876, 16957, 20181, 20185, 22999, 21995, 9620, 10250], "label": "armchair"}, {"objectId": 9, "id": 9, "partId": 9, "index": 8, "dominantNormal": [0, -2.220446049250313e-16, 1], "obb": {"axesLengths": [0.60485420343145, 0.2009500220205629, 0.5684201124676319], "centroid": [-0.5513425195701656, 0.5303361156674234, -1.10952508591268], "normalizedAxes": [0.14990435540676117, 0.9887005090713501, 2.1953561392592527e-16, 0, -2.220446049250313e-16, 1, 0.9887005090713501, -0.14990435540676117, -3.3285453372835765e-17]}, "segments": [7996, 7337, 24272, 24331, 22117, 22127, 10448, 24318, 12800], "label": "table"}, {"objectId": 10, "id": 10, "partId": 10, "index": 9, "dominantNormal": [0.05018746480345726, -0.9987398386001587, -2.2176479288486177e-16], "obb": {"axesLengths": [1.5689389926180142, 1.8862199659745393, 0.6805318458481906], "centroid": [0.21965399828300095, 2.3665253316204904, -0.632740077529548], "normalizedAxes": [0.9987398386001587, 0.05018746480345726, 1.1143855794472581e-17, 0, -2.220446049250313e-16, 1, 0.05018746480345726, -0.9987398386001587, -2.2176479288486177e-16]}, "segments": [23048, 17596, 13252, 12593, 15917, 23304, 13196, 16995, 17592, 22262, 14478, 8657, 9468, 9485, 12609, 12648, 13130, 13166, 13190, 13247, 13319, 13322, 14095, 14107, 14206, 14297, 15089, 15211, 15486, 15538, 15851, 15862, 15871, 15890, 15909, 17024, 17104, 17125, 17182, 17198, 17252, 17273, 17513, 17604, 17623, 17697, 21574, 22138, 22252, 22275, 22750, 22757, 22761, 23307, 14159, 16733, 15623, 1461, 14074, 14383, 14439, 15587, 20244, 21881, 22414, 22422, 22660, 22664, 22667, 22675], "label": "wall"}, {"objectId": 11, "id": 11, "partId": 11, "index": 10, "dominantNormal": [0.29375141859054565, -0.9558818340301514, -2.122484041922393e-16], "obb": {"axesLengths": [0.8388311996063854, 1.1010799757894874, 0.5655854423683703], "centroid": [-2.1532960010409075, 1.4268964580273984, -1.0005400517371283],