{"segGroups": [{"objectId": 1, "id": 1, "partId": 1, "index": 0, "dominantNormal": [0, -2.220446049250313e-16, 1], "obb": {"axesLengths": [3.4901187140861083, 0.2713999687567359, 2.3206239214325577], "centroid": [-0.3741311516531783, 0.9378323923073724, -1.431720073929727], "normalizedAxes": [0.9898210167884827, 0.1423179805278778, 3.1600939760040926e-17, 0, -2.220446049250313e-16, 1, 0.1423179805278778, -0.9898210167884827, -2.1978441661929142e-16]}, "segments": [7208, 3739, 1663, 3092, 197, 1257, 72, 416, 448, 451, 1162, 1167, 1230, 1282, 1442, 1448, 1584, 1728, 1935, 2464, 2506, 2520, 2629, 2849, 2874, 2945, 3027, 3033, 3037, 3116, 5191, 9302, 9318, 9327, 9046, 57, 6431], "label": "floor"}, {"objectId": 2, "id": 2, "partId": 2, "index": 1, "dominantNormal": [0, -2.220446049250313e-16, 1], "obb": {"axesLengths": [1.7118070684323399, 0.13361000716067856, 1.2351460759205422], "centroid": [1.3881886876823484, 1.489217128774749, -1.456805045750626], "normalizedAxes": [-0.4499286115169525, 0.8930644989013672, 1.9830015383112513e-16, 0, -2.220446049250313e-16, 1, 0.8930644989013672, 0.4499286115169525, 9.990422078874961e-17]}, "segments": [5980, 7979, 8225, 9048, 1467, 8784, 10445, 3941, 4116, 4167, 4206, 4511, 8792, 9025, 9060, 11102], "label": "rug"}, {"objectId": 3, "id": 3, "partId": 3, "index": 2, "dominantNormal": [0.7470738291740417, -0.664741039276123, -1.4760216144352146e-16], "obb": {"axesLengths": [1.0007478681242306, 0.9066000378146756, 0.6385063255666615], "centroid": [0.08569919895637992, 0.6931262544781629, -1.02330008655861], "normalizedAxes": [0.664741039276123, 0.7470738291740417, 1.6588371324878043e-16, 0, -2.220446049250313e-16, 1, 0.7470738291740417, -0.664741039276123, -1.4760216144352146e-16]}, "segments": [6474, 2069, 6056, 609, 1067, 1094, 2118, 6490, 7510, 11086, 5247, 9525, 9460, 9511, 5020, 4082, 4641, 497, 958, 964, 974, 4090, 6579, 6587, 8112, 8502, 8658, 9136, 10675, 979, 70, 1902, 10216], "label": "table"}, {"objectId": 4, "id": 4, "partId": 4, "index": 3, "dominantNormal": [0, -2.220446049250313e-16, 1], "obb": {"axesLengths": [2.6303319566552883, 0.9619899177106483, 1.8645732422317758], "centroid": [0.7944193647893271, 2.218390148267107, -1.0309950460271171], "normalizedAxes": [0.9106879830360413, 0.4130948483943939, 9.17254824082989e-17, 0, -2.220446049250313e-16, 1, 0.4130948483943939, -0.9106879830360413, -2.022133534032114e-16]}, "segments": [1865, 2032, 1863, 4685, 2024, 9749, 3152, 10452, 3143, 5667, 3216, 6390, 2529, 6121, 7649, 7707, 10072, 4989, 8639, 8299, 4929, 11351, 8290, 7693, 11117, 4939, 4944, 8588, 5019, 8922, 11100, 5010, 8298, 11115, 8369, 6403, 2233, 900, 4679], "label": "couch"}, {"objectId": 5, "id": 5, "partId": 5, "index": 4, "dominantNormal": [0.9397397637367249, -0.34189051389694214, -7.591494408586244e-17], "obb": {"axesLengths": [0.9871206219763792, 0.6777919975416657, 0.6477029284688378], "centroid": [1.3418865318158395, 1.5889650415634131, -1.146534057784066], "normalizedAxes": [0.34189051389694214, 0.9397398233413696, 2.0866415780615313e-16, 0, -2.220446049250313e-16, 1, 0.9397398233413696, -0.34189051389694214, -7.591494408586244e-17]}, "segments": [4748, 8047, 1126, 1156, 3898, 3962, 4757, 6243, 6244, 6298, 6300, 8094, 9476, 11126, 8818, 8240, 11129, 11261, 11290, 11298, 8236, 3905, 8231, 8243, 11263, 11273, 4779, 11174, 4013, 4021, 7900, 7943, 8529, 8577, 11131, 11133, 6751, 8135, 8426, 3775, 9854, 6636, 8139, 8288, 8621, 11242, 11244, 11247, 11251], "label": "round table"}, {"objectId": 8, "id": 8, "partId": 8, "index": 5, "dominantNormal": [-0.6614511609077454, -0.7499882578849792, -1.6653084642048271e-16], "obb": {"axesLengths": [0.585404983764318, 0.4447950025321168, 0.3292178835338244], "centroid": [0.16460553240982512, 1.8810254063027934, -0.7476025932073033], "normalizedAxes": [0.7499882578849792, -0.6614511609077454, -1.4687166170096363e-16, 0, -2.220446049250313e-16, 1, -0.6614511609077454, -0.7499882578849792, -1.6653084642048271e-16]}, "segments": [10884, 2136, 10711, 2170, 6962, 7172], "label": "cushion"}, {"objectId": 9, "id": 9, "partId": 9, "index": 6, "dominantNormal": [0.9917076230049133, 0.12851445376873016, 2.853594111423389e-17], "obb": {"axesLengths": [0.9509251425334626, 0.48393999448552716, 0.4102626422355858], "centroid": [0.2983951926842129, 2.1523837937474415, -0.7508150450703137], "normalizedAxes": [-0.12851445376873016, 0.9917076230049133, 2.2020332735126787e-16, 0, -2.220446049250313e-16, 1, 0.9917076230049133, 0.12851445376873016, 2.853594111423389e-17]}, "segments": [6000, 5989, 7185], "label": "cushion"}, {"objectId": 10, "id": 10, "partId": 10, "index": 7, "dominantNormal": [0, -2.220446049250313e-16, 1], "obb": {"axesLengths": [1.0928191630961168, 0.4600000278651706, 0.6613404032251579], "centroid": [0.802692161983092, 2.475277937737794, -0.7600000610202556], "normalizedAxes": [0.9488047957420349, 0.3158630132675171, 7.013567799141575e-17, 0, -2.220446049250313e-16, 1, 0.3158630132675171, -0.9488047957420349, -2.1067698602151517e-16]}, "segments": [3571, 7781, 7562, 10826, 4608, 3563, 6561, 7713], "label": "cushion"}, {"objectId": 6, "id": 6, "partId": 6, "index": 8, "dominantNormal": [0.7581395506858826, 0.6520923376083374, 1.4479358547888341e-16], "obb": {"axesLengths": [0.6226229973457397, 0.4484109778312371, 0.32800672946854725], "centroid": [0.11205815921484613, 1.6359665970720605, -0.7657945860372222], "normalizedAxes": [-0.6520923376083374, 0.7581395506858826, 1.6834079701008754e-16, 0, -2.220446049250313e-16, 1, 0.7581395506858826, 0.6520923376083374, 1.4479358547888341e-16]}, "segments": [3405, 7265, 3385, 3142, 1361, 3420, 3423, 6916, 10762], "label": "cushion"}, {"objectId": 11, "id": 11, "partId": 11, "index": 9, "dominantNormal": [0.9838458895683289, -0.17901748418807983, -3.9749866551215226e-17], "obb": {"axesLengths": [2.1507383799948245, 1.2331019662372324, 0.5922027284409885], "centroid": [-0.4428532633417709, 1.4338998027613266, -0.8921290567041419], "normalizedAxes": [0.17901746928691864, 0.9838458895683289, 2.1845767185631556e-16, 0, -2.220446049250313e-16, 1, 0.9838458895683289, -0.17901746928691864, -3.9749863242492776e-17]}, "segments": [9612, 9879, 1980, 1602, 9675, 1271, 1329, 1672, 2360, 2415, 2433, 2649, 2660, 2663, 2683, 2828, 2835, 2876, 2907, 2938, 3006, 3031, 3041, 3656, 3699, 4355, 5562, 5618, 6081, 7787, 8947, 9333, 9335, 9535, 9544, 9548, 9929, 9952, 10176, 8019, 9342, 8017, 434, 7515, 10497, 8981, 5599, 1284, 1301, 4389, 5640, 5746, 5816, 6966, 8606, 9319, 10170, 5507, 3448, 5737, 5449, 9619, 2330, 5588], "label": "table"}, {"objectId": 12, "id": 12, "partId": 12, "index": 10, "dominantNormal": [-0.09053077548742294, 0.995893657207489, 2.2113281366198146e-16], "obb": {"axesLengths": [0.2627248666560488, 0.5748199990059432, 0.2824714264002544], "centroid": [0.0712216633578327, 0.6765609429455617, -0.37741008861191605], "normalizedAxes": [-0.09053077548742294, 0.995893657207489, 2.2113281366198146e-16, 0, -2.220446049250313e-16, 1, 0.995893657207489, 0.09053077548742294, 2.0101870276661536e-17]}, "segments": [11302, 10577, 3330, 4474, 6798, 9963, 10545, 10531, 4473, 6766, 10601, 7113], "label": "statuette"}, {"objectId": 19, "id": 19, "initialPoint": [1.279474181710613, 2.5541296686884065, -0.7938215026022433], "index": 12, "dominantNormal": [0.9233918786048889, 0.3838585615158081, 8.523372263886844e-17], "obb": {"axesLengths": [0.31584493950897874, 0.3005520038183329, 0.2961440355691247], "centroid": [1.2978963993144275, 2.66430691941941, -0.8202760911671219], "normalizedAxes": [-0.3838585615158081, 0.9233918786048889, 2.0503418487580503e-16, 0, -2.220446049250313e-16, 1, 0.9233918786048889, 0.3838585615158081, 8.523372263886844e-17]}, "segments": [10960, 7069, 10991, 6672], "partId": 19, "label": "cushion"}, {"objectId": 20, "id": 20, "initialPoint": [1.4763012499636934, 2.61031062166243, -0.7945602165223531], "index": 13, "dominantNormal": [-0.04763930290937424, -0.9988645911216736, -2.2179249350921495e-16],