{"segGroups": [{"objectId": 5, "id": 5, "partId": 5, "index": 0, "dominantNormal": [0.9994974732398987, 0.03169947490096092, 7.038697380714814e-18], "obb": {"axesLengths": [0.9810777279647951, 1.1936999292589734, 0.4481749385975961], "centroid": [-3.197815738958145, 1.2462463767913494, -0.9668499555397785], "normalizedAxes": [-0.03169947490096092, 0.9994974732398987, 2.2193302156912035e-16, 0, -2.220446049250313e-16, 1, 0.9994974732398987, 0.03169947490096092, 7.038697380714814e-18]}, "segments": [10866, 20276, 20259, 12356, 14471, 14761, 10457, 17153, 20341, 20329, 11535, 20369, 15401, 11478, 11059, 14879, 14747, 6519, 6520, 6774, 6864, 7102, 7209, 8523, 8548, 8562, 8571, 8609, 8623, 8641, 8645, 8647, 8668, 8718, 9049, 9051, 10292, 10385, 10462, 10503, 10504, 10555, 10556, 10695, 10800, 10962, 10981, 10988, 11001, 11046, 11047, 11079, 11223, 11675, 11681, 11714, 11726, 11732, 11735, 12028, 12082, 12097, 13896, 14553, 14577, 14584, 14628, 14671, 14807, 14829, 14848, 14890, 15360, 15365, 15377, 17107, 17119, 17138, 17141, 17184, 17198, 17269, 17385, 17390, 17394, 17403, 17467, 17506, 17509, 17511, 17513, 17602, 17605, 17622, 17944, 19366, 19392, 20284, 20324, 20359, 20361, 20399, 20409, 20506, 20513, 20515, 20518, 20524, 4784, 4773, 6941, 4404, 4561, 4588, 4612, 4673, 6985, 15998, 16002, 16008, 4740, 4696], "label": "cabinet"}, {"objectId": 6, "id": 6, "partId": 6, "index": 1, "dominantNormal": [0, -2.220446049250313e-16, 1], "obb": {"axesLengths": [1.7615142997300768, 0.17628001772731494, 0.8992791558351135], "centroid": [-1.5603535277816434, 0.7097412251178248, -0.7868979937531498], "normalizedAxes": [0.991635262966156, 0.12907175719738007, 2.865968733387182e-17, 0, -2.220446049250313e-16, 1, 0.12907175719738007, -0.991635262966156, -2.2018726019504964e-16]}, "segments": [10674, 16607, 6558, 15834, 15856, 4955, 14903, 15707, 13762, 15167, 14920, 2883], "label": "table"}, {"objectId": 7, "id": 7, "partId": 7, "index": 2, "dominantNormal": [0.9098898768424988, 0.4148499071598053, 9.211518373848488e-17], "obb": {"axesLengths": [0.693484124641349, 1.1443670136250472, 0.6695247214383911], "centroid": [-2.079699657395809, 1.1794617634711715, -1.017816485438872], "normalizedAxes": [-0.4148499071598053, 0.9098898768424988, 2.0203613822877803e-16, 0, -2.220446049250313e-16, 1, 0.9098898768424988, 0.4148499071598053, 9.211518373848488e-17]}, "segments": [15335, 451, 15026, 20828, 1650, 15209, 5656, 16314, 16281, 275, 15675, 448, 274, 295, 433, 472, 500, 1771, 1808, 1811, 1834, 1944, 1949, 1975, 1982, 3036, 4931, 15314, 15329, 15643, 15652, 15654, 15667, 15909, 16027, 16054, 16319, 20647, 20842, 155, 16083, 1813, 4430, 2438, 2449, 2474, 16063, 2488, 2388, 245, 2383, 2417, 2421, 2443, 2481, 2487, 2510, 4435, 4437, 4455, 4463, 4473, 4482, 4492, 4836, 4865, 4876, 4912, 4915, 16022, 16050, 16071, 16343, 16353, 16364, 16368, 16369, 16424, 16462, 16465, 16466], "label": "chair"}, {"objectId": 8, "id": 8, "partId": 8, "index": 3, "dominantNormal": [0.867431104183197, -0.4975573420524597, -1.1047992344358708e-16], "obb": {"axesLengths": [0.7652713356097904, 1.0332069762079343, 0.7117952355793448], "centroid": [-1.097676725340165, 1.2346054827523545, -0.9733964825407453], "normalizedAxes": [0.4975573420524597, 0.867431104183197, 1.9260839682804166e-16, 0, -2.220446049250313e-16, 1, 0.867431104183197, -0.4975573420524597, -1.1047992344358708e-16]}, "segments": [2059, 7345, 6347, 15431, 1303, 1669, 3640, 16265, 18432, 18427, 12722, 6411, 12253, 12230, 6417, 6445, 6455, 10664, 10713, 12238, 12259, 12260, 12430, 12440, 16597, 17486, 17896, 17903, 17908, 17912, 17958, 17978, 18016, 19801, 1803, 1844, 1167, 4948, 6379, 7379, 12574, 12676, 12747, 12785, 14053, 14161, 14343, 14346, 16596, 16608, 17976, 18336, 18423, 18446], "label": "chair"}, {"objectId": 9, "id": 9, "partId": 9, "index": 4, "dominantNormal": [0.4734093248844147, 0.8808425664901733, 1.9558633967746116e-16], "obb": {"axesLengths": [0.724698454788237, 1.0714159666430358, 0.7806572910893891], "centroid": [-0.6184855438353085, 0.910684057032571, -0.974291967802674], "normalizedAxes": [0.4734093248844147, 0.8808425664901733, 1.9558633967746116e-16, 0, -2.220446049250313e-16, 1, 0.8808425664901733, -0.4734093248844147, -1.0511798651178565e-16]}, "segments": [11441, 11451, 10900, 10333, 11766, 11598, 11424, 5485, 5523, 16635, 6585, 6563, 5549, 6597, 6612, 6621, 10785, 11756, 11814, 16513, 17805, 11564], "label": "chair"}, {"objectId": 10, "id": 10, "partId": 10, "index": 5, "dominantNormal": [0.7709280848503113, -0.6369222402572632, -1.4142514720588987e-16], "obb": {"axesLengths": [0.751931933293404, 1.0651210010397205, 0.7377479326119627], "centroid": [-0.965526554705301, 0.33081257211137033, -0.9752594703750426], "normalizedAxes": [0.6369222402572632, 0.7709280252456665, 1.7118040879130858e-16, 0, -2.220446049250313e-16, 1, 0.7709280252456665, -0.6369222402572632, -1.4142514720588987e-16]}, "segments": [12959, 2050, 14366, 20112, 20188, 16257, 1620, 3318, 10285, 10376, 10890, 12864, 12976, 13850, 13878, 13883, 16249, 17447, 18503, 19782, 20230, 20240, 20243, 10154, 13848, 10361, 17409, 14390, 12913, 18460, 12878], "label": "chair"}, {"objectId": 11, "id": 11, "partId": 11, "index": 6, "dominantNormal": [0.9094838500022888, 0.4157392382621765, 9.231265491175844e-17], "obb": {"axesLengths": [0.61794189781281, 1.0653479457196302, 0.6472014387709087], "centroid": [-1.428915850860027, 0.22572238671147282, -0.9736259604180012], "normalizedAxes": [0.9094838500022888, 0.4157392382621765, 9.231265491175844e-17, 0, -2.220446049250313e-16, 1, 0.4157392382621765, -0.9094838500022888, -2.0194598215945466e-16]}, "segments": [1593, 19900, 2642, 3212, 14133, 844, 1383, 2875, 3127, 10081, 10086, 12540, 12885, 14131, 14164, 14272, 14389, 16130, 16132, 18462, 18465, 19968, 19996, 20155, 20203, 20208, 20212, 21, 3102, 2963], "label": "chair"}, {"objectId": 12, "id": 12, "partId": 12, "index": 7, "dominantNormal": [0.7696924805641174, -0.6384148001670837, -1.4175656208139292e-16], "obb": {"axesLengths": [0.7478418488048673, 1.0918299609758708, 0.7505725230712641], "centroid": [-1.9631412043154788, 0.18603099088563224, -0.9840849511157355], "normalizedAxes": [0.7696924805641174, -0.6384148001670837, -1.4175656208139292e-16, 0, -2.220446049250313e-16, 1, -0.6384148001670837, -0.7696924805641174, -1.709060627606268e-16]}, "segments": [876, 1064, 9355, 57, 9363, 18186, 18314, 12629, 1219, 18266, 35, 959, 995, 1121, 1168, 1196, 1227, 1237, 1330, 1510, 1514, 1558, 2335, 2696, 2726, 2931, 2936, 9348, 15769, 15770, 15772, 15778, 15791, 15868, 15949, 16194, 1175, 885, 1017, 2094, 2130, 2308, 9591, 12535, 15934, 16222, 16183, 2332], "label": "chair"}, {"objectId": 14, "id": 14, "partId": 14, "index": 9, "dominantNormal": [0.6884885430335999, -0.7252472043037415, -1.6103722895260774e-16], "obb": {"axesLengths": [0.8614065102813998, 1.0394709771989807, 0.6460620234257219], "centroid": [-1.4850820778744511, 1.326158914423758, -0.9702644820452221], "normalizedAxes": [0.7252472043037415, 0.6884885430335999, 1.528751665333061e-16, 0, -2.220446049250313e-16, 1, 0.6884885430335999, -0.7252472043037415, -1.6103722895260774e-16]}, "segments": [2031, 20792, 15269, 2688, 225, 1655, 2603, 2993, 14507, 1965, 1995, 2064, 3029, 13995, 15732, 15875, 19797, 20774, 20839, 4714, 17469, 16455, 4721, 4722], "label": "chair"}, {"objectId": 17, "id": 17, "partId": 17, "index": 10, "dominantNormal": [0.9938247203826904, 0.11096131056547165, 2.4638360366473855e-17], "obb": {"axesLengths": [0.4962450381753934, 1.0755079744270144, 0.30492689206708334], "centroid": [0.4140034641480197, 0.8173557072010341, -0.9788459860791413], "normalizedAxes": [-0.11096131801605225, 0.9938247203826904, 2.206734174021042e-16, 0, -2.220446049250313e-16, 1, 0.9938247203826904, 0.11096131801605225, 2.463836202083508e-17]}, "segments": [7148, 3959, 6270, 6284, 7129, 16594, 7127, 3988, 3369, 5080, 5198, 16489, 16495, 5019, 5036, 5045, 17429, 10225, 3392, 6180, 6236, 6289, 16508, 3396, 3928],