{"segGroups": [{"objectId": 1, "id": 1, "partId": 1, "index": 0, "dominantNormal": [0, -2.220446049250313e-16, 1], "obb": {"axesLengths": [5.779624231820765, 0.32286988967202834, 4.761841870919463], "centroid": [0.47942934805060655, 2.36369331316017, -1.3885650603793935], "normalizedAxes": [0.9581841826438904, -0.2861521244049072, -6.353853541194603e-17, 0, -2.220446049250313e-16, 1, -0.2861521244049072, -0.9581841826438904, -2.1275962828057668e-16]}, "segments": [8463, 11806, 13491, 14796, 18912, 32422, 18964, 9052, 328, 345, 357, 370, 418, 461, 467, 620, 722, 727, 737, 781, 818, 868, 890, 891, 897, 900, 909, 925, 948, 950, 964, 966, 981, 987, 993, 1011, 1061, 1268, 1324, 1328, 1447, 1503, 1521, 1571, 1584, 1599, 1717, 1757, 1765, 1805, 1810, 1829, 1844, 1912, 1953, 1986, 1992, 2039, 2102, 2115, 2129, 2146, 2220, 2270, 2386, 2411, 2538, 2571, 2616, 3968, 3971, 4351, 4357, 4368, 4386, 4395, 5953, 5972, 6032, 6038, 6134, 6135, 6583, 6598, 7301, 7302, 7654, 9455, 9463, 9470, 9487, 9496, 9559, 9576, 9602, 9644, 9666, 9751, 9752, 9766, 9830, 9842, 9849, 9860, 9868, 9900, 10153, 10162, 10178, 10207, 10219, 10235, 10244, 10263, 10267, 10296, 10308, 10318, 10326, 10334, 10347, 10349, 10378, 10392, 10397, 10405, 10406, 10425, 10427, 10445, 10475, 10613, 10665, 10678, 10695, 10989, 11000, 11071, 11110, 11159, 11169, 11712, 11720, 11729, 11761, 11782, 11791, 11814, 11864, 12447, 12830, 12849, 12867, 12876, 12911, 12940, 12944, 12953, 12971, 12989, 13021, 13052, 13054, 13095, 13202, 13291, 13297, 13298, 13318, 13697, 13770, 13776, 13825, 13834, 13841, 14951, 15223, 15261, 15294, 15305, 15313, 15333, 15349, 15369, 15375, 15384, 15395, 15413, 15452, 15472, 15477, 15485, 15489, 15492, 15507, 15559, 15590, 15619, 15693, 15729, 15772, 15785, 15947, 15965, 16411, 16426, 16442, 16450, 16461, 16508, 16598, 16631, 16647, 16903, 17041, 17067, 17616, 17623, 17628, 17636, 17643, 17647, 17650, 17653, 17664, 17678, 17679, 17686, 17692, 17716, 17736, 17957, 18015, 18031, 18223, 18259, 18612, 18683, 18771, 18796, 18826, 18842, 18888, 18924, 19281, 19292, 19423, 19431, 19546, 19594, 19607, 19702, 19714, 20090, 20254, 20325, 20384, 20400, 20539, 20572, 20919, 21232, 21268, 21312, 21323, 21730, 21860, 21905, 21950, 22038, 22295, 22302, 22364, 22780, 23439, 24007, 24396, 24399, 24450, 24497, 24499, 24501, 24514, 24516, 24518, 24523, 24528, 24542, 24548, 24553, 24555, 24584, 24585, 24589, 24601, 24606, 24608, 24611, 24615, 24727, 24732, 24742, 24776, 24782, 24784, 24786, 24788, 24792, 24795, 24797, 24801, 24805, 24819, 24821, 24823, 24825, 24827, 24866, 24870, 24911, 25199, 25204, 25273, 25280, 25284, 25453, 25614, 25864, 25865, 25870, 25887, 25890, 25894, 25899, 25904, 25914, 25949, 25954, 25956, 25957, 25960, 25963, 26108, 26114, 26125, 26145, 26149, 26159, 26164, 26170, 26179, 26196, 26350, 26353, 26459, 27080, 27082, 27121, 27381, 27384, 27389, 27471, 27474, 27769, 27966, 27968, 27970, 27974, 27976, 27979, 27982, 27983, 27988, 28104, 28254, 28695, 28746, 28770, 28929, 28959, 28966, 29132, 29137, 29145, 29149, 30156, 30158, 30662, 30680, 30684, 30690, 30772, 30777, 30908, 31818, 31901, 32037, 32614, 32647, 1897, 642, 20253, 19221, 20115, 798, 20121, 1376, 12857, 28077, 11197, 28158, 9589, 27418, 78, 99, 136, 144, 191, 236, 246, 258, 404, 490, 567, 580, 613, 721, 734, 752, 863, 1062, 1067, 1140, 1199, 1552, 1560, 1638, 1654, 1681, 1706, 1713, 1727, 1916, 2126, 2171, 2276, 2314, 2330, 2335, 2366, 4379, 6301, 6305, 9807, 9843, 9948, 9975, 9985, 9991, 10016, 10252, 10322, 10449, 10463, 12856, 12985, 13037, 13066, 13070, 13073, 13075, 13115, 13136, 13155, 13339, 13353, 15579, 15602, 15606, 16873, 18515, 18545, 18547, 18564, 18568, 19318, 19331, 20085, 20222, 20232, 20321, 20365, 20425, 20435, 20439, 21751, 21753, 21851, 22321, 23107, 23109, 23544, 24465, 24471, 24475, 24488, 24590, 24621, 24630, 24816, 25919, 25925, 25930, 25934, 25941, 25943, 25946, 26138, 26154, 27189, 27192, 27196, 27203, 27205, 27206, 27300, 28001, 28008, 28097, 28962, 30671, 30672, 30677, 30725, 30726, 30783, 30816, 30823, 30826, 30923, 32478, 32788, 4194, 32859, 22337, 22672, 8184], "label": "floor"}, {"objectId": 2, "id": 2, "partId": 2, "index": 1, "dominantNormal": [0.9346771240234375, 0.3554978668689728, 7.893638340061244e-17], "obb": {"axesLengths": [0.9820174238295729, 0.9155809376631463, 0.7274043867242361], "centroid": [1.1038645416220914, 1.594735182984377, -0.9149895534294219], "normalizedAxes": [-0.3554978668689728, 0.9346771240234375, 2.0754001273624867e-16, 0, -2.220446049250313e-16, 1, 0.9346771240234375, 0.3554978668689728, 7.893638340061244e-17]}, "segments": [7056, 9376, 13864, 27275, 13208, 13171, 13980, 7058, 5319, 5313, 2988, 6236, 9443, 3271, 27235, 9287], "label": "armchair"}, {"objectId": 3, "id": 3, "partId": 3, "index": 2, "dominantNormal": [-0.6530561447143555, -0.7573094964027405, -1.6815648793472093e-16], "obb": {"axesLengths": [0.9597308184024205, 0.9096160029705758, 0.7237609995889395], "centroid": [0.5931846550642513, 1.115763414547994, -0.9151120707740193], "normalizedAxes": [0.7573094964027405, -0.6530561447143555, -1.4500759364696313e-16, 0, -2.220446049250313e-16, 1, -0.6530561447143555, -0.7573094964027405, -1.6815648793472093e-16]}, "segments": [8518, 27844, 25341, 1969, 5337, 24770, 338, 5263, 1938, 411, 24753, 1937, 5295, 444, 452, 4260, 5291, 8192], "label": "armchair"}, {"objectId": 4, "id": 4, "partId": 4, "index": 3, "dominantNormal": [0, -2.220446049250313e-16, 1], "obb": {"axesLengths": [0.6294001576334868, 0.4468589921252651, 0.61193416159732], "centroid": [1.094153050664977, 3.0117362813329596, -1.1557805559237195], "normalizedAxes": [0.9931277632713318, -0.1170353963971138, -2.5987078355241566e-17, 0, -2.220446049250313e-16, 1, -0.1170353963971138, -0.9931277632713318, -2.2051866183566289e-16]}, "segments": [11956, 6497, 308, 26890, 12377, 4702], "label": "ottoman"}, {"objectId": 5, "id": 5, "partId": 5, "index": 4, "dominantNormal": [0, -2.220446049250313e-16, 1], "obb": {"axesLengths": [0.605692651515636, 0.4706399335569156, 0.590008905589632], "centroid": [-0.6840179716922756, 1.0688233755840857, -1.1746800558713086], "normalizedAxes": [-0.0053670513443648815, 0.9999855756759644, 2.220414020816995e-16, 0, -2.220446049250313e-16, 1, 0.9999855756759644, 0.0053670513443648815, 1.1917247953718583e-18]}, "segments": [3322, 24994, 24873, 2863, 2339, 2116, 2800], "label": "ottoman"}, {"objectId": 6, "id": 6, "partId": 6, "index": 5, "dominantNormal": [0, -2.220446049250313e-16, 1], "obb": {"axesLengths": [2.6802239175097387, 0.6240600208030632, 1.2908473607902848], "centroid": [-0.7718312954722852, 2.7868404108878395, -1.0620300811820478], "normalizedAxes": [0.638666033744812, 0.7694840431213379, 1.7085978035099323e-16, 0, -2.220446049250313e-16, 1, 0.7694840431213379, -0.638666033744812, -1.418123471419035e-16]}, "segments": [3224, 1997, 2005, 4965, 27897, 27954, 20776, 20647, 11010, 7959, 7259, 27902, 3677, 3420, 27586, 2850, 3178, 3187, 3189, 3233, 3266, 3373, 3432, 4752, 4966, 4979, 6538, 6551, 6555, 6563, 6725, 7243, 7264, 7946, 8017, 8024, 8414, 10566, 10603, 10648, 10656, 12416, 12497, 13620, 13937, 14166, 14208, 14218, 14229, 14231, 14284, 14345, 14602, 14636, 15121, 15174, 15202, 19730, 19738, 19773, 21208, 22015, 22017, 25486, 25677, 27524, 27633, 27826, 27827, 27829, 27834, 27858, 27860, 27951, 27959, 27961, 30453, 30457, 30459, 31441, 31635, 31643, 31657, 6545, 3273, 8429, 10643, 22040, 25667, 31445, 31446, 14388, 27812], "label": "sofa"}, {"objectId": 7, "id": 7, "partId": 7, "index": 6, "dominantNormal": [0, -2.220446049250313e-16, 1], "obb": {"axesLengths": [0.3917409226832647, 0.15161794085164493, 0.34429560711388046], "centroid": [-0.12881228486150365, 2.0673821929645313, -1.0604910594860248], "normalizedAxes": [0.7284732460975647, -0.6850742697715759, -1.521170455757339e-16, 0, -2.220446049250313e-16, 1, -0.6850742697715759, -0.7284732460975647, -1.6175355412818886e-16]}, "segments": [10919, 11597, 11502, 11491, 11541, 11549, 26859],