{"segGroups": [{"objectId": 1, "id": 1, "partId": 1, "index": 0, "dominantNormal": [0, -2.220446049250313e-16, 1], "obb": {"axesLengths": [5.071735257958338, 0.2746798930761236, 4.811733493426095], "centroid": [-1.0569115714233535, 2.1111526804365925, -1.2127800026094921], "normalizedAxes": [-0.487787663936615, 0.8729622960090637, 1.938365681317808e-16, 0, -2.220446049250313e-16, 1, 0.8729622960090637, 0.487787663936615, 1.0831061912610962e-16]}, "segments": [4890, 11706, 10629, 927, 837, 18967, 208, 805, 828, 850, 914, 961, 986, 1008, 1034, 1036, 1083, 1132, 1248, 1258, 1264, 1266, 1267, 1280, 1285, 1294, 1357, 1375, 2787, 3097, 3553, 4507, 4711, 4761, 5183, 5189, 5196, 5219, 5427, 5662, 5987, 6116, 6137, 6143, 6335, 6499, 6564, 6575, 6720, 6721, 6725, 6781, 6821, 7176, 7400, 7414, 7765, 7786, 7826, 8640, 8954, 9095, 9212, 10100, 10390, 12581, 12608, 12613, 12791, 12794, 12806, 13351, 13354, 14457, 14470, 16550, 16804, 18426, 18917, 18934, 19028, 19966, 19972, 19975, 19978, 19983, 20017, 20697, 20699, 20735, 20895, 20897, 20908, 20911, 20915, 20961, 21467, 21785, 23813, 24208, 24921, 24995, 25081, 25085, 25087, 25090, 9063, 24012, 23803, 7218, 1151, 4929, 5813, 6305, 6943, 6962, 6965, 15200, 20733, 20921, 14069, 14066, 21494, 18883, 17417, 3957, 16226, 16235, 5083, 5824, 5736, 16517, 20676, 3908, 4007, 13304, 14023, 12065], "label": "floor"}, {"objectId": 2, "id": 2, "partId": 2, "index": 1, "dominantNormal": [0, -2.220446049250313e-16, 1], "obb": {"axesLengths": [2.5640800650331412, 1.150130022686793, 2.1414147561575065], "centroid": [-0.8979687465153963, 1.6047112949878752, -0.6850650392265991], "normalizedAxes": [0.48450711369514465, 0.8747873306274414, 1.9424180722259297e-16, 0, -2.220446049250313e-16, 1, 0.8747873306274414, -0.48450711369514465, -1.0758219064380562e-16]}, "segments": [15928, 13778, 2162, 2301, 2372, 2413, 2497, 2560, 2677, 2844, 3303, 3812, 4531, 4539, 4549, 4572, 6254, 6340, 7147, 7505, 7557, 7602, 7911, 7916, 7933, 8417, 8459, 9690, 10180, 10183, 10420, 11803, 11827, 11886, 11942, 11969, 12003, 12081, 12140, 12988, 13027, 13108, 13112, 13185, 13197, 13205, 13243, 13256, 13261, 13326, 13327, 13403, 13491, 14039, 14049, 14062, 15475, 15813, 17458, 17479, 17498, 17542, 17913, 19126, 19145, 20165, 20189, 20246, 20250, 20283, 20363, 20372, 20422, 20430, 20432, 21564, 21565, 21716, 21723, 22006, 22014, 22080, 22088, 22810, 24465, 24477, 4194, 8904, 23642, 12643, 11118, 23100, 15125, 21848, 13877, 1320, 1401, 3041, 8787, 8808, 8818, 8839, 8891, 8927, 8932, 8940, 9156, 9184, 9271, 10467, 10471, 10600, 10606, 11166, 13612, 13678, 13862, 13969, 14087, 14151, 14184, 14313, 14339, 14365, 14367, 14395, 14473, 14759, 14775, 14801, 15135, 15222, 15245, 15248, 15251, 15739, 16175, 16348, 17639, 17649, 19292, 21066, 21215, 21233, 21241, 22545, 23160, 23170, 23204, 23258, 23334, 23427, 23430, 23455, 23488, 23512, 23565, 23624, 23629, 23715, 24358, 24503, 25313, 25318, 26273, 17786, 12894], "label": "bed"}, {"objectId": 3, "id": 3, "partId": 3, "index": 2, "dominantNormal": [0.9936238527297974, -0.11274585127830505, -2.5034608004027582e-17], "obb": {"axesLengths": [1.0407698675188122, 0.9999179616588806, 0.5204281617760621], "centroid": [0.12425490344578871, 1.8434537003386828, -0.7744410174272738], "normalizedAxes": [0.11274585127830505, 0.9936238527297974, 2.2062881582347535e-16, 0, -2.220446049250313e-16, 1, 0.9936238527297974, -0.11274585127830505, -2.5034608004027582e-17]}, "segments": [18101, 18239, 24569, 24799, 25967, 9774, 16893, 17929, 25448, 19920, 19948, 18071, 19089, 395, 100, 11, 22324, 19680, 783, 19615, 5261, 19593, 26158, 23365, 26326, 26294, 23706, 7, 9, 61, 103, 232, 261, 283, 289, 362, 368, 377, 409, 421, 437, 474, 510, 517, 530, 531, 575, 580, 609, 627, 663, 683, 692, 693, 700, 701, 706, 720, 737, 750, 776, 1050, 1053, 1179, 1388, 1453, 1569, 1904, 1906, 1959, 2946, 2947, 3146, 3158, 3399, 3409, 3506, 3587, 3591, 3904, 4446, 4833, 4866, 5044, 5055, 5060, 5125, 5129, 5201, 5247, 5317, 5654, 5677, 5719, 5839, 5904, 5949, 6910, 7411, 7412, 7586, 8175, 8186, 8214, 8239, 8262, 8317, 8360, 8368, 8429, 8432, 8433, 8440, 8442, 8452, 8461, 8485, 8907, 9746, 9756, 9806, 9815, 9847, 9849, 9929, 9940, 9954, 9968, 10028, 10038, 10210, 10434, 10488, 10499, 10574, 12177, 12217, 12234, 12243, 12288, 12306, 12316, 12323, 12331, 12364, 12390, 12438, 12468, 12480, 12486, 12505, 12514, 12531, 12540, 12799, 13696, 13710, 13717, 13725, 13726, 14140, 14143, 14245, 14261, 14267, 14605, 14613, 14679, 14706, 14710, 14737, 14791, 14918, 14962, 14971, 15013, 15270, 15343, 15421, 15470, 15768, 15880, 15889, 15895, 15991, 16007, 16026, 16030, 16084, 16098, 16149, 16153, 16354, 16480, 16481, 16776, 16796, 16811, 16813, 16823, 16828, 16852, 16894, 16897, 16899, 16904, 16907, 16909, 16917, 16937, 16951, 16958, 17024, 17028, 17051, 17082, 17113, 17130, 17154, 17222, 17227, 17250, 17280, 17286, 17292, 17366, 17422, 17450, 17526, 17651, 17676, 17713, 17725, 17742, 17751, 17858, 17861, 17864, 17918, 17921, 17937, 17940, 17958, 18049, 18051, 18093, 18153, 18171, 18176, 18179, 18184, 18186, 18621, 18729, 18831, 19086, 19087, 19090, 19110, 19119, 19248, 19252, 19256, 19265, 19268, 19273, 19281, 19287, 19303, 19381, 19386, 19423, 19431, 19464, 19472, 19474, 19479, 19484, 19486, 19492, 19496, 19527, 19530, 19621, 19655, 19711, 19737, 19769, 19816, 19818, 19824, 19830, 19836, 19839, 19841, 19848, 19862, 19868, 19935, 19950, 19959, 20038, 20098, 20113, 20116, 20120, 20122, 20125, 20130, 20133, 20493, 20700, 20731, 20739, 20826, 21099, 21157, 21171, 21181, 21404, 21407, 21410, 21505, 21507, 21518, 22001, 22003, 22248, 22336, 22339, 22341, 22345, 22364, 22370, 22374, 22422, 22436, 22470, 22473, 22542, 22550, 23283, 23384, 23555, 23560, 23712, 24540, 24543, 24565, 24573, 24583, 24603, 24653, 24656, 24696, 24764, 24804, 24817, 24870, 24875, 24877, 24908, 24911, 24916, 24929, 24985, 24988, 24997, 25000, 25001, 25005, 25024, 25382, 25386, 25554, 25565, 25586, 25590, 25593, 25612, 25622, 25693, 25698, 25710, 25992, 26012, 26046, 26052, 26078, 26084, 26086, 26169, 26262, 26381, 24516, 18588, 24493, 7803, 26418, 8977, 10508, 16409], "label": "plant"}, {"objectId": 4, "id": 4, "partId": 4, "index": 3, "dominantNormal": [0, -2.220446049250313e-16, 1], "obb": {"axesLengths": [0.3485489121749317, 0.32793097955142736, 0.4094585162229761], "centroid": [-1.8215095980599332, 1.9582036232360014, -1.0713644991690414], "normalizedAxes": [-0.26226428151130676, 0.9649960994720459, 2.1427217766146664e-16, 0, -2.220446049250313e-16, 1, 0.9649960994720459, 0.26226428151130676, 5.82343687741253e-17]}, "segments": [11849, 22071, 8020, 9354, 3762, 8270, 8023, 3765, 3776], "label": "objects"}, {"objectId": 5, "id": 5, "partId": 5, "index": 4, "dominantNormal": [0, -2.220446049250313e-16, 1], "obb": {"axesLengths": [0.4737524824725268, 0.3551190416115735, 0.4447798198740766], "centroid": [-1.7366353798933387, 2.4109468380603603, -1.0788905390780308], "normalizedAxes": [-0.4152316153049469, 0.9097157120704651, 2.0199746588077996e-16, 0, -2.220446049250313e-16, 1, 0.9097157120704651, 0.4152316153049469, 9.219993997276952e-17]}, "segments": [11305, 8880, 9028, 9074, 11258, 21869, 23114, 22131, 11354, 11355, 12114, 11387, 23145, 10270, 10280, 10310, 10330, 11126, 11257, 11349, 13865, 13903, 14017, 21856, 23168], "label": "objects"}, {"objectId": 6, "id": 6, "partId": 6, "index": 5, "dominantNormal": [0.4140588641166687, -0.9102501273155212, -2.0211612990273436e-16], "obb": {"axesLengths": [0.8302875770145304, 0.7952299238317472, 0.3740759286208526], "centroid": [-0.9650179694253485, 3.2902584194090863, -0.8676149811564028], "normalizedAxes": [0.9102501273155212, 0.4140588641166687, 9.193953689849292e-17, 0, -2.220446049250313e-16, 1, 0.4140588641166687, -0.9102501273155212, -2.0211612990273436e-16]}, "segments": [21614, 7276, 7290, 7530, 7366, 3353, 3347, 3194, 3177, 10667, 7507, 2980, 3273, 3363, 7283, 7345, 7529, 7560, 7615, 20491, 20924, 20982, 20986], "label": "objects"}, {"objectId": 7,