{"segGroups": [{"objectId": 1, "id": 1, "partId": 1, "index": 0, "dominantNormal": [0, -2.220446049250313e-16, 1], "obb": {"axesLengths": [4.900464322744963, 0.3600000062584881, 4.293918839430613], "centroid": [1.607248489226264, 2.1054102726090753, -1.2099999682605276], "normalizedAxes": [0.32991260290145874, 0.9440115094184875, 2.0961266265351054e-16, 0, -2.220446049250313e-16, 1, 0.9440115094184875, -0.32991260290145874, -7.325531357104314e-17]}, "segments": [918, 10862, 10772, 10885, 13149, 9227, 18165, 437, 3045, 2664, 13900, 6286, 22, 41, 61, 68, 119, 126, 155, 229, 249, 451, 484, 512, 515, 519, 523, 530, 540, 573, 588, 625, 683, 686, 695, 703, 713, 722, 827, 836, 862, 1010, 1033, 1047, 1057, 1070, 1113, 1115, 1123, 1204, 1260, 1268, 1358, 1360, 2354, 2434, 2589, 2691, 2698, 2707, 2846, 2929, 2935, 2941, 2949, 2962, 2964, 2970, 2978, 2983, 2993, 3164, 3182, 3234, 3242, 3245, 3290, 3306, 3323, 3369, 3375, 3491, 3504, 3509, 3548, 3645, 3660, 3684, 3685, 3738, 3870, 4073, 4121, 4130, 4134, 4135, 4272, 4274, 4312, 4318, 4344, 4499, 4505, 4519, 4520, 4526, 4528, 4535, 4548, 4556, 4565, 4605, 4629, 4640, 4647, 4992, 5060, 5082, 5124, 5159, 5188, 5225, 5230, 5290, 5759, 5800, 5825, 5834, 5927, 5933, 5961, 6165, 6166, 6192, 6208, 6210, 6234, 6235, 6276, 6316, 6321, 6428, 6434, 7012, 7136, 7139, 7140, 7267, 7271, 7323, 7330, 7590, 7615, 7684, 7688, 7708, 7765, 7781, 7871, 7882, 7901, 7918, 7933, 7973, 8086, 8098, 8102, 8247, 8412, 8420, 8475, 8724, 8801, 8803, 8846, 8849, 8852, 8855, 8910, 8934, 9000, 9003, 9004, 9007, 9022, 9106, 9108, 9112, 9119, 9121, 9141, 9152, 9154, 9159, 9172, 9176, 9182, 9241, 9253, 9287, 9290, 9589, 9731, 9740, 9745, 9782, 9790, 9828, 9947, 9958, 10035, 10118, 10119, 10147, 10157, 10177, 10181, 10193, 10198, 10209, 10213, 10219, 10393, 10638, 10653, 10908, 10914, 10926, 10931, 10939, 10947, 10966, 10972, 11696, 11713, 11724, 11731, 11743, 12194, 12197, 12204, 12205, 12231, 12234, 12249, 12250, 12252, 12257, 12269, 12283, 12444, 12450, 12467, 12512, 12584, 12599, 12604, 12607, 12611, 12631, 12632, 12648, 12658, 12677, 12703, 12726, 12739, 12804, 12884, 12901, 12963, 13009, 13121, 13187, 13196, 13253, 13297, 13311, 13316, 13364, 13366, 13370, 13371, 13431, 13433, 13437, 13441, 13463, 13766, 13768, 13772, 13776, 13780, 13781, 13787, 13789, 13806, 13807, 13809, 13812, 13814, 13816, 13824, 13826, 13829, 13849, 13854, 13856, 13863, 13875, 13912, 13914, 13917, 13925, 13940, 13943, 13947, 14267, 14325, 14327, 14330, 14378, 14397, 14405, 14407, 14410, 14491, 14494, 14583, 14647, 14662, 14668, 14670, 14679, 14684, 14693, 14841, 14845, 15088, 15133, 15308, 15724, 15727, 15916, 15917, 15924, 16006, 16067, 16074, 16095, 16529, 16534, 16541, 16839, 16843, 16892, 17098, 17100, 17104, 17808, 17968, 17972, 17979, 17996, 18414, 3579, 14404, 14381, 3746, 1039, 13389, 10463, 91, 639, 746, 781, 885, 1030, 1077, 1083, 1172, 1206, 1379, 5947, 5949, 5950, 6224, 9959, 10484, 13784, 13889, 14468, 14965, 14969, 15082], "label": "floor"}, {"objectId": 2, "id": 2, "partId": 2, "index": 1, "dominantNormal": [0, -2.220446049250313e-16, 1], "obb": {"axesLengths": [0.8831472046748332, 0.4762490285281305, 0.8628986425627729], "centroid": [2.152185850315834, 0.5732734419736916, -1.0877254827828973], "normalizedAxes": [-0.6387176513671875, 0.7694411873817444, 1.7085026446522642e-16, 0, -2.220446049250313e-16, 1, 0.7694411873817444, 0.6387176513671875, 1.4182380855647103e-16]}, "segments": [13108, 4060, 15329, 6614, 17942, 17773, 17776, 2317, 3837, 4205, 4252, 4255, 4260, 4330, 4890, 4906, 4923, 6603, 6621, 6928, 13261, 14342, 14351, 14361, 14789, 14811, 14832, 14839, 17789, 17934, 17936, 4062, 4939, 1220, 1231, 2322, 4106, 4163, 4961, 14641, 15355, 13224, 4090], "label": "table"}, {"objectId": 3, "id": 3, "partId": 3, "index": 2, "dominantNormal": [0.09202458709478378, -0.9957567453384399, -2.211024131201089e-16], "obb": {"axesLengths": [1.1488360333187972, 0.8056599913762507, 0.7294221367250793], "centroid": [1.9275532052390956, 1.8171706734488147, -0.9128299915158009], "normalizedAxes": [0.9957567453384399, 0.09202458709478378, 2.04335630848504e-17, 0, -2.220446049250313e-16, 1, 0.09202458709478378, -0.9957567453384399, -2.211024131201089e-16]}, "segments": [6357, 7073, 1892, 2015, 14168, 11888, 7454, 16183, 2986, 1680, 1727, 1832, 1846, 1849, 1856, 1865, 1915, 1923, 1969, 1972, 1974, 1984, 2001, 2238, 2242, 2269, 2271, 2278, 2282, 2297, 2610, 2649, 2653, 2661, 2669, 2703, 2710, 3662, 3705, 3709, 3793, 3889, 3936, 3998, 4019, 4928, 4935, 4960, 5014, 5090, 5328, 5333, 5351, 5381, 5425, 5428, 5479, 5487, 5499, 5500, 5507, 5538, 5546, 5549, 5550, 5674, 5686, 6344, 6475, 6559, 6595, 6596, 6724, 6863, 6968, 6977, 7027, 7061, 7242, 7258, 7332, 7339, 7343, 7394, 7398, 7406, 7481, 7507, 7520, 7540, 7582, 8110, 8153, 8155, 8168, 8299, 10492, 10506, 10516, 10573, 10579, 11006, 11014, 11021, 11032, 11033, 11047, 11052, 11932, 11935, 11952, 11959, 11995, 12017, 12037, 12060, 12065, 12075, 12757, 12812, 12822, 12843, 13851, 13930, 13932, 14031, 14036, 14038, 14046, 14049, 14093, 14104, 14107, 14115, 14173, 14176, 14185, 14188, 14191, 14193, 14270, 14276, 14303, 14553, 14556, 14558, 14575, 14578, 14882, 14887, 14902, 14915, 14947, 14986, 15011, 15091, 15129, 15139, 15142, 15150, 15167, 15706, 15709, 15714, 15717, 15804, 16093, 16107, 16256, 16261, 16323, 16326, 16332, 16336, 16388, 16391, 16394, 16398, 16438, 16450, 16478, 17179, 17218, 17236, 17243, 17246, 17260, 17431, 17461, 17463, 17465, 17474, 17479, 17483, 19075, 19233, 16464, 10559, 1758, 1766, 1961, 2230, 2252, 14102, 14118, 14134, 14183, 14294, 14297, 14300, 15001, 15039, 15246, 3675, 14149, 2199, 14287, 15269, 1733, 1747, 1763, 1843, 2228, 4994, 6565, 14131, 14180, 14495, 14860], "label": "bench"}, {"objectId": 4, "id": 4, "partId": 4, "index": 3, "dominantNormal": [0.50554358959198, -0.8628010749816895, -1.9158032382320155e-16], "obb": {"axesLengths": [0.7113068169866735, 0.7916880073021049, 0.6988272253083926], "centroid": [0.1729815555359584, 1.5201601065225538, -0.9016559984164838], "normalizedAxes": [0.8628010749816895, 0.50554358959198, 1.1225322662333336e-16, 0, -2.220446049250313e-16, 1, 0.50554358959198, -0.8628010749816895, -1.9158032382320155e-16]}, "segments": [8865, 17742, 16977, 4667, 9422, 9401, 15932, 15418, 16506, 16618, 16556, 11077, 17194, 17176, 11781, 7897, 8063, 4380, 4404, 4425, 4434, 4442, 4443, 4446, 4454, 4467, 4476, 4670, 4685, 4723, 4769, 4771, 4775, 4851, 4857, 4858, 7668, 7722, 7775, 7780, 7815, 7862, 7961, 8059, 8137, 8284, 8305, 8323, 8367, 8388, 8402, 8407, 8459, 8482, 8505, 8516, 8557, 8578, 8581, 8599, 9347, 9354, 9364, 9369, 9424, 10004, 10006, 10013, 10045, 10240, 10256, 10691, 10694, 10701, 10711, 10741, 10744, 10756, 10761, 10763, 10768, 10777, 10811, 10829, 10851, 11035, 11063, 11072, 11074, 11080, 11098, 11108, 11123, 11192, 11369, 11450, 11482, 11483, 11493, 11496, 11518, 11519, 11524, 11533, 11534, 11578, 12159, 12166, 12178, 12207, 12209, 12436, 14649, 14658, 14698, 14734, 15320, 15322, 15324, 15391, 15434, 15519, 15638, 15652, 15693, 15929, 15934, 15937, 15940, 16055, 16523, 16565, 16577, 16634, 16697, 16805, 16841, 16882, 16982, 16995, 17015, 17057, 17074, 17088, 17092, 17136, 17164, 17213, 17229, 17233, 17577, 17633, 17635, 17715, 17793, 17796, 17801, 19344, 19351, 8451, 14756, 16671], "label": "armchair"}, {"objectId": 5, "id": 5, "partId": 5, "index": 4, "dominantNormal": [-0.47987204790115356, 0.8773384690284729, 1.9480827374095908e-16], "obb": {"axesLengths": [0.5310591069102274, 0.6025969847456291, 0.5518992252151269], "centroid": [0.9024080691990852, 1.6138801899441093, -0.9999514762323023], "normalizedAxes": [-0.47987207770347595, 0.8773384690284729, 1.9480827374095908e-16, 0, -2.220446049250313e-16, 1, 0.8773384690284729, 0.47987207770347595, 1.0655300590822224e-16]},