{"segGroups": [{"objectId": 1, "id": 1, "partId": 1, "index": 0, "dominantNormal": [0, -2.220446049250313e-16, 1], "obb": {"axesLengths": [5.026201520885365, 0.3999999672174462, 2.7297956605053084], "centroid": [0.17317308845270296, -0.5496969419816655, -1.289999949007401], "normalizedAxes": [-0.48917490243911743, 0.8721857070922852, 1.9366413075256553e-16, 0, -2.220446049250313e-16, 1, 0.8721857070922852, 0.48917490243911743, 1.0861864795133456e-16]}, "segments": [2972, 15533, 19931, 12782, 765, 8565, 8568, 8578, 8579, 8645, 8698, 8722, 12642, 13199, 13217, 13230, 13245, 13313, 13374, 13481, 13519, 14519, 14801, 16539, 17933, 19763, 19794, 19814, 19817, 19821, 27279, 34133, 34144, 34184, 34407, 34608, 34661, 34700, 34705, 40073, 43405, 43408, 43411, 43646, 43648, 47910, 48215, 4379, 3015, 3827, 4534, 4590, 12873, 18973, 36936, 46632, 46634, 46638, 46644, 47526, 1436, 1576, 3847, 4529, 19772, 19777, 23999, 24019, 31921, 34591, 34593, 34602, 36067, 36898, 37468, 46781, 46786, 46921, 1459, 1592, 1624, 1625, 1669, 3097, 43527, 46265, 36123, 36167, 36192], "label": "floor"}, {"objectId": 2, "id": 2, "partId": 2, "index": 1, "dominantNormal": [0.8214497566223145, 0.5702808499336243, 1.2662778601982267e-16], "obb": {"axesLengths": [5.063710141866305, 2.645629942887351, 0.19550147159074693], "centroid": [-0.4494801543321907, -0.9381015086790472, -0.08718492004524414], "normalizedAxes": [-0.570280909538269, 0.8214497566223145, 1.8239848667496493e-16, 0, -2.220446049250313e-16, 1, 0.8214497566223145, 0.570280909538269, 1.2662779925471247e-16]}, "segments": [26189, 46482, 12411, 12507, 12578, 12586, 12596, 12601, 12603, 12610, 21923, 26915, 39011, 46498, 49197, 39329, 43135, 40184, 39565, 1178, 6946, 6649, 6700, 7125, 21225, 46329, 10298, 42062, 49149, 2289, 38830], "label": "wall"}, {"objectId": 3, "id": 3, "partId": 3, "index": 2, "dominantNormal": [0.5791997313499451, -0.8151856660842896, -1.8100757916623457e-16], "obb": {"axesLengths": [1.92496287439914, 2.6313099273001406, 0.11417980826211195], "centroid": [1.7445254057364057, -2.4681388717520925, -0.08565492845270306], "normalizedAxes": [0.8151856660842896, 0.5791997313499451, 1.2860817552028282e-16, 0, -2.220446049250313e-16, 1, 0.5791997313499451, -0.8151856660842896, -1.8100757916623457e-16]}, "segments": [35882, 13604, 29279, 16374, 10930, 6389, 2611, 11618, 14198, 29635, 39786, 40108, 40797, 40800, 37087, 31483, 38037, 45457], "label": "wall"}, {"objectId": 4, "id": 4, "partId": 4, "index": 3, "dominantNormal": [0.8145399689674377, 0.5801074504852295, 1.2880972965705994e-16], "obb": {"axesLengths": [4.889692877108762, 2.624749959452076, 0.16764736698399765], "centroid": [1.0741221289196714, 0.06375993607398844, -0.07214499957452825], "normalizedAxes": [-0.5801074504852295, 0.8145399689674377, 1.8086420560502198e-16, 0, -2.220446049250313e-16, 1, 0.8145399689674377, 0.5801074504852295, 1.2880972965705994e-16]}, "segments": [49715, 49544, 41805, 939, 959, 993, 1017, 1065, 1102, 1109, 1122, 1128, 1211, 5275, 40670, 42281, 42331, 42358, 42359, 42378, 42402, 43394, 43395, 49206, 49499, 49501, 49507, 49510, 49513, 49516, 49525, 49527, 49530, 49532, 49784, 8269, 20886, 6091, 8002, 8243, 32790, 37366, 47180, 47188, 49640, 9309, 38091, 47238, 29842, 11366, 29845, 32626, 42266, 12030, 12804], "label": "wall"}, {"objectId": 5, "id": 5, "partId": 5, "index": 4, "dominantNormal": [0.5051406621932983, -0.8630369901657104, -1.916327075170333e-16], "obb": {"axesLengths": [1.8570899470807407, 2.5782700200765563, 0.19877236929638012], "centroid": [-1.0697329415918988, 1.5580170194304865, -0.04086495953272484], "normalizedAxes": [0.8630369901657104, 0.5051406621932983, 1.1216375876827963e-16, 0, -2.220446049250313e-16, 1, 0.5051406621932983, -0.8630369901657104, -1.916327075170333e-16]}, "segments": [17676, 10595, 14117, 26992, 35140, 35881, 46254, 35900, 17617], "label": "wall"}, {"objectId": 6, "id": 6, "partId": 6, "index": 5, "dominantNormal": [0, -2.220446049250313e-16, 1], "obb": {"axesLengths": [4.994168982171073, 0.17546999062292346, 1.8974873329309954], "centroid": [0.30631027944385414, -0.4282423791871973, 1.2422650614925885], "normalizedAxes": [-0.5754682421684265, 0.817824125289917, 1.8159343479815892e-16, 0, -2.220446049250313e-16, 1, 0.817824125289917, 0.5754682421684265, 1.277796184791905e-16]}, "segments": [17631, 5534, 953, 1358, 1426, 1464, 1505, 2668, 2674, 2852, 5632, 5833, 7195, 7213, 7388, 9706, 10108, 10119, 10133, 11572, 15793, 18421, 18431, 18485, 27761, 27764, 27766, 27781, 27789, 27812, 27828, 33721, 43498, 43594, 43597, 45072, 45074, 48569, 48848, 10448, 954, 1310, 1744, 1932, 5830, 9052, 10195, 10993, 18764, 18792, 26144, 27083, 34075, 35737, 43413, 945, 1789, 1922, 35925, 48857, 48599, 27897, 36341, 3433, 2115, 43012, 31778, 29154, 1858, 1892, 2174, 3253, 3656, 3686, 3810, 3882, 3911, 5311, 6615, 6625, 6930, 7008, 7009, 28956, 29043, 29700, 30257, 30303, 31087, 31171, 31260, 31262, 42885, 43045, 45302, 48926, 39394, 8024, 11226, 8150, 29998], "label": "ceiling"}, {"objectId": 7, "id": 7, "partId": 7, "index": 6, "dominantNormal": [0, -2.220446049250313e-16, 1], "obb": {"axesLengths": [0.9212061585431861, 0.8379789999579116, 0.9845917865386338], "centroid": [-1.3791079424464674, 1.045697745271695, -0.9338004242218116], "normalizedAxes": [0.34233731031417847, 0.9395771026611328, 2.0862802655699682e-16, 0, -2.220446049250313e-16, 1, 0.9395771026611328, -0.34233731031417847, -7.60141528198096e-17]}, "segments": [46651, 28661, 13864, 15710, 15711, 15986, 16022, 19370, 19382, 19400, 19406, 24655, 24840, 24861, 24862, 24966, 25094, 25202, 28285, 28293, 28328, 28354, 28521, 28540, 28555, 37100, 43755, 43760, 44337, 44371, 45141, 45166, 46705, 46750, 46758, 45295, 28834, 45280, 45222, 30106, 15755, 19412, 24934, 28493, 28519, 30115, 36820, 44323, 45180, 45340, 25765, 16015, 15736, 24760, 36850, 36838], "label": "washing machine"}, {"objectId": 8, "id": 8, "partId": 8, "index": 7, "dominantNormal": [0.7528747916221619, 0.6581637859344482, 1.4614171782377744e-16], "obb": {"axesLengths": [0.9611148559712344, 1.078767990795493, 0.5083070832584276], "centroid": [-0.2809719813694561, 1.6149104583924432, -0.8376359316183719], "normalizedAxes": [-0.6581637859344482, 0.7528747916221619, 1.671717856637582e-16, 0, -2.220446049250313e-16, 1, 0.7528747916221619, 0.6581637859344482, 1.4614171782377744e-16]}, "segments": [21697, 21388, 21597, 21854, 21899, 21900, 22462, 22474, 22643, 22651, 22679, 22712, 22748, 22756, 22762, 22776, 22793, 22797, 22807, 22811, 22821, 22856, 22873, 22891, 22952, 23340, 23577, 23578, 23588, 23662, 23694, 23712, 23724, 23812, 23837, 23897, 23900, 23916, 23929, 23970, 24235, 24281, 24299, 25611, 31729, 31758, 36937, 36960, 37238, 37256, 37327, 37332, 37376, 37379, 37427, 43943, 43945, 43951, 43953, 43961, 44090, 44191, 44193, 44197, 44201, 44203, 44210, 44212, 44216, 44219, 44221, 44224, 44234, 44251, 44253, 44255, 44258, 44424, 44427, 44429, 44434, 44537, 44539, 44546, 44701, 44705, 45529, 46761, 44088, 22878, 20097, 20126, 20157, 20161, 20164, 20384, 23760, 44639, 31043, 31624, 37483, 30920, 22351, 22358, 22364, 22380, 22381, 22382, 22397, 22401, 23308, 23781, 24023, 24037, 24039, 24095, 24115, 24130, 24161, 24457, 25409, 25413, 31574, 44382, 44400, 44415, 44421, 45365, 44441, 24100, 24270, 20106, 20191, 20210, 20279, 20280, 21059, 21220, 22353, 22366, 23265, 24572, 32112, 44305, 45486, 26446, 19676, 20101, 44786, 44908, 26517, 20119, 17237, 23225, 44791, 23285, 26487, 11885, 11988, 11989, 11990, 20261, 20293, 20323, 20368, 20393, 22081, 22104, 23430, 23435, 43813, 43900, 43903, 43906, 43921, 43927, 45613, 45622, 45627, 47251, 21149, 20579, 20583, 20672, 21104, 21139, 44993], "label": "clothes dryer"}, {"objectId": 9, "id": 9, "partId": 9, "index": 8, "dominantNormal": [0.4401831030845642, -0.8979080319404602, -1.9937563421123188e-16], "obb": {"axesLengths": [0.5706135252816588, 0.8399999549984934, 0.265581956479111],