{"segGroups": [{"objectId": 1, "id": 1, "partId": 1, "index": 0, "dominantNormal": [0, -2.220446049250313e-16, 1], "obb": {"axesLengths": [5.496035985239009, 0.343940011919886, 2.05307101494998], "centroid": [-0.41149246282267493, 0.6067038454948305, -1.541970000595525], "normalizedAxes": [0.6594884991645813, 0.7517146468162537, 1.669141817686745e-16, 0, -2.220446049250313e-16, 1, 0.7517146468162537, -0.6594884991645813, -1.464358632496013e-16]}, "segments": [7777, 9595, 16312, 14403, 5924, 1240, 1310, 1867, 2240, 5214, 8635, 10183, 11022, 11033, 11141, 11150, 12718, 12730, 12747, 14177, 14772, 15011, 15421, 16212, 16227, 16323, 16505, 16730, 16859, 17786, 18130, 19232, 20316, 21242, 21261, 21263, 24287, 13560, 16979, 6056, 7048, 1215, 8528, 1250, 1267, 1298, 14304, 15592, 15657, 15710, 15832, 16108, 16772, 19220, 19222, 21094, 21172, 22077, 5881, 540, 10748, 18665, 18618, 16045, 22079], "label": "floor"}, {"objectId": 2, "id": 2, "partId": 2, "index": 1, "dominantNormal": [0.7690026760101318, -0.6392455101013184, -1.4194101674054735e-16], "obb": {"axesLengths": [5.5456685612332315, 1.959999994337558, 0.3237578252518523], "centroid": [-1.0528965165677229, 1.113685388983484, -0.7300000232458117], "normalizedAxes": [0.6392455101013184, 0.7690026760101318, 1.7075289538096157e-16, 0, -2.220446049250313e-16, 1, 0.7690026760101318, -0.6392455101013184, -1.4194101674054735e-16]}, "segments": [18772, 22558, 10645, 22039, 14461, 11922, 10643, 1, 8888, 12500, 19384, 18121, 19431, 19448, 4710, 11608, 297, 1156, 22049, 14260], "label": "wall"}, {"objectId": 3, "id": 3, "partId": 3, "index": 2, "dominantNormal": [-0.6229122281074524, -0.7822917103767395, -1.7370365376673014e-16], "obb": {"axesLengths": [0.8619958713255563, 1.7399999706447122, 0.12134153090455194], "centroid": [0.9698656013250744, 3.035506299936646, -0.7400000134855509], "normalizedAxes": [0.7822917103767395, -0.6229122281074524, -1.3831429959309025e-16, 0, -2.220446049250313e-16, 1, -0.6229122281074524, -0.7822917103767395, -1.7370365376673014e-16]}, "segments": [14201, 23137, 11327, 7469, 7480, 16966, 4932], "label": "wall"}, {"objectId": 4, "id": 4, "partId": 4, "index": 3, "dominantNormal": [-0.619340181350708, -0.7851227521896362, -1.7433227132760104e-16], "obb": {"axesLengths": [0.815389251356306, 1.6955200054752817, 0.2150584881354904], "centroid": [1.4568931168277204, 2.2530745436080712, -0.7177600309008358], "normalizedAxes": [0.7851227521896362, -0.619340181350708, -1.375211458822152e-16, 0, -2.220446049250313e-16, 1, -0.619340181350708, -0.7851227521896362, -1.7433227132760104e-16]}, "segments": [10022, 21009, 21032, 21030, 12758, 15295, 222, 9431, 9435, 10878, 15468, 20863, 21702], "label": "wall"}, {"objectId": 5, "id": 5, "partId": 5, "index": 4, "dominantNormal": [0.7618597149848938, -0.6477420330047607, -1.438276238118787e-16], "obb": {"axesLengths": [1.9335780649269214, 1.5963399146570276, 0.3238320010919977], "centroid": [-1.1088117239144824, 1.0248525467900071, -0.7881699782646455], "normalizedAxes": [0.6477420330047607, 0.7618597149848938, 1.691668394221177e-16, 0, -2.220446049250313e-16, 1, 0.7618597149848938, -0.6477420330047607, -1.438276238118787e-16]}, "segments": [19176, 3598, 2807, 3649, 3718, 20574, 2083, 16607, 20556, 23011, 3192, 2071, 20417, 6514, 12140, 16704, 5171, 18068, 18065, 5465, 6215, 6929, 14038, 23755, 23661, 17782, 12041, 23821, 10614, 7840, 12056, 234, 235, 305, 466, 1511, 1793, 2285, 2321, 2385, 2419, 2450, 2500, 3121, 3157, 3660, 3675, 3683, 3688, 3692, 3743, 3751, 3761, 5438, 5480, 5542, 5545, 5568, 5581, 5646, 5654, 5677, 5697, 5925, 5965, 5993, 6233, 6384, 6438, 6484, 6503, 6510, 7347, 7365, 7375, 7690, 9120, 9622, 9658, 9706, 9729, 9737, 9763, 9928, 9947, 9951, 11467, 11738, 11765, 11919, 11965, 12011, 12113, 12144, 12173, 12576, 13790, 13900, 13908, 13941, 13987, 14013, 14093, 15876, 16557, 16609, 17755, 17849, 18076, 19156, 19186, 19190, 19195, 19234, 19251, 19254, 19260, 19264, 19285, 19584, 19586, 19630, 19805, 19810, 19829, 19830, 19860, 20051, 20061, 20145, 20348, 20355, 20399, 20649, 20669, 20671, 20676, 20686, 20975, 21004, 21046, 21186, 21192, 21843, 21875, 21878, 21890, 21914, 21919, 22528, 22980, 23555, 23593, 23597, 23788, 23816, 24025, 24050, 24111, 24134, 17829, 5690, 9767, 9188, 23617, 2703, 2673, 7720, 10271, 20374, 1762, 2649, 16658, 19239], "label": "curtain"}, {"objectId": 6, "id": 6, "partId": 6, "index": 5, "dominantNormal": [0.7609548568725586, -0.648804783821106, -1.4406360189702782e-16], "obb": {"axesLengths": [1.138950443897816, 0.9559739614432908, 0.6711226132187315], "centroid": [-0.7315024949171025, 0.8648513878422887, -1.1046929913455323], "normalizedAxes": [0.648804783821106, 0.7609549164772034, 1.6896593379494082e-16, 0, -2.220446049250313e-16, 1, 0.7609549164772034, -0.648804783821106, -1.4406360189702782e-16]}, "segments": [4999, 14980, 6551, 6105, 5078, 3992, 6187, 3378, 1565, 2974, 2991, 2997, 3002, 3034, 3039, 3040, 3083, 3098, 3100, 3252, 3254, 3342, 3347, 3362, 3399, 4041, 4869, 5061, 5065, 5230, 5291, 5303, 5702, 5808, 5810, 5818, 6082, 6133, 6138, 6153, 6365, 6429, 6446, 9875, 10850, 12391, 12420, 12426, 13906, 14588, 15074, 15124, 17365, 19567, 19578, 19581, 19708, 19711, 19716, 19719, 19755, 19769, 19774, 19778, 19877, 19887, 20016, 20156, 20159, 20162, 20834, 20842, 21249, 21252, 21814, 22238, 22244, 22247, 22250, 22255, 23544], "label": "cabinet"}, {"objectId": 7, "id": 7, "partId": 7, "index": 6, "dominantNormal": [0.20931917428970337, -0.9778473973274231, -2.1712573901653778e-16], "obb": {"axesLengths": [0.6364533704476693, 0.8669880434798881, 0.4744682709736276], "centroid": [1.0763117969263325, 1.928292232412221, -1.1299160075206456], "normalizedAxes": [0.9778473973274231, 0.20931917428970337, 4.6478193358390955e-17, 0, -2.220446049250313e-16, 1, 0.20931917428970337, -0.9778473973274231, -2.1712573901653778e-16]}, "segments": [22157, 8974, 19118, 18420, 6965, 6971, 6977, 6980, 11208, 11306, 11315, 11342, 11356, 11388, 11401, 11417, 11428, 11447, 11474, 11484, 11491, 11507, 11523, 11539, 11545, 11551, 11563, 11574, 12599, 12632, 12676, 12809, 12902, 14681, 14720, 14738, 18372, 18433, 18436, 18483, 18607, 18632, 18994, 19037, 20920, 20937, 20943, 21236, 22227, 22470, 23738, 24163, 24755], "label": "cabinet"}, {"objectId": 8, "id": 8, "partId": 8, "index": 7, "dominantNormal": [-0.18159259855747223, -0.9833738207817078, -2.1835285152909284e-16], "obb": {"axesLengths": [1.0243897154698056, 1.2196889247069742, 0.9885123852435265], "centroid": [0.330173442733513, 1.4086020972359883, -0.9401554758066952], "normalizedAxes": [0.9833738207817078, -0.18159259855747223, -4.032165680400373e-17, 0, -2.220446049250313e-16, 1, -0.18159259855747223, -0.9833738207817078, -2.1835285152909284e-16]}, "segments": [20697, 13914, 10765, 9965, 6271, 13783, 13438, 8166, 22261, 13231, 21617, 7852, 21339, 7999, 1579, 1536, 19148, 1605, 16416, 20657, 12648, 22415, 14493, 20891, 9389, 10627, 14310, 722, 829, 845, 934, 957, 1381, 1425, 1527, 4834, 5746, 5747, 5768, 5770, 5778, 6029, 7214, 7529, 8208, 8333, 8385, 9398, 10149, 10184, 10538, 12914, 12916, 12918, 12920, 12927, 12939, 12946, 12994, 13035, 13038, 13043, 13074, 13082, 13294, 13419, 13499, 13508, 13509, 14317, 14327, 14344, 14363, 14488, 14491, 14500, 15516, 15522, 15524, 15537, 17404, 19123, 19137, 19896, 19970, 19971, 20386, 20661, 20904, 21268, 21368, 21388, 21399, 21401, 21409, 21434, 21436, 22089, 22092, 22094, 22354, 22375, 22472, 22478, 22481, 15301, 4237, 14504, 10347, 8416, 11094, 14666, 22207, 22233, 22235, 23227], "label": "armchair"}, {"objectId": 9, "id": 9, "partId": 9, "index": 8, "dominantNormal": [0.32430166006088257, -0.9459537267684937, -2.1004392153767119e-16], "obb": {"axesLengths": [0.5369510590538913, 0.2578030170991341, 0.16464294578425956], "centroid": [0.3008947927108515, 1.4887561628621024, -0.9306984838687224],