{"segGroups": [{"objectId": 1, "id": 1, "partId": 1, "index": 0, "dominantNormal": [-0.09750954061746597, -0.9952346086502075, -2.2098647548545348e-16], "obb": {"axesLengths": [3.067502285323055, 2.0792699587508294, 0.45043321014284693], "centroid": [1.2618132218421116, 1.77789483733632, 0.029635017075352543], "normalizedAxes": [0.9952346086502075, -0.09750954061746597, -2.1651467422826525e-17, 0, -2.220446049250313e-16, 1, -0.09750954061746597, -0.9952346086502075, -2.2098647548545348e-16]}, "segments": [8884, 7278, 11763, 11740, 28826, 45294, 45264, 28624, 28636, 34810, 34841, 21868, 38713, 34512, 34793, 34792, 47290, 47260, 34621, 34534], "label": "wall"}, {"objectId": 2, "id": 2, "partId": 2, "index": 1, "dominantNormal": [-0.08203400671482086, -0.996629536151886, -2.2129621161146273e-16], "obb": {"axesLengths": [1.8569246768888918, 2.565869989263936, 1.0208211485838983], "centroid": [0.48559585760283663, 1.4834096854712178, -0.27293502115603485], "normalizedAxes": [0.996629536151886, -0.08203400671482086, -1.8215208611409764e-17, 0, -2.220446049250313e-16, 1, -0.08203400671482086, -0.996629536151886, -2.2129621161146273e-16]}, "segments": [26045, 45733, 29036, 26910, 30444, 45771, 30421, 19499, 20673, 30054, 20614, 47046, 22568, 13562, 24475, 43608, 24534, 20521, 43597, 18076, 22488, 17451, 7782, 25246, 13433, 22287, 43574, 17324, 45413, 15952, 16227, 40198, 15868, 29607, 17480, 17419, 21200, 22315, 25780, 27639, 31334, 31417, 31567, 44006, 26685, 43964, 23458, 42158, 23832, 23815, 45549, 45535, 22373, 23840, 45842, 27557, 25076, 19986, 21421, 29760, 27311, 16191, 7346, 23057, 31423, 27810, 42179, 23320, 27191, 43928, 42217, 27195, 28972, 27386, 27429, 27796, 45310, 15983, 15873, 22370, 42841, 31822, 45837, 27987, 28241, 25184, 25923, 25907], "label": "shower"}, {"objectId": 3, "id": 3, "partId": 3, "index": 2, "dominantNormal": [0.9998481869697571, 0.017425229772925377, 3.869178260657108e-18], "obb": {"axesLengths": [0.47731749632844783, 0.47121400077907716, 0.22592014221756693], "centroid": [0.518717971041578, 1.2897311735026271, 0.43642200857947744], "normalizedAxes": [-0.017425227910280228, 0.9998481869697571, 2.2201089566070855e-16, 0, -2.220446049250313e-16, 1, 0.9998481869697571, 0.017425227910280228, 3.869177847066802e-18]}, "segments": [24273, 23456, 23548, 23600, 23290, 42200, 42225, 43868, 26620], "label": "towel"}, {"objectId": 4, "id": 4, "partId": 4, "index": 3, "dominantNormal": [0.9932084679603577, -0.11634840071201324, -2.5834534669758212e-17], "obb": {"axesLengths": [0.7706918462246948, 0.7789369647442479, 0.17972092956548788], "centroid": [2.6868301164932054, 1.1746903346099478, 0.12053150227968024], "normalizedAxes": [0.11634840071201324, 0.9932084679603577, 2.2053658187645323e-16, 0, -2.220446049250313e-16, 1, 0.9932084679603577, -0.11634840071201324, -2.5834534669758212e-17]}, "segments": [2253, 40010, 582, 39962, 1709, 425, 449, 1608, 1742, 1807, 14229, 38220, 979, 1007, 3097, 416, 418, 3991, 3061, 559, 607, 201, 498, 634, 1030, 1635, 3646, 4616, 14439, 14909, 15414, 38167, 38198, 39470, 40022, 38347, 14317, 14172, 39466], "label": "shelf"}, {"objectId": 5, "id": 5, "partId": 5, "index": 4, "dominantNormal": [0.9958860278129578, -0.09061475098133087, -2.0120516582029706e-17], "obb": {"axesLengths": [3.680366688678473, 2.5090099012327944, 0.3530372324208088], "centroid": [2.6220631017561673, -0.26697031199285176, -0.19790499401304862], "normalizedAxes": [0.09061474353075027, 0.9958860278129578, 2.2113111959608695e-16, 0, -2.220446049250313e-16, 1, 0.9958860278129578, -0.09061474353075027, -2.012051492766848e-17]}, "segments": [18567, 229, 40039, 10583, 2800, 40334, 19337, 14831, 11318, 12441, 6375, 11108, 6598, 14666, 16565, 1128, 1131, 41805, 40257, 6060, 22124, 15739, 6624, 38701], "label": "wall"}, {"objectId": 6, "id": 6, "partId": 6, "index": 5, "dominantNormal": [0.9937995076179504, -0.11118713021278381, -2.4688502400845594e-17], "obb": {"axesLengths": [1.761502597952133, 1.89284999908097, 0.36153808010312477], "centroid": [2.438602138678464, -0.292443587377648, 0.07642501980606431], "normalizedAxes": [0.11118713021278381, 0.9937995076179504, 2.2066781904371845e-16, 0, -2.220446049250313e-16, 1, 0.9937995076179504, -0.11118713021278381, -2.4688502400845594e-17]}, "segments": [39268, 28051, 47656, 26120, 6190, 4188, 44189, 35410, 30357, 21813, 43215, 1274, 11868, 42997, 20589, 26703, 22172, 5447, 24395, 5306, 42966, 5456, 13931, 39433, 6197, 47615, 26447, 13811, 43012, 18927, 28110, 4178, 28279, 10899, 3784, 43034, 1285, 4343, 5318, 38502, 4425, 4374, 1532, 1533, 38382, 38383, 4144, 39743, 15537, 84, 39711, 39061, 5528, 39250, 10641, 39032, 38326, 790, 1503, 39082, 10344, 6028, 39119, 14448, 13983, 13175, 14097, 14054, 5556, 39757, 10379, 10429, 45703], "label": "curtain"}, {"objectId": 7, "id": 7, "partId": 7, "index": 6, "dominantNormal": [0.9925504922866821, -0.12183407694101334, -2.7052599480773173e-17], "obb": {"axesLengths": [1.1696758860022756, 0.8688400193563092, 0.4021805078717744], "centroid": [2.538845664753333, -0.2673853146212414, -1.004419984197169], "normalizedAxes": [0.12183406949043274, 0.9925504922866821, 2.2039048192794167e-16, 0, -2.220446049250313e-16, 1, 0.9925504922866821, -0.12183406949043274, -2.7052597826411948e-17]}, "segments": [7662, 5035, 2703, 39549, 5677, 38661, 16008, 15220, 14992, 14936, 2414, 2514, 4635, 5580, 5705, 5751, 5757, 5851, 14913, 14946, 38372, 38534, 38655, 38660, 39647, 38427, 2501, 3482], "label": "cabinet"}, {"objectId": 8, "id": 8, "partId": 8, "index": 7, "dominantNormal": [-0.11992524564266205, -0.9927829504013062, -2.2044209799816498e-16], "obb": {"axesLengths": [1.045432995111755, 2.5398299126365047, 0.28547595426299827], "centroid": [1.9016418310497718, -1.9451400192154722, -0.19818495702330075], "normalizedAxes": [0.9927829504013062, -0.11992523819208145, -2.6628752134901002e-17, 0, -2.220446049250313e-16, 1, -0.11992523819208145, -0.9927829504013062, -2.2044209799816498e-16]}, "segments": [4835, 4061, 7290, 7892, 36490, 24667, 37407, 19305, 6296, 19287, 35950, 47958, 4567], "label": "wall"}, {"objectId": 9, "id": 9, "partId": 9, "index": 8, "dominantNormal": [0, -2.220446049250313e-16, 1], "obb": {"axesLengths": [3.859767230176161, 0.13315999210268298, 2.818312760509618], "centroid": [1.2036452817845158, -0.020045196452628325, -1.436579964609891], "normalizedAxes": [0.8723944425582886, -0.48880255222320557, -1.0853596959474866e-16, 0, -2.220446049250313e-16, 1, -0.48880255222320557, -0.8723944425582886, -1.937104793366481e-16]}, "segments": [1946, 18467, 27134, 30728, 48286], "label": "floor"}, {"objectId": 10, "id": 10, "partId": 10, "index": 9, "dominantNormal": [0, -2.220446049250313e-16, 1], "obb": {"axesLengths": [2.3147431747207614, 0.7250559167923942, 0.9252531388497015], "centroid": [1.6062457735422104, 1.2424386774101377, -1.3074719557731154], "normalizedAxes": [0.988693356513977, -0.14995162189006805, -3.329594864044784e-17, 0, -2.220446049250313e-16, 1, -0.14995162189006805, -0.988693356513977, -2.1953402573914916e-16]}, "segments": [36415, 32836, 30924, 38128, 32976, 28174, 35219, 44311, 29427, 29247, 36835, 36642, 36609, 36778, 31871, 31886, 28206, 31038, 1966, 48083, 44390, 36395, 36040, 33011, 30571, 36410, 36981, 31031, 31693, 44422, 30983, 45974, 27630, 29069, 35205, 36711, 35214, 31640], "label": "bathtub"}, {"objectId": 11, "id": 11, "partId": 11, "index": 10, "dominantNormal": [0.9933040738105774, -0.11552915722131729, -2.5652626072529226e-17], "obb": {"axesLengths": [2.448321291439434, 2.5186600122155234, 0.2743962949061604], "centroid": [-0.4064583396605408, 0.6629798711970138, -0.1970699925630537], "normalizedAxes": [0.11552916467189789, 0.9933040738105774, 2.205578106396938e-16, 0, -2.220446049250313e-16, 1, 0.9933040738105774, -0.11552916467189789, -2.565262772689045e-17]}, "segments": [25991, 21605, 27100, 30646, 23499, 19080, 19169, 19114, 43307, 15842, 17869], "label": "wall"}, {"objectId": 12, "id": 12, "partId": 12, "index": 11,