{"segGroups": [{"objectId": 1, "id": 1, "partId": 1, "index": 0, "dominantNormal": [0, -2.220446049250313e-16, 1], "obb": {"axesLengths": [2.6942690286306035, 0.18096994949199405, 2.4673223643146405], "centroid": [-0.5078242222763876, 0.11313812990439664, -1.2746050234992428], "normalizedAxes": [0.9012125134468079, -0.4333774745464325, -9.622913011907042e-17, 0, -2.220446049250313e-16, 1, -0.4333774745464325, -0.9012125134468079, -2.0010937650179092e-16]}, "segments": [8241, 10186, 10259, 10699, 5224, 11776, 10987, 11902, 14925, 17604, 18953, 1497], "label": "floor"}, {"objectId": 2, "id": 2, "partId": 2, "index": 1, "dominantNormal": [0.9948856830596924, -0.10100724548101425, -2.2428113917397463e-17], "obb": {"axesLengths": [1.4628929453712185, 2.610759915170968, 0.14471287889667336], "centroid": [-1.6443585198403807, -0.2614577536449618, 0.035379988838657006], "normalizedAxes": [0.10100724548101425, 0.9948856830596924, 2.209089984405593e-16, 0, -2.220446049250313e-16, 1, 0.9948856830596924, -0.10100724548101425, -2.2428113917397463e-17]}, "segments": [2477, 1239, 2809, 4283, 3080], "label": "wall"}, {"objectId": 3, "id": 3, "partId": 3, "index": 2, "dominantNormal": [-0.09030073136091232, -0.9959145188331604, -2.2113744587341175e-16], "obb": {"axesLengths": [1.9187583822920127, 2.5439500240098663, 0.14606468063138564], "centroid": [-0.7448233273156222, -0.9061521767061997, -0.061975017110594166], "normalizedAxes": [0.9959145188331604, -0.09030073881149292, -2.0050791873836387e-17, 0, -2.220446049250313e-16, 1, -0.09030073881149292, -0.9959145188331604, -2.2113744587341175e-16]}, "segments": [44, 6600, 14202, 8187, 8807, 10049, 69, 3262, 3633, 7275, 9617, 9624, 15557, 3077], "label": "wall"}, {"objectId": 4, "id": 4, "partId": 4, "index": 3, "dominantNormal": [-0.08984241634607315, -0.9959560036659241, -2.2114665735671314e-16], "obb": {"axesLengths": [2.06838027767093, 2.599999846518042, 0.2360567937204925], "centroid": [-0.5394175620185375, 1.1067956013733313, -0.010000006446764242], "normalizedAxes": [0.9959560036659241, -0.08984241634607315, -1.9949023843073988e-17, 0, -2.220446049250313e-16, 1, -0.08984241634607315, -0.9959560036659241, -2.2114665735671314e-16]}, "segments": [11142, 6724, 968, 8390, 579, 598, 655, 1134, 1354, 1986, 3256, 3282, 3571, 3883, 3905, 4123, 4162, 6814, 8543, 8703, 8720, 9016, 11163, 11205, 11218, 11237, 11248, 11337, 11343, 11980, 11982, 12005, 12019, 12172, 12239, 12302, 12386, 12462, 12504, 13062, 15954, 15955, 16536, 16538, 16591, 17325, 17331, 17516, 17521, 18104, 18753, 18759], "label": "wall"}, {"objectId": 5, "id": 5, "partId": 5, "index": 4, "dominantNormal": [0.1030174270272255, -0.9946795701980591, -2.2086323219162797e-16], "obb": {"axesLengths": [0.9116754404372531, 2.208779941302985, 0.5727588520173532], "centroid": [-1.1863110359644016, 0.4858099770281261, -0.19438998097255933], "normalizedAxes": [0.9946795701980591, 0.1030174270272255, 2.2874463884653527e-17, 0, -2.220446049250313e-16, 1, 0.1030174270272255, -0.9946795701980591, -2.2086323219162797e-16]}, "segments": [13464, 10318, 9699, 13401, 9706, 14129, 4547, 5802, 5295, 14144, 13372, 11081, 5869, 5846, 4817, 13598, 10428, 4820, 4595, 4419, 4572, 4392, 4414, 5121, 6527, 18438, 4749, 6935, 7072, 7569, 7776, 7782, 7805, 7816, 7924, 7978, 8003, 8105, 10294, 11894, 12964, 13380, 13434, 13490, 13550, 13569, 13573, 13583, 13596, 13683, 13687, 13935, 16230, 16342, 16352, 16504, 18174, 18230, 18284, 18288, 18329, 18349, 18520, 15295, 4983, 10467], "label": "shower curtain"}, {"objectId": 6, "id": 6, "partId": 6, "index": 5, "dominantNormal": [0.995692253112793, -0.09271961450576782, -2.0587890171734418e-17], "obb": {"axesLengths": [0.30310629549979007, 0.6486419741367849, 0.1067049729131108], "centroid": [-1.6221321613102808, -0.10364919224519542, -0.5343209920250408], "normalizedAxes": [0.09271961450576782, 0.995692253112793, 2.210880929693444e-16, 0, -2.220446049250313e-16, 1, 0.995692253112793, -0.09271961450576782, -2.0587890171734418e-17]}, "segments": [2373, 2687, 5941, 2520], "label": "towel"}, {"objectId": 7, "id": 7, "partId": 7, "index": 6, "dominantNormal": [0, -2.220446049250313e-16, 1], "obb": {"axesLengths": [0.6471511264334326, 0.41149397764740914, 0.5482196082171936], "centroid": [-0.7457029037186658, -0.6825254061797805, -0.544253010619514], "normalizedAxes": [0.9962397217750549, 0.08663984388113022, 1.923790990535195e-17, 0, -2.220446049250313e-16, 1, 0.08663984388113022, -0.9962397217750549, -2.2120965543216518e-16]}, "segments": [18674, 18691, 18616, 4433, 18732, 15573, 5635, 10196, 384, 774, 778, 1122, 1164, 3978, 4020, 4030, 4083, 4193, 4306, 4914, 5753, 10120, 14341, 14560, 14757, 15499, 15501, 15787, 15812, 18545, 18621, 18714, 14295, 9671, 18581, 18538, 14470, 19166, 777], "label": "sink"}, {"objectId": 8, "id": 8, "partId": 8, "index": 7, "dominantNormal": [-0.2795105278491974, -0.9601426124572754, -2.1319448705476316e-16], "obb": {"axesLengths": [0.8697291155091071, 0.6621799917031826, 0.4376017143919424], "centroid": [-0.7151407115292361, -0.6807302914043004, -1.0010900137722492], "normalizedAxes": [0.9601426124572754, -0.279510498046875, -6.20637981112171e-17, 0, -2.220446049250313e-16, 1, -0.279510498046875, -0.9601426124572754, -2.1319448705476316e-16]}, "segments": [15111, 14979, 14207, 397, 14603, 14816, 14841, 15740, 18763, 19125, 19175, 19199, 14179, 15159, 15106, 19136, 14398], "label": "bath cabinet"}, {"objectId": 9, "id": 9, "partId": 9, "index": 8, "dominantNormal": [0.9993896484375, -0.03493248298764229, -7.756569384041409e-18], "obb": {"axesLengths": [0.4793092248603317, 0.48948701122059624, 0.1430345600891808], "centroid": [-0.22840478617866924, -0.7303168030807714, -0.7175085099245946], "normalizedAxes": [0.03493248298764229, 0.9993896484375, 2.2190907965347062e-16, 0, -2.220446049250313e-16, 1, 0.9993896484375, -0.03493248298764229, -7.756569384041409e-18]}, "segments": [15332, 10784, 14522, 12365, 17402, 15377, 15407, 12135, 12402, 12561, 15368, 15386], "label": "towel"}, {"objectId": 10, "id": 10, "partId": 10, "index": 9, "dominantNormal": [0.1470910906791687, -0.9891229271888733, -2.1962940958994388e-16], "obb": {"axesLengths": [0.3808736509041512, 0.8199999596178537, 0.2503475095763673], "centroid": [0.05995350457412235, -0.8494362168584433, 0.2999999666566402], "normalizedAxes": [0.9891229271888733, 0.1470910906791687, 3.266078311784797e-17, 0, -2.220446049250313e-16, 1, 0.1470910906791687, -0.9891229271888733, -2.1962940958994388e-16]}, "segments": [17041, 11534, 17068, 11517, 16732, 4464, 7021], "label": "bath cabinet"}, {"objectId": 11, "id": 11, "partId": 11, "index": 10, "dominantNormal": [0.7887536287307739, 0.6147094964981079, 1.3649292729358729e-16], "obb": {"axesLengths": [0.5883779697331809, 2.051050021103395, 0.3668576202207071], "centroid": [-1.4152519411062356, -0.6477188160412988, -0.2955250240020082], "normalizedAxes": [-0.6147094964981079, 0.7887535691261292, 1.7513847463981972e-16, 0, -2.220446049250313e-16, 1, 0.7887535691261292, 0.6147094964981079, 1.3649292729358729e-16]}, "segments": [7119, 15820, 15845, 1784, 1967, 15711], "label": "bath cabinet"}, {"objectId": 12, "id": 12, "partId": 12, "index": 11, "dominantNormal": [0.9963150024414062, -0.0857694000005722, -1.9044632537784035e-17], "obb": {"axesLengths": [0.7331427813148151, 1.994567945720971, 0.30138907354444544], "centroid": [0.5485624260119554, 0.6363292140879784, -0.31562597474748033], "normalizedAxes": [0.08576939254999161, 0.9963150024414062, 2.2122637109798365e-16, 0, -2.220446049250313e-16, 1, 0.9963150024414062, -0.08576939254999161, -1.904463088342281e-17]}, "segments": [8919, 6725, 8281, 11524, 3824, 3836, 5763, 9151, 9275, 9291, 9295, 16632, 16676, 17184, 17204], "label": "wall"}, {"objectId": 13, "id": 13, "partId": 13, "index": 12, "dominantNormal": [0.9994744062423706, 0.03241826966404915, 7.19830187990692e-18], "obb": {"axesLengths": [0.6628932776077465, 0.9270200522164984, 0.4627790114983815],