{"segGroups": [{"objectId": 17, "id": 17, "partId": 17, "index": 0, "dominantNormal": [0.9956414103507996, -0.09326417744159698, -2.070880743367742e-17], "obb": {"axesLengths": [1.004918279891594, 0.619999981597066, 0.08355516496669596], "centroid": [-0.4328559199443387, -0.05027454639230633, -0.3200000480934977], "normalizedAxes": [0.09326417744159698, 0.9956414103507996, 2.2107680360834427e-16, 0, -2.220446049250313e-16, 1, 0.9956414103507996, -0.09326417744159698, -2.070880743367742e-17]}, "segments": [8940, 8719, 7123, 18342], "label": "window"}, {"objectId": 18, "id": 18, "partId": 18, "index": 1, "dominantNormal": [0.9933730363845825, -0.11493505537509918, -2.5520708962800494e-17], "obb": {"axesLengths": [1.011670950618943, 0.9276922659346696, 0.07302580065199768], "centroid": [-0.42398740438548543, -0.07023657433781383, 0.4261537750925011], "normalizedAxes": [0.11493504792451859, 0.9933730363845825, 2.2057312340719338e-16, 0, -2.220446049250313e-16, 1, 0.9933730363845825, -0.11493504792451859, -2.552070730843927e-17]}, "segments": [15485, 20882], "label": "blinds"}, {"objectId": 21, "id": 21, "partId": 21, "index": 4, "dominantNormal": [0.5565804243087769, -0.8307937383651733, -1.8447326740948474e-16], "obb": {"axesLengths": [1.3230877111458328, 2.679999947249889, 0.75725711391646], "centroid": [0.701622224134484, 0.9343144718916156, -0.3900000645220272], "normalizedAxes": [0.8307937383651733, 0.5565804243087769, 1.2358568042464865e-16, 0, -2.220446049250313e-16, 1, 0.5565804243087769, -0.8307937383651733, -1.8447326740948474e-16]}, "segments": [13071, 26702, 11167, 12126, 30257, 14572, 14582, 14596, 15431, 19615, 19628, 20084, 20115, 20998, 24014, 24041, 25976, 27539, 29964, 30127, 30732, 15364, 9184, 10511, 13665, 14393, 14432, 14553, 14943, 14946, 15040, 15046, 18540, 18545, 18590, 18651, 18681, 18700, 18704, 18929, 20230, 27284, 27285, 27418, 27447, 27464, 27467, 28105, 28142, 29253, 29270, 29271, 29274, 29279, 29341, 29342, 29362, 29379, 29382, 29385, 31010, 9807, 220, 86, 4356, 4381, 5521, 5582, 7086, 7366, 7370, 8067, 9792, 11097, 13020, 14515, 14536, 14563, 14919, 15155, 15161, 15402, 15406, 15774, 15783, 15846, 16108, 16464, 18506, 18620, 18853, 18913, 18940, 18955, 19094, 19201, 19470, 19687, 19822, 20259, 20531, 24163, 24166, 24181, 24196, 24860, 24862, 24864, 25634, 27402, 28133, 29468, 29486, 29961, 29978, 30063, 30280, 19629, 29225], "label": "shower wall"}, {"objectId": 23, "id": 23, "partId": 23, "index": 5, "dominantNormal": [0.9800010323524475, -0.19899247586727142, -4.418520568700211e-17], "obb": {"axesLengths": [0.5436679006192132, 0.5895499455284336, 0.23101720921711288], "centroid": [-0.39089433673857354, -0.25938290286491217, -1.0847750343060119], "normalizedAxes": [0.19899247586727142, 0.9800010323524475, 2.1760394205482203e-16, 0, -2.220446049250313e-16, 1, 0.9800010323524475, -0.19899247586727142, -4.418520568700211e-17]}, "segments": [22405, 19807, 2947, 2955, 22420], "label": "towel"}, {"objectId": 24, "id": 24, "partId": 24, "index": 6, "dominantNormal": [0.9859524369239807, 0.16702644526958466, 3.708732105191729e-17], "obb": {"axesLengths": [0.42892291852762254, 0.5399999497830876, 0.20770217336377736], "centroid": [-0.3596278090642273, 0.08588602440537041, -1.0399999963492161], "normalizedAxes": [-0.16702644526958466, 0.9859524369239807, 2.1892541933165715e-16, 0, -2.220446049250313e-16, 1, 0.9859524369239807, 0.16702644526958466, 3.708732105191729e-17]}, "segments": [9325, 20543, 9353, 9355, 20711, 20688, 32277, 30391], "label": "towel"}, {"objectId": 25, "id": 25, "partId": 25, "index": 7, "dominantNormal": [0.9649852514266968, -0.2623042166233063, -5.824323615029187e-17], "obb": {"axesLengths": [0.2532173072924142, 0.7064900240341565, 0.18755877276066366], "centroid": [1.2363191717139335, -1.1435410435916755, -1.243245035560913], "normalizedAxes": [0.2623042166233063, 0.9649852514266968, 2.142697689115229e-16, 0, -2.220446049250313e-16, 1, 0.9649852514266968, -0.2623042166233063, -5.824323615029187e-17]}, "segments": [27218, 3303, 5500, 24492, 24509, 24516, 24520, 24856], "label": "towel"}, {"objectId": 26, "id": 26, "partId": 26, "index": 8, "dominantNormal": [0.038738835602998734, -0.9992493987083435, -2.2187793795776922e-16], "obb": {"axesLengths": [2.5695324812038423, 1.9796699439062926, 0.4184174002382317], "centroid": [0.7041458212327039, -1.1014622080969834, -0.6798350342399999], "normalizedAxes": [0.9992493987083435, 0.038738835602998734, 8.60174944672359e-18, 0, -2.220446049250313e-16, 1, 0.038738835602998734, -0.9992493987083435, -2.2187793795776922e-16]}, "segments": [9111, 23624, 23633, 15138, 21034, 18715, 29015, 3560, 521, 2619, 2128, 799, 21066, 1751, 31936, 17938, 16087, 23212], "label": "wall"}, {"objectId": 27, "id": 27, "partId": 27, "index": 9, "dominantNormal": [0, -2.220446049250313e-16, 1], "obb": {"axesLengths": [2.247347412395633, 0.469949950204418, 1.1142775369406674], "centroid": [0.6981416464351068, 0.39879272884310946, 0.864974898510241], "normalizedAxes": [0.589164674282074, 0.8080130219459534, 1.7941493223226987e-16, 0, -2.220446049250313e-16, 1, 0.8080130219459534, -0.589164674282074, -1.3082083733674787e-16]}, "segments": [11027, 10242, 1750, 1639, 9162, 9189, 31556, 17563, 17603, 17649, 600, 1464, 2239, 9144, 10432, 11334, 12958, 12962, 12980, 14528, 15199, 27478, 31931, 31534, 3208, 457, 22905, 22617, 2191, 164, 165, 412, 432, 446, 6136, 22283, 22293, 22296, 22576, 23877, 23886, 30891, 5965, 6247, 17536], "label": "ceiling"}, {"objectId": 28, "id": 28, "partId": 28, "index": 10, "dominantNormal": [0.9783029556274414, 0.20717935264110565, 4.6003057505818046e-17], "obb": {"axesLengths": [0.18875427176327714, 0.32665991053000276, 0.11325277649561183], "centroid": [-0.2597693163807022, 0.9261308149769012, -1.5039500239353625], "normalizedAxes": [-0.20717935264110565, 0.9783029556274414, 2.1722689327928566e-16, 0, -2.220446049250313e-16, 1, 0.9783029556274414, 0.20717935264110565, 4.6003057505818046e-17]}, "segments": [30411, 23509, 30154, 30166, 22644, 22702, 30146, 30149], "label": "toilet brush"}, {"objectId": 1, "id": 1, "partId": 1, "index": 11, "dominantNormal": [0.9999564290046692, -0.009332570247352123, -2.072246873508404e-18], "obb": {"axesLengths": [0.5178708258466397, 0.49208008143126775, 0.3873188188439361], "centroid": [0.04338351755331371, 0.9688217317193222, -1.4324600357757504], "normalizedAxes": [0.009332571178674698, 0.9999564290046692, 2.220349302205869e-16, 0, -2.220446049250313e-16, 1, 0.9999564290046692, -0.009332571178674698, -2.072247080303557e-18]}, "segments": [17828, 17725, 16962, 29423, 17761, 18431, 16575, 17698, 18446, 18900, 18454, 23632], "label": "toilet"}, {"objectId": 3, "id": 3, "partId": 3, "index": 12, "dominantNormal": [0, -2.220446049250313e-16, 1], "obb": {"axesLengths": [3.7856048006922505, 0.3595700183606884, 2.206376801316624], "centroid": [1.195421724349889, -0.29017898110199425, -1.549785041068829], "normalizedAxes": [0.9365971088409424, -0.3504081070423126, -7.780622969073839e-17, 0, -2.220446049250313e-16, 1, -0.3504081070423126, -0.9365971088409424, -2.079663350065136e-16]}, "segments": [21289, 22251, 2206, 2469, 3302, 3524, 3527, 24140, 16591, 1055, 1393, 2118, 2181, 2839, 2841, 6666, 18855, 18948, 20561, 16985, 16990, 23561, 7784, 31202, 1114, 1101, 2157, 6106, 7544, 8778, 16954, 18033, 1585, 1957, 20669, 1340, 6555], "label": "floor"}, {"objectId": 4, "id": 4, "partId": 4, "index": 13, "dominantNormal": [-0.1287873089313507, -0.9916722178459167, -2.2019546582672617e-16], "obb": {"axesLengths": [1.6789579629202305, 0.9141380582569968, 0.5667830334014429], "centroid": [0.40808880516320756, -0.9207476316527495, -1.1268910495141664], "normalizedAxes": [0.9916722178459167, -0.1287873089313507, -2.8596527131019724e-17, 0, -2.220446049250313e-16, 1, -0.1287873089313507, -0.9916722178459167, -2.2019546582672617e-16]},