{"segGroups": [{"objectId": 31, "id": 31, "partId": 31, "index": 0, "dominantNormal": [0.11541268974542618, -0.9933176040649414, -2.2056081495967859e-16], "obb": {"axesLengths": [0.7639667969553141, 2.019999965578317, 0.1711196174292181], "centroid": [-2.5635086973329093, -0.6810491065548883, -0.6000000905245542], "normalizedAxes": [0.9933176040649414, 0.11541268974542618, 2.5626765097858368e-17, 0, -2.220446049250313e-16, 1, 0.11541268974542618, -0.9933176040649414, -2.2056081495967859e-16]}, "segments": [37635, 49886, 5559, 8501, 4325], "label": "doorframe"}, {"objectId": 1, "id": 1, "partId": 1, "index": 1, "dominantNormal": [0, -2.220446049250313e-16, 1], "obb": {"axesLengths": [4.454383428546964, 0.32367002240560855, 2.471518901654214], "centroid": [-0.9025281185584643, 0.46866455767244175, -1.511835099864713], "normalizedAxes": [0.9934943318367004, 0.11388148367404938, 2.5286769050680697e-17, 0, -2.220446049250313e-16, 1, 0.11388148367404938, -0.9934943318367004, -2.206000564079381e-16]}, "segments": [26807, 31199, 34373, 33261, 35475, 23740, 3059, 38682, 13648, 47857, 13689, 24673], "label": "floor"}, {"objectId": 2, "id": 2, "partId": 2, "index": 2, "dominantNormal": [-0.03614502027630806, -0.9993465542793274, -2.218995108281446e-16], "obb": {"axesLengths": [2.3127686827918357, 2.5795009155683, 0.9568352711650289], "centroid": [-1.9592429256751074, 1.1683525712832565, -0.3333695512256887], "normalizedAxes": [0.9993465542793274, -0.03614502027630806, -8.025806747260069e-18, 0, -2.220446049250313e-16, 1, -0.03614502027630806, -0.9993465542793274, -2.218995108281446e-16]}, "segments": [19237, 20210, 18702, 18709, 20977, 797, 48914, 39430, 49151, 34309, 26236, 21630, 755, 1726, 1761, 1830, 1935, 7486, 8504, 8829, 8859, 10845, 11690, 12209, 14062, 14083, 14393, 14434, 14440, 15219, 20235, 21067, 21069, 21244, 21277, 21596, 21658, 21664, 21680, 21767, 21793, 21885, 21895, 21900, 21911, 26201, 35095, 35128, 35156, 35290, 38020, 40395, 40519, 41120, 41125, 41130, 41135, 41142, 41425, 41609, 42638, 42675, 42704, 42801, 42807, 42832, 43488, 44382, 44391, 47034, 47084, 47112, 47491, 47495, 47497, 47502, 47545, 48470, 49084, 49179, 49207, 21519, 27565, 25616, 26896, 30937, 22887, 34286, 25692, 17342, 48760, 19036, 42224, 14996, 1953, 302, 337, 636, 658, 820, 897, 1411, 1521, 1793, 2156, 2526, 4559, 4566, 4604, 4605, 4627, 4630, 4638, 4642, 4674, 4754, 4756, 4773, 4785, 4791, 5335, 7084, 7093, 7101, 7105, 7130, 7133, 7146, 7220, 7223, 7232, 7274, 7277, 7289, 7336, 7377, 7402, 7427, 7441, 7461, 7468, 7484, 7693, 7697, 7723, 7765, 7806, 7809, 7835, 7846, 7853, 7866, 7874, 7879, 7882, 7888, 8478, 10879, 10881, 10886, 10929, 10965, 10971, 11029, 11032, 11076, 11082, 11086, 11145, 13729, 13747, 13759, 13762, 13766, 13780, 13902, 13981, 14003, 14045, 14119, 14123, 14243, 14299, 14344, 14564, 14755, 14955, 14987, 14990, 15061, 15125, 15873, 17202, 18895, 18935, 18992, 19044, 19550, 21164, 21193, 21213, 21220, 22468, 22554, 22559, 22562, 22565, 25595, 25853, 25884, 25906, 26226, 34771, 35184, 36611, 40758, 40761, 40784, 40786, 40801, 40907, 40911, 40914, 40918, 40926, 40928, 40954, 40995, 40997, 41035, 41039, 41048, 41066, 41231, 41238, 41240, 41264, 42097, 42099, 42101, 42116, 42317, 42524, 42533, 42535, 42537, 42548, 42559, 42607, 42626, 42632, 42636, 42651, 42722, 42761, 42766, 42770, 42784, 42815, 42824, 42844, 42845, 42850, 43697, 43726, 43738, 44332, 44565, 45039, 45041, 45043, 45098, 45103, 46388, 47104, 49222, 49224, 49240, 33, 2687, 557, 564, 569, 609, 615, 739, 833, 946, 1044, 1222, 1357, 1679, 2527, 4341, 4385, 4417, 5344, 14529, 14777, 17364, 21033, 25786, 36658, 37087, 40210, 40222, 40234, 40237, 40302, 40344, 40360, 40744, 40840, 49455, 14773], "label": "wardrobe"}, {"objectId": 3, "id": 3, "partId": 3, "index": 3, "dominantNormal": [0.9993313550949097, 0.03656255081295967, 8.118517150315012e-18], "obb": {"axesLengths": [1.581845563254843, 2.5693689606479775, 0.1841193633195228], "centroid": [-3.0163933119101425, 0.12022938112395276, -0.35173558961446183], "normalizedAxes": [-0.03656255453824997, 0.9993313550949097, 2.218961359312454e-16, 0, -2.220446049250313e-16, 1, 0.9993313550949097, 0.03656255453824997, 8.118517977495625e-18]}, "segments": [13492, 17267, 9524, 5465, 15242, 36313, 6255, 12185], "label": "wall"}, {"objectId": 4, "id": 4, "partId": 4, "index": 4, "dominantNormal": [0.9974764585494995, -0.0709981843829155, -1.5764763801699e-17], "obb": {"axesLengths": [0.8793490243868135, 2.0399999460577964, 0.1722199432348425], "centroid": [-3.0411916925927054, 0.08716258708093827, -0.6100000807642936], "normalizedAxes": [0.0709981843829155, 0.9974764585494995, 2.2148426616064299e-16, 0, -2.220446049250313e-16, 1, 0.9974764585494995, -0.0709981843829155, -1.5764763801699e-17]}, "segments": [18087, 12645, 15428, 12541, 15490, 15280, 364, 10547], "label": "door"}, {"objectId": 5, "id": 5, "partId": 5, "index": 5, "dominantNormal": [0.9990797638893127, -0.04289070516824722, -9.523649684039453e-18], "obb": {"axesLengths": [0.7415664485436981, 0.9812299985908712, 0.3099446975962906], "centroid": [-2.873747037483341, -0.16505173513878824, -0.18061509883519244], "normalizedAxes": [0.04289070516824722, 0.9990797638893127, 2.21840271461396e-16, 0, -2.220446049250313e-16, 1, 0.9990797638893127, -0.04289070516824722, -9.523649684039453e-18]}, "segments": [9029, 12345, 10672, 11755, 5453, 5679, 11240, 5748, 11283, 12132, 41204, 41688, 41698, 12581], "label": "clothes"}, {"objectId": 6, "id": 6, "partId": 6, "index": 6, "dominantNormal": [0.03525475412607193, -0.9993783831596375, -2.2190657825929826e-16], "obb": {"axesLengths": [4.135097613918992, 2.5478899505461006, 0.1872431775099175], "centroid": [-0.9589874106647049, -0.5552557765468285, -0.3388550857710466], "normalizedAxes": [0.9993783831596375, 0.03525475412607193, 7.828127951652759e-18, 0, -2.220446049250313e-16, 1, 0.03525475412607193, -0.9993783831596375, -2.2190657825929826e-16]}, "segments": [541, 2096, 4268, 22973, 2048, 2533, 25716, 17525, 9748, 30078, 30480, 45434, 5965, 9236, 25953], "label": "wall"}, {"objectId": 7, "id": 7, "partId": 7, "index": 7, "dominantNormal": [0.048744071274995804, -0.9988113045692444, -2.2178066151773299e-16], "obb": {"axesLengths": [0.5470223304044126, 0.719999982714653, 0.04832622407251792], "centroid": [-1.0968128169239955, -0.5410020910175533, 0.069999911189079], "normalizedAxes": [0.9988113045692444, 0.0487440750002861, 1.0823358875874623e-17, 0, -2.220446049250313e-16, 1, 0.0487440750002861, -0.9988113045692444, -2.2178066151773299e-16]}, "segments": [1324, 6724, 1523], "label": "picture"}, {"objectId": 8, "id": 8, "partId": 8, "index": 8, "dominantNormal": [0.10338157415390015, -0.9946417808532715, -2.2085484127149424e-16], "obb": {"axesLengths": [0.7157230709279446, 2.042599930407107, 0.21264082024839048], "centroid": [-2.5680999796946136, -0.721888738148459, -0.5913000626571479], "normalizedAxes": [0.9946417808532715, 0.10338156670331955, 2.295531913516936e-17, 0, -2.220446049250313e-16, 1, 0.10338156670331955, -0.9946417808532715, -2.2085484127149424e-16]}, "segments": [170, 3812, 2707, 2716, 2765, 2776, 3904, 40553, 32429, 57, 1954, 2796], "label": "door"}, {"objectId": 9, "id": 9, "partId": 9, "index": 9, "dominantNormal": [0.004136338829994202, -0.9999914169311523, -2.2204269910089999e-16], "obb": {"axesLengths": [0.867883781943963, 1.9847479615044292, 0.377513179661896], "centroid": [-0.07561270213718618, -0.7942920118424253, -0.6176260925614978], "normalizedAxes": [0.9999914169311523, 0.004136338829994202, 9.184517213421287e-19, 0, -2.220446049250313e-16, 1, 0.004136338829994202, -0.9999914169311523, -2.2204269910089999e-16]},