{"segGroups": [{"objectId": 1, "id": 1, "partId": 1, "index": 0, "dominantNormal": [0, -2.220446049250313e-16, 1], "obb": {"axesLengths": [5.366544335359707, 0.25999998465180446, 2.1746262885375005], "centroid": [0.09981271967535166, 0.05078468186521248, -1.2999999027699245], "normalizedAxes": [0.8943330645561218, 0.44740182161331177, 9.934316072286714e-17, 0, -2.220446049250313e-16, 1, 0.44740182161331177, -0.8943330645561218, -1.985818319907566e-16]}, "segments": [6052, 12327, 10996, 4232, 662, 1513, 1866, 1404, 2389, 934, 959, 999, 1021, 1035, 1037, 1098, 1104, 1193, 1787, 1820, 2082, 4447, 4644, 4662, 4675, 4696, 4698, 7234, 7486, 7715, 8606, 10988, 11018, 11042, 11100, 11550, 11602, 12301, 12372, 14537, 14995, 15001, 15021, 15025, 15027, 15036, 15039, 15727, 16107, 16159, 16535, 4014, 3706, 12499], "label": "floor"}, {"objectId": 2, "id": 2, "partId": 2, "index": 1, "dominantNormal": [0.5558939576148987, -0.831253170967102, -1.8457528194006968e-16], "obb": {"axesLengths": [3.4759142568135837, 2.722789941963777, 0.1511487759625641], "centroid": [-0.20331617096439852, 0.5959379306070809, -0.00970492676559953], "normalizedAxes": [0.831253170967102, 0.5558939576148987, 1.2343325419881228e-16, 0, -2.220446049250313e-16, 1, 0.5558939576148987, -0.831253170967102, -1.8457528194006968e-16]}, "segments": [10343, 6464, 2718, 1633, 2859, 4767, 2475, 7711, 1728, 1776, 1964, 13508, 13596, 13796, 15658, 8850, 2473, 14856, 12407, 9514, 16848, 1936, 2112], "label": "wall"}, {"objectId": 3, "id": 3, "partId": 3, "index": 2, "dominantNormal": [0, -2.220446049250313e-16, 1], "obb": {"axesLengths": [4.1574783175876835, 0.1949399666129059, 1.5297284489071896], "centroid": [-0.4942671044275594, -0.06986988088379448, 1.2925299918086082], "normalizedAxes": [0.9358596205711365, 0.35237306356430054, 7.824253768535806e-17, 0, -2.220446049250313e-16, 1, 0.35237306356430054, -0.9358596205711365, -2.078025797150077e-16]}, "segments": [14155, 15842, 15861, 15822, 15785, 12443, 16765, 789, 12707, 12262, 12357, 10236, 6466, 2656, 1617], "label": "ceiling"}, {"objectId": 4, "id": 4, "partId": 4, "index": 3, "dominantNormal": [0.5534057021141052, -0.8329118490219116, -1.849435824534477e-16], "obb": {"axesLengths": [0.7141367205886272, 0.9799999673664573, 0.07410114259772473], "centroid": [-0.14704524449021525, 0.5789091179300667, 0.20000001899898034], "normalizedAxes": [0.8329118490219116, 0.5534057021141052, 1.2288075048918606e-16, 0, -2.220446049250313e-16, 1, 0.5534057021141052, -0.8329118490219116, -1.849435824534477e-16]}, "segments": [8317, 7475, 5113, 321, 282], "label": "picture"}, {"objectId": 6, "id": 6, "partId": 6, "index": 5, "dominantNormal": [0, -2.220446049250313e-16, 1], "obb": {"axesLengths": [0.9817685093596511, 0.7444769573701101, 0.8645495317991443], "centroid": [0.6188438367894538, 0.5113878938562163, -0.9886114469480928], "normalizedAxes": [0.9983335137367249, 0.05770806223154068, 1.2813763879191571e-17, 0, -2.220446049250313e-16, 1, 0.05770806223154068, -0.9983335137367249, -2.2167457064108939e-16]}, "segments": [3074, 9996, 10564, 10627, 16699, 15950, 9339, 10257, 10296, 15871, 10770, 16597, 5534, 8113, 10779, 12109, 12122, 16063, 16028, 3122, 3145, 5599, 12144, 16081, 8059, 9180, 15724, 7936, 10007, 10554, 6181], "label": "armchair"}, {"objectId": 7, "id": 7, "partId": 7, "index": 6, "dominantNormal": [0, -2.220446049250313e-16, 1], "obb": {"axesLengths": [0.9716573276181715, 0.7412980033167149, 0.9293110304669776], "centroid": [-0.6384296911239156, -0.30069099955559997, -0.9993509519990312], "normalizedAxes": [0.612645149230957, 0.7903580665588379, 1.7549474463836876e-16, 0, -2.220446049250313e-16, 1, 0.7903580665588379, -0.612645149230957, -1.360345501202247e-16]}, "segments": [7568, 6920, 7057, 15513, 5962, 15236, 4097, 3204, 3236, 3301, 3334, 3360, 3364, 3386, 3445, 3508, 3881, 4005, 4113, 5807, 6764, 6775, 15075, 15090, 15095, 15167, 15195, 15369, 129, 86, 15425, 3195, 3201, 5125, 5610, 5884, 5913, 6579, 6675, 6715, 6867, 15043, 15054, 15097, 15203, 7261, 2563, 2577, 6847, 15702, 9825], "label": "armchair"}, {"objectId": 8, "id": 8, "partId": 8, "index": 7, "dominantNormal": [0.8023291826248169, 0.5968818068504333, 1.3253438498904332e-16], "obb": {"axesLengths": [0.5791630665228433, 0.3666940249496542, 0.31944240033765603], "centroid": [-0.6909352106120623, -0.5087994737762916, -0.8242329864002834], "normalizedAxes": [-0.5968818068504333, 0.8023291826248169, 1.7815286637575076e-16, 0, -2.220446049250313e-16, 1, 0.8023291826248169, 0.5968818068504333, 1.3253438498904332e-16]}, "segments": [3405, 5295, 3214, 5308, 674], "label": "bag"}], "scan_id": "6bde609b-9162-246f-8f90-c3d2444a5ab8", "annId": "4571", "appId": "stk.v1"}