{"segGroups": [{"objectId": 3, "id": 3, "partId": 3, "index": 0, "dominantNormal": [0.6175484657287598, -0.7865328192710876, -1.746453691156197e-16], "obb": {"axesLengths": [2.0193898131123325, 2.431689923293367, 0.37584662989216727], "centroid": [-0.9167043983591712, 1.4617792185830123, -0.3458450154398762], "normalizedAxes": [0.7865328192710876, 0.6175484657287598, 1.371233050948017e-16, 0, -2.220446049250313e-16, 1, 0.6175484657287598, -0.7865328192710876, -1.746453691156197e-16]}, "segments": [13093, 18396, 15735, 9365, 7592, 28524, 19493, 19542, 28733, 16050, 20077, 16029], "label": "wall"}, {"objectId": 4, "id": 4, "partId": 4, "index": 1, "dominantNormal": [0, -2.220446049250313e-16, 1], "obb": {"axesLengths": [2.1579055326139374, 0.07071202835339241, 1.8556687041405229], "centroid": [-0.39207314427011575, 0.7671602177173501, 0.865355939819902], "normalizedAxes": [0.859264612197876, 0.5115313529968262, 1.13582777182947e-16, 0, -2.220446049250313e-16, 1, 0.5115313529968262, -0.859264612197876, -1.907950713415376e-16]}, "segments": [21222, 9746], "label": "ceiling"}, {"objectId": 5, "id": 5, "partId": 5, "index": 2, "dominantNormal": [0.7982539534568787, 0.6023210287094116, 1.3374213485781974e-16], "obb": {"axesLengths": [1.713062998437265, 2.440976922788241, 0.18266999845331863], "centroid": [0.38795555376993707, 1.3451659898042365, -0.331541510338899], "normalizedAxes": [-0.6023210287094116, 0.7982539534568787, 1.7724798372517695e-16, 0, -2.220446049250313e-16, 1, 0.7982539534568787, 0.6023210287094116, 1.3374213485781974e-16]}, "segments": [8482, 19650, 16253, 17954, 20206, 9463, 8780, 8762], "label": "wall"}, {"objectId": 6, "id": 6, "partId": 6, "index": 3, "dominantNormal": [0.7846055030822754, 0.6199953556060791, 1.3766662379090613e-16], "obb": {"axesLengths": [0.5753987910287132, 0.9642319463737613, 0.12137848100923998], "centroid": [0.5167182243859134, 1.1157210802542235, -0.35211601997652675], "normalizedAxes": [-0.6199953556060791, 0.7846054434776306, 1.7421740571901947e-16, 0, -2.220446049250313e-16, 1, 0.7846054434776306, 0.6199953556060791, 1.3766662379090613e-16]}, "segments": [14007, 4736, 23066, 23100, 4869, 5077, 5062, 23037, 4483, 22774, 501, 558, 1266, 22345, 333, 378, 420, 423, 460, 590, 648, 4739, 4768, 4781, 4841, 4894, 5042, 5046, 13796, 13955, 22270, 22274, 22282, 22285, 22300, 22304, 22317, 22323, 22326, 22330, 22756, 22968, 22969, 23040, 23044, 23057, 23077, 23124, 11157, 24774, 16246, 22896, 22910, 22924], "label": "clothes dryer"}, {"objectId": 7, "id": 7, "partId": 7, "index": 4, "dominantNormal": [0, -2.220446049250313e-16, 1], "obb": {"axesLengths": [0.7458877442234264, 0.3247369753255627, 0.34264282147973185], "centroid": [0.055961702071752883, 1.6937130018842774, 0.4323684532410983], "normalizedAxes": [-0.469169020652771, 0.883108377456665, 1.9608945077835061e-16, 0, -2.220446049250313e-16, 1, 0.883108377456665, 0.469169020652771, 1.0417644983390839e-16]}, "segments": [17126, 15887, 14096, 11009, 14130, 15820, 25335, 26594, 26655, 17150, 17114, 12042, 11044, 11052, 11068, 12038, 12043, 12047, 24646, 25121, 14330, 14317, 14392, 14410, 14447, 14521, 14662, 14666, 14679, 25033, 25072, 25076, 25080, 25090, 25096, 27095, 14434], "label": "shelf"}, {"objectId": 8, "id": 8, "partId": 8, "index": 5, "dominantNormal": [0.5310438275337219, -0.8473443388938904, -1.8814823896515573e-16], "obb": {"axesLengths": [0.5368379018425525, 0.8254700118570767, 0.44132207857799266], "centroid": [-0.022989700786781864, 1.5143150041072593, -1.1027350272371992], "normalizedAxes": [0.8473443388938904, 0.5310438275337219, 1.1791541688260175e-16, 0, -2.220446049250313e-16, 1, 0.5310438275337219, -0.8473443388938904, -1.8814823896515573e-16]}, "segments": [17888, 17916, 16392, 20470, 27221, 27124, 15527, 27238, 17456, 16329, 17532, 8955, 16377, 16391, 17686, 26283, 26733, 17860], "label": "toilet"}, {"objectId": 9, "id": 9, "partId": 9, "index": 6, "dominantNormal": [0, -2.220446049250313e-16, 1], "obb": {"axesLengths": [0.5546713117483419, 0.4599999086558837, 0.46745349136065034], "centroid": [0.358184479038514, 1.035236134906508, -1.3200000024586918], "normalizedAxes": [0.9527902603149414, 0.30362918972969055, 6.741922347723651e-17, 0, -2.220446049250313e-16, 1, 0.30362918972969055, -0.9527902603149414, -2.115619369280489e-16]}, "segments": [28952, 18094, 1547, 29030, 5261, 22125, 23301, 29046, 17246, 20653, 5824, 5832, 5850, 5891, 23280, 23304, 26684, 26687, 26690, 18126, 17986, 29008, 17955, 27380, 18170], "label": "bidet"}, {"objectId": 10, "id": 10, "partId": 10, "index": 7, "dominantNormal": [0.8829917907714844, -0.469388484954834, -1.0422518069815511e-16], "obb": {"axesLengths": [2.052154614378565, 2.4102299866773924, 1.4766150993147917], "centroid": [-0.9084946653527957, 0.7392656066895427, -0.4551150492180509], "normalizedAxes": [0.469388484954834, 0.8829917907714844, 1.9606356333390015e-16, 0, -2.220446049250313e-16, 1, 0.8829917907714844, -0.469388484954834, -1.0422518069815511e-16]},