{"segGroups": [{"objectId": 1, "id": 1, "partId": 1, "index": 0, "dominantNormal": [0, -2.220446049250313e-16, 1], "obb": {"axesLengths": [1.991482378735409, 0.21591996663987686, 1.5098359272612911], "centroid": [0.3734834229017202, 1.416341111060183, -1.2379599976828692], "normalizedAxes": [0.7158306837081909, 0.6982738971710205, 1.5504795162680119e-16, 0, -2.220446049250313e-16, 1, 0.6982738971710205, -0.7158306837081909, -1.589463413572003e-16]}, "segments": [34, 405, 2841, 1351, 1097, 3504, 2064, 2068, 920], "label": "floor"}, {"objectId": 2, "id": 2, "partId": 2, "index": 1, "dominantNormal": [0.9888256192207336, -0.1490767002105713, -3.3101677001783633e-17], "obb": {"axesLengths": [0.6777384945857522, 0.8707550271431719, 0.5970093689415545], "centroid": [-0.09775775614919935, 1.1260860632647318, -0.8676825564705752], "normalizedAxes": [0.1490767002105713, 0.9888256192207336, 2.1956339395961725e-16, 0, -2.220446049250313e-16, 1, 0.9888256192207336, -0.1490767002105713, -3.3101677001783633e-17]}, "segments": [339, 2290, 4804, 1216, 3985, 187, 66, 1380, 39, 81, 95, 105, 141, 361, 362, 582, 587, 617, 622, 642, 643, 649, 657, 661, 667, 680, 681, 698, 1206, 1208, 1222, 1246, 1249, 1266, 1297, 1309, 1392, 1764, 1771, 1776, 1788, 1803, 1813, 1818, 1841, 1866, 2303, 2319, 2326, 2328, 2359, 2767, 2775, 2781, 3616, 3618, 3621, 3630, 3632, 3633, 3647, 3835, 3864, 3988, 3995, 4027, 4042, 4046, 4068, 4158, 4178, 4205, 4277, 4356, 4456, 4856, 872, 461, 3974, 560, 1616, 3597, 1622, 3604, 3602, 1621, 1645], "label": "chair"}, {"objectId": 3, "id": 3, "partId": 3, "index": 2, "dominantNormal": [0.014795299619436264, -0.9998905658721924, -2.2202030566735695e-16], "obb": {"axesLengths": [1.7381509876501857, 0.8999999560415749, 0.8959478321968202], "centroid": [0.32519620365416574, 2.0096656300232087, -0.8200000189077848], "normalizedAxes": [0.9998905658721924, 0.01479529868811369, 3.285216251950038e-18, 0, -2.220446049250313e-16, 1, 0.01479529868811369, -0.9998905658721924, -2.2202030566735695e-16]}, "segments": [3519, 452, 449, 717, 2934, 3555, 2879, 1133, 3805, 1168, 377, 242, 245, 252, 253, 295, 302, 310, 354, 404, 426, 435, 527, 581, 585, 601, 772, 821, 841, 846, 928, 943, 945, 979, 1005, 1131, 1181, 1493, 1523, 1548, 1606, 1699, 2045, 2104, 2134, 2139, 2145, 2183, 2220, 2291, 2419, 2429, 2431, 2436, 2446, 2524, 2559, 2591, 2601, 2603, 2611, 2621, 2626, 2672, 2680, 2688, 2719, 2728, 2792, 2812, 2855, 2870, 2876, 2883, 2889, 2898, 2917, 2924, 2930, 2948, 2949, 2957, 2959, 3040, 3068, 3083, 3132, 3149, 3151, 3158, 3175, 3196, 3201, 3212, 3218, 3226, 3281, 3301, 3304, 3313, 3326, 3330, 3340, 3372, 3375, 3389, 3426, 3442, 3489, 3497, 3517, 3696, 3710, 3713, 3718, 3723, 3725, 3727, 3753, 3797, 3800, 3802, 3830, 3916, 4253, 4264, 4269, 4476, 4483, 4615, 4665, 4668, 4670, 4858, 4942, 5020, 5103, 5109, 5112, 5142, 5230, 5235, 5238, 5256, 5263, 5297, 5303, 1581, 1730, 5148, 2588, 3909, 1492, 1495, 1508, 1888, 1897, 2580, 2738, 3952, 4602, 4631, 2152, 1951, 5052, 222, 549, 565, 574, 720, 760, 902, 1109, 1119, 1120, 1446, 1474, 1489, 1937, 1955, 1970, 1983, 2032, 2599, 2641, 3293, 3902, 3905, 4563, 4575, 4612, 3925, 4495, 3286, 1468, 3014, 3032, 2541, 1687, 1914, 2185, 2372, 2415, 1092], "label": "desk"}], "scan_id": "20c993c5-698f-29c5-8604-3248ede4091f", "annId": "4228", "appId": "stk.v1"}