{"segGroups": [{"objectId": 1, "id": 1, "partId": 1, "index": 0, "dominantNormal": [0, -2.220446049250313e-16, 1], "obb": {"axesLengths": [6.544324621912118, 0.44000004738569115, 3.753044436134719], "centroid": [1.6273127264086158, -0.41075153303659023, -1.370000043064356], "normalizedAxes": [0.926045298576355, -0.3774124085903168, -8.380238915924138e-17, 0, -2.220446049250313e-16, 1, -0.3774124085903168, -0.926045298576355, -2.056233624650694e-16]}, "segments": [18135, 13291, 19775, 11165, 16569, 2090, 3958, 573, 9725, 295, 441, 448, 456, 512, 517, 646, 2182, 2611, 2617, 2629, 2915, 3023, 4037, 5000, 6634, 7255, 7277, 7329, 7350, 7887, 8471, 8543, 8565, 8578, 8609, 9294, 9853, 10424, 10828, 10873, 10883, 11009, 11078, 11089, 13239, 13352, 13362, 13386, 13605, 13612, 16601, 17041, 17215, 18021, 19039, 19767, 19821, 20259, 20588, 21780, 21946, 22126, 22298, 22299, 22320, 22321, 22333, 22352, 23015, 25882, 18865, 8439, 26307, 11336, 20584, 2586], "label": "floor"}, {"objectId": 2, "id": 2, "partId": 2, "index": 1, "dominantNormal": [-0.5868184566497803, -0.8097185492515564, -1.7979363536903135e-16], "obb": {"axesLengths": [1.4342445296897437, 0.9610719465969808, 0.8370526544635235], "centroid": [1.7397650119726447, -0.1517955210733924, -1.0156840548138915], "normalizedAxes": [0.8097185492515564, -0.5868183970451355, -1.3029985913462727e-16, 0, -2.220446049250313e-16, 1, -0.5868183970451355, -0.8097185492515564, -1.7979363536903135e-16]}, "segments": [14739, 24437, 4263, 24591, 11577, 21451, 7967, 24495, 16811, 14542, 24189, 23252, 18632, 18825, 18760, 24543, 6063, 20480, 5, 239, 659, 818, 1824, 1966, 1994, 2023, 2026, 3983, 4124, 4192, 4239, 4302, 4554, 5864, 6557, 6631, 6702, 6774, 7990, 7998, 8066, 8083, 8112, 12814, 12876, 12925, 13475, 13569, 13581, 13584, 13586, 13607, 13614, 13876, 13883, 13943, 13983, 14000, 14841, 15895, 16228, 16536, 16548, 18980, 19587, 20565, 20650, 20682, 21079, 21791, 21803, 21826, 21844, 21861, 21910, 21915, 22210, 22250, 22255, 22271, 22279, 24653, 24685, 24697, 24735, 24740, 24745, 24982, 24985, 24998, 25228, 25319, 26761, 17079, 13155, 15296, 25272, 8261, 18979, 6065, 15136, 15197, 7521, 13541, 4332, 4207, 19017, 3999, 22222], "label": "couch"}, {"objectId": 3, "id": 3, "partId": 3, "index": 2, "dominantNormal": [-0.43540847301483154, -0.9002330303192139, -1.9989188755769357e-16], "obb": {"axesLengths": [1.8374824610457146, 0.9604230308438152, 0.9457267266716951], "centroid": [0.5280352158663428, 0.6260380491708126, -1.0015685725606562], "normalizedAxes": [0.9002329707145691, -0.43540850281715393, -9.668010898903433e-17, 0, -2.220446049250313e-16, 1, -0.43540850281715393, -0.9002329707145691, -1.9989187432280377e-16]}, "segments": [10287, 14888, 7002, 5668, 9043, 4640, 6909, 6889, 11306, 23871, 23935, 4780, 4999, 5057, 5131, 5165, 5274, 5412, 5522, 5566, 5573, 5919, 6086, 6228, 6251, 6664, 6700, 6753, 6957, 6983, 7111, 7131, 7235, 7244, 8191, 8340, 8371, 9619, 10249, 10596, 10955, 11312, 14467, 14482, 14881, 15298, 15319, 15451, 15452, 15454, 15498, 16967, 21105, 21205, 21213, 21244, 21245, 21314, 21444, 21498, 21502, 21925, 21927, 22445, 22450, 22455, 23145, 23184, 23237, 23449, 23450, 23969, 15839, 15425, 6322, 5361, 8094, 8154, 10283, 21895, 21908, 21073, 2093, 13763, 23130, 10633, 880, 21901, 23462], "label": "couch"}, {"objectId": 4, "id": 4, "partId": 4, "index": 3, "dominantNormal": [0.8816760182380676, -0.4718552827835083, -1.0477291984745303e-16], "obb": {"axesLengths": [1.038180051365491, 1.0458579127671286, 1.041645427656856], "centroid": [2.259498027668676, -1.200720991965633, -0.9471010298184831], "normalizedAxes": [0.8816760182380676, -0.4718552827835083, -1.0477291984745303e-16, 0, -2.220446049250313e-16, 1, -0.4718552827835083, -0.8816760182380676, -1.9577140314154642e-16]}, "segments": [7894, 13919, 27, 994, 9281, 17952, 19686, 1337, 23313, 14323, 23298, 0, 42, 100, 170, 1214, 5436, 6907, 6917, 8671, 8981, 14169, 14431, 14822, 17488, 17494, 17582, 17586, 17590, 17592, 17865, 17927, 18046, 18047, 18656, 18684, 18689, 18704, 18711, 18712, 18717, 18741, 18785, 18795, 18844, 19335, 19350, 19763, 20897, 20899, 24959, 24962, 24966, 25082, 25084, 25354, 25380, 25385, 25390, 25456, 25598, 25864, 8996, 18919, 8850, 15593, 105, 25820, 17507, 1315, 17535, 17772, 18770, 22682, 5331, 25681, 19399], "label": "armchair"}, {"objectId": 5, "id": 5, "partId": 5, "index": 4, "dominantNormal": [-0.537419319152832, -0.8433151841163635, -1.8725358688439798e-16], "obb": {"axesLengths": [5.647435476436547, 1.2999999381601812, 0.27338057986986697], "centroid": [2.601369908382999, 0.6568693414028398, -0.8800000370293858], "normalizedAxes": [0.8433151841163635, -0.537419319152832, -1.193310604003699e-16, 0, -2.220446049250313e-16, 1, -0.537419319152832, -0.8433151841163635, -1.8725358688439798e-16]}, "segments": [11824, 11625, 1368, 9473, 1525, 1075, 17841, 17816, 20293, 20249, 948, 928, 508, 626, 676, 682, 696, 709, 719, 733, 1042, 1044, 1058, 1512, 1594, 1647, 1655, 1657, 1672, 1841, 1849, 1852, 3824, 8502, 8506, 8541, 8700, 8706, 8719, 8731, 8738, 9092, 9331, 9411, 10578, 10774, 10879, 11694, 11734, 11745, 11757, 11888, 17819, 18627, 20221, 20225, 20268, 20572, 20648, 20686, 20687, 20788, 20828, 20842, 21496, 21562, 21564, 21567, 21569, 21572, 21577, 21582, 21587, 21592, 21631, 22517, 22528, 22549, 22588, 26800, 26940, 26995, 9926, 9909, 9673, 9807, 5896, 12255, 20885, 3337, 7643, 8325, 25198, 18381, 18209, 1913, 1953, 2788, 3122, 3186, 5664, 5826, 11238, 11509, 11568, 11643, 18068, 18133, 18158, 18256, 20615, 20624, 25144, 14155, 1154, 16150, 16058, 2792, 16062, 24825, 11290, 11268, 17767, 26788, 26815, 19917, 2007, 24909, 19101, 19906, 25558, 2768, 3594, 2474, 2931, 2982, 3019, 3074, 3077, 4711, 8766, 8786, 14058, 14206, 14224, 14363, 16000, 16079, 17124, 17398, 17440, 17442, 17479, 19291, 19616, 20044, 20310, 20330, 20577, 20906, 20910, 21754, 21783, 23124, 23190, 23856, 23972, 23991, 24834, 24947, 25247, 25250, 25334, 25594, 25703, 25729, 25741, 25742, 25753, 26798, 26931, 2396, 18216, 18228], "label": "curtain"}, {"objectId": 6, "id": 6, "partId": 6, "index": 5, "dominantNormal": [0, -2.220446049250313e-16, 1], "obb": {"axesLengths": [0.5920879792467507, 0.4189900066184249, 0.5473747104486691], "centroid": [1.3902173380431326, -1.2552749215868082, -1.242115002301746], "normalizedAxes": [-0.10993088781833649, 0.993939220905304, 2.2069884162541164e-16, 0, -2.220446049250313e-16, 1, 0.993939220905304, 0.10993088781833649, 2.4409560554680462e-17]}, "segments": [23839, 13695, 27009, 15549, 20145, 20141, 20132, 19930, 19950, 19962, 26982, 23196, 25808, 23230, 7481, 14397, 26985], "label": "ottoman"}, {"objectId": 7, "id": 7, "partId": 7, "index": 6, "dominantNormal": [0, -2.220446049250313e-16, 1], "obb": {"axesLengths": [1.2779623082802853, 0.8727299375966946, 0.9284530669576794], "centroid": [-0.3846427382741413, 1.8219170983703006, -1.0063650178231678], "normalizedAxes": [0.9017718434333801, 0.43221238255500793, 9.597042772813323e-17, 0, -2.220446049250313e-16, 1, 0.43221238255500793, -0.9017718434333801, -2.0023357270768208e-16]}, "segments": [12722, 12762, 10363, 9139, 22664, 22098, 12317, 9212, 23281, 12574, 9427, 9419, 8899, 9154, 9198, 9371, 9413, 9450, 9495, 9608, 9871, 9895, 10023, 10038, 10131, 10136, 10147, 10178, 10188, 10204, 10351, 11921, 12205, 12208, 12210, 12219, 12236, 12265, 12270, 12299, 12302, 12306, 12367, 12374, 12401, 12413, 12425, 12449, 12460, 12498, 12686, 12703, 12775, 14682, 15828, 21970, 22005, 22013, 22051, 22070, 22071, 22074, 22076, 22078, 22114, 22119, 22179, 22198, 22200, 22229, 22231, 22264, 22268, 22693, 22696, 22702, 22705, 22730, 22839, 22898, 22904, 23262, 23265, 9577, 11967, 9936, 3748, 10742, 22294, 10713, 8882, 3736, 3763, 9977, 24893], "label": "tv stand"}, {"objectId": 8, "id": 8, "partId": 8, "index": 7, "dominantNormal": [0, -2.220446049250313e-16, 1], "obb": {"axesLengths": [0.7903097154336526, 0.24461394001661377, 0.8124484180009741],