{"segGroups": [{"objectId": 1, "id": 1, "partId": 1, "index": 0, "dominantNormal": [0, -2.220446049250313e-16, 1], "obb": {"axesLengths": [5.637648457898128, 0.44776998949565067, 3.8418453494954306], "centroid": [0.845475407291286, 0.768171121118257, -1.3938849344005824], "normalizedAxes": [0.9996007084846497, -0.02825614996254444, -6.274125655135619e-18, 0, -2.220446049250313e-16, 1, -0.02825614996254444, -0.9996007084846497, -2.2195594439825542e-16]}, "segments": [20753, 35195, 15233, 38533, 27449, 21047, 6705, 6712, 6750, 7379, 7425, 8373, 9256, 9302, 13031, 13042, 13328, 13434, 14202, 14691, 14804, 14864, 14887, 14892, 15107, 15114, 15122, 15131, 15135, 15166, 15167, 15170, 15174, 15198, 15228, 15241, 15250, 15271, 15276, 15285, 15376, 15388, 15390, 15411, 15415, 15425, 16020, 16052, 16079, 16102, 16148, 16155, 16159, 16169, 16182, 16318, 16445, 16577, 16791, 16966, 18162, 18290, 18491, 18523, 18600, 18608, 18615, 18723, 18725, 18726, 18733, 18739, 18757, 18758, 18779, 18784, 18797, 18805, 18828, 18831, 18839, 18860, 19027, 19042, 19722, 19731, 19755, 19786, 19905, 20770, 20995, 21077, 21311, 22165, 22167, 22193, 22713, 23052, 23584, 23634, 23682, 23781, 23827, 24149, 25570, 25876, 25895, 25953, 26012, 26042, 26048, 26064, 26436, 27434, 28198, 28898, 28989, 29034, 29053, 29065, 29915, 30595, 30713, 31544, 31565, 34330, 34336, 34349, 34484, 34525, 34528, 34533, 34536, 34541, 34544, 34548, 34549, 34552, 34553, 34564, 34584, 34601, 34603, 34609, 34611, 34615, 34623, 34626, 34635, 34645, 34685, 34764, 35087, 35089, 35091, 35095, 35100, 35106, 35115, 35122, 35130, 35207, 35218, 35221, 36040, 36044, 36051, 36057, 38454, 24205, 28064, 11929, 17111, 12027, 27980, 24580, 25750, 29595, 260, 296, 333, 375, 993, 1019, 1038, 1092, 1119, 1152, 1153, 1167, 3007, 3037, 3131, 3156, 3178, 3209, 3388, 3450, 3561, 10411, 10466, 10467, 10583, 12065, 12066, 13334, 13335, 14280, 14325, 15489, 15560, 15592, 15625, 15652, 15676, 15711, 15720, 15805, 15806, 15927, 16129, 16153, 18916, 18934, 18953, 18957, 18979, 19045, 19057, 19080, 19112, 19124, 19131, 19274, 19455, 19514, 19862, 20081, 21152, 21290, 21421, 21482, 21597, 24806, 24845, 24854, 24870, 24877, 24914, 24916, 24932, 24937, 24942, 24961, 24968, 24994, 24999, 25000, 25007, 25018, 25023, 25057, 25072, 26736, 26746, 26748, 26749, 26751, 26799, 26931, 27096, 27097, 27623, 27639, 27721, 27930, 28036, 28496, 28747, 28865, 28880, 28904, 28922, 28941, 29597, 29732, 29927, 29941, 29961, 29999, 30011, 30019, 30085, 30113, 30133, 30135, 30138, 30175, 30184, 30189, 30214, 30242, 30259, 30263, 30273, 30293, 30315, 30404, 30407, 30410, 30425, 30437, 30449, 30466, 30510, 30535, 30555, 30568, 30570, 31406, 31443, 31497, 31640, 31642, 31655, 31656, 31870, 31875, 31887, 34699, 34714, 34720, 34724, 34734, 34761, 34787, 34806, 34807, 34907, 34914, 35140, 35142, 35761, 35771, 35778, 35780, 35923, 36062, 36260, 36263, 36284, 36286, 36562, 36573, 36577, 36615, 36617, 36621, 36635, 36639, 36646, 37234, 37238, 37496, 37501, 37502, 37507, 37514, 37641, 37645, 37648, 38396, 38829, 838, 3338, 3431, 983, 24917, 30234, 36256, 29008, 28650, 1137, 1170, 1172, 1183, 2984, 3097, 3249, 3250, 3259, 3280, 3413, 3442, 3638, 3665, 8657, 8672, 8727, 8751, 13300, 17951, 19805, 21689, 23861, 23870, 28233, 28660, 28821, 29386, 29875, 30166, 30800, 31136, 31137, 31143, 31171, 31638, 31664, 31798, 31862, 31890, 31892, 31895, 35722, 35731, 36549, 36552, 36951, 18333, 18764, 34690, 3331, 14592, 16775, 17690, 17722, 19724, 19757, 22465, 22485, 23457, 23459, 23495, 23511, 23542, 23572, 24545, 25700, 25702, 25719, 25722, 25741, 26524, 27124, 27147, 27333, 28226, 28805, 28843, 28926, 29019, 29481, 29509, 29557, 29588, 29589, 29624, 29710, 35077, 35693, 35707, 35928, 35934, 36624, 36625, 36627, 37009, 37084, 19468, 20705, 21954, 20990, 16915], "label": "floor"}, {"objectId": 2, "id": 2, "partId": 2, "index": 1, "dominantNormal": [-0.03103064000606537, -0.9995184540748596, -2.2193768025033025e-16], "obb": {"axesLengths": [5.326356758211257, 0.8399999549984938, 0.2298150467490723], "centroid": [0.8509621652671002, 2.623298758579393, -1.1299999488914771], "normalizedAxes": [0.9995184540748596, -0.03103064000606537, -6.890186200717656e-18, 0, -2.220446049250313e-16, 1, -0.03103064000606537, -0.9995184540748596, -2.2193768025033025e-16]}, "segments": [27782, 12117, 11745, 15514, 21464, 21483, 20832, 3461, 20896, 3044, 899, 909, 936, 948, 2461, 2474, 2476, 2492, 2549, 2552, 2983, 3042, 3077, 3091, 3130, 3193, 3350, 3354, 3368, 3441, 6949, 6996, 10233, 16850, 16854, 19591, 24381, 24489, 24512, 24514, 31636, 32093, 32700, 33672, 35745, 36075, 36076, 26312, 39238, 35307], "label": "wall"}, {"objectId": 3, "id": 3, "partId": 3, "index": 2, "dominantNormal": [0.9995899200439453, 0.028636226430535316, 6.358519584311954e-18], "obb": {"axesLengths": [3.359069962522926, 1.9423899216415748, 1.4234400330083836], "centroid": [-1.285056012660019, 1.092978670542837, -0.4411950099970776], "normalizedAxes": [-0.028636224567890167, 0.9995899200439453, 2.2195354888320147e-16, 0, -2.220446049250313e-16, 1, 0.9995899200439453, 0.028636224567890167, 6.3585191707216476e-18]}, "segments": [19771, 9442, 37148, 6214, 6215, 6257, 6259, 6505, 6561, 10336, 12539, 12541, 12767, 12769, 12770, 17860, 17872, 21958, 24972, 25110, 25141, 25142, 25183, 25184, 25224, 25274, 25302, 25303, 25320, 25337, 25352, 25381, 25388, 32652, 32893, 32895, 35698, 35708, 35713, 35716, 35719, 20685, 23928, 918, 2778, 2807, 2837, 14009, 17789, 23758, 23760, 24582, 25578, 27547, 28395, 31027, 31104, 32079, 35246, 39503], "label": "wall"}, {"objectId": 4, "id": 4, "partId": 4, "index": 3, "dominantNormal": [0.965376615524292, 0.26086005568504333, 5.792256800530711e-17], "obb": {"axesLengths": [0.8186109875518259, 0.48994003631308586, 0.4565591905615589], "centroid": [-1.0795671659867856, 1.1704511094975547, -1.2463699983896317], "normalizedAxes": [-0.26086005568504333, 0.965376615524292, 2.1435666919795526e-16, 0, -2.220446049250313e-16, 1, 0.965376615524292, 0.26086005568504333, 5.792256800530711e-17]}, "segments": [17112, 36845, 36683, 29350, 36837, 34859, 36802, 35595, 34826, 34839, 17265, 17164, 14348, 14363, 14401, 14404, 14480, 14567, 14648, 14652, 16456, 16457, 16461, 16485, 16523, 16983, 16993, 17012, 17028, 17051, 17088, 17122, 17157, 17188, 17215, 17219, 17226, 17230, 17314, 17332, 22943, 22960, 26598, 26618, 26688, 26689, 26773, 26816, 26820, 29080, 29138, 29140, 29162, 29165, 29212, 29225, 29257, 29268, 29269, 29303, 29324, 29352, 29362, 34649, 34810, 34814, 34847, 34880, 35643, 36108, 36112, 36126, 36136, 36722, 36723, 36726, 36734, 36738, 36789, 36854], "label": "object"}, {"objectId": 5, "id": 5, "partId": 5, "index": 4, "dominantNormal": [0.9995822310447693, 0.028901830315589905, 6.417495494035453e-18], "obb": {"axesLengths": [1.077872177337982, 1.9653949894295253, 0.5953847172563685], "centroid": [-2.192221462175024, 0.01063237175089371, -0.4673025292785651], "normalizedAxes": [-0.028901832178235054, 0.9995822310447693, 2.2195184158241716e-16, 0, -2.220446049250313e-16, 1, 0.9995822310447693, 0.028901832178235054, 6.4174959076257596e-18]},