{"segGroups": [{"objectId": 1, "id": 1, "partId": 1, "index": 0, "dominantNormal": [0, -2.220446049250313e-16, 1], "obb": {"axesLengths": [3.9645933574235572, 0.2753099141573173, 2.963464269308263], "centroid": [0.07199043627561108, 0.6880678073112123, -1.352835002638138], "normalizedAxes": [-0.3922220468521118, 0.9198705554008484, 2.042522940561505e-16, 0, -2.220446049250313e-16, 1, 0.9198705554008484, 0.3922220468521118, 8.709078943616429e-17]}, "segments": [12983, 6050, 3467, 8314, 9548, 6747, 1449, 12667, 2002, 7051, 12649, 4351, 2815, 2807, 3156, 857, 2388, 2737, 4473, 1079, 4055, 152, 295, 299, 340, 516, 557, 585, 607, 615, 653, 678, 684, 694, 724, 728, 784, 790, 811, 821, 860, 881, 922, 930, 948, 958, 1008, 1163, 1221, 1320, 1351, 1649, 1734, 1746, 1816, 1842, 1938, 2201, 2218, 2261, 2283, 2310, 2346, 2389, 2430, 2511, 2604, 2608, 2680, 2707, 2786, 2916, 3098, 3118, 3149, 3182, 3209, 3214, 3245, 3265, 3310, 3319, 3393, 3457, 3605, 3640, 3641, 3644, 3655, 3660, 3668, 3693, 3788, 3848, 3852, 3860, 3892, 3913, 3929, 3931, 3949, 3987, 4081, 4100, 4134, 4220, 4243, 4244, 4258, 4366, 4403, 4442, 4449, 4488, 4521, 4653, 4968, 4994, 5046, 5278, 5305, 5329, 5334, 6316, 6571, 6611, 6662, 6691, 7911, 8371, 8387, 8418, 8697, 8712, 8720, 8782, 8920, 9581, 9651, 9712, 10069, 10136, 10209, 10214, 10215, 10218, 10232, 10234, 10237, 10239, 10242, 10245, 10248, 10250, 10253, 10255, 10262, 10264, 10271, 10274, 10371, 10427, 10876, 10938, 10942, 11010, 11011, 11689, 11832, 12096, 12457, 12554, 13032, 13035, 3389, 3045, 3336, 3925, 10730, 8783, 8359, 8908, 10178, 10149, 10085, 5799, 10554, 5797, 5838, 5663, 5433, 8905, 10189, 11793, 6885, 11777, 6595, 6632, 6602, 6495, 5642, 9479], "label": "floor"}, {"objectId": 2, "id": 2, "partId": 2, "index": 1, "dominantNormal": [0.2598824203014374, -0.9656402468681335, -2.1441520711554441e-16], "obb": {"axesLengths": [2.3165000750288254, 0.7880700650497507, 0.3994065915378066], "centroid": [-0.3135153171007017, 2.541832765039855, -1.0440350274694328], "normalizedAxes": [0.9656402468681335, 0.2598824203014374, 5.77054893427936e-17, 0, -2.220446049250313e-16, 1, 0.2598824203014374, -0.9656402468681335, -2.1441520711554441e-16]}, "segments": [1926, 7525, 799, 9960, 1026, 9910, 10719, 12067, 12182, 7359, 8408, 1983, 1921, 1836, 7497, 3856, 3901, 7447], "label": "wall"}, {"objectId": 3, "id": 3, "partId": 3, "index": 2, "dominantNormal": [0.6500025987625122, -0.7599319815635681, -1.6873879661617866e-16], "obb": {"axesLengths": [0.8348135532785665, 0.8815589946159941, 0.5366922519099087], "centroid": [0.07445126004517642, 1.1062230393210308, -0.9669905421919996], "normalizedAxes": [0.7599319815635681, 0.6500025987625122, 1.4432957024246567e-16, 0, -2.220446049250313e-16, 1, 0.6500025987625122, -0.7599319815635681, -1.6873879661617866e-16]}, "segments": [6456, 8770, 6431, 6427, 11276, 8869, 7792, 8549, 8356, 4464, 1670, 2420, 2442, 2499, 2500, 4229, 4289, 4294, 4297, 4299, 4335, 4355, 4356, 4890, 4891, 4896, 4917, 4924, 4926, 5420, 5502, 5937, 5990, 6476, 7545, 7599, 7673, 7675, 7684, 7720, 7733, 7735, 7753, 7754, 7783, 7785, 7790, 7794, 7796, 7808, 7812, 8680, 8771, 8876, 9131, 10613, 10617, 10620, 10663, 10742, 10774, 10779, 10788, 10951, 10953, 10957, 10964, 10986, 11014, 11016, 11044, 11207, 11209, 11212, 11311, 11318, 11389, 11425, 11432, 11443, 11726, 11826, 11829, 11899, 4777, 7874, 11087, 2582, 2523, 3545, 5111, 10885, 3524, 4720, 4723, 4729, 4746, 4757, 10867, 10869, 10877, 10930, 11812, 11817, 8199, 11001, 3536, 2607, 10833, 3558, 3586, 3672, 3687, 3707, 5067, 5133, 5141, 5145, 5155, 5218, 5438, 7240, 7304, 7320, 7364, 8181, 8192, 10678, 10694, 10854, 10861, 11226], "label": "buggy"}, {"objectId": 5, "id": 5, "partId": 5, "index": 3, "dominantNormal": [0.9834210872650146, 0.18133647739887238, 4.0264786482529486e-17], "obb": {"axesLengths": [1.2154101054652322, 0.6079090101739236, 0.5026946991069292], "centroid": [0.9748205224516562, 1.7460574335370835, -1.0988755015644687], "normalizedAxes": [-0.18133647739887238, 0.9834210872650146, 2.1836334679670492e-16, 0, -2.220446049250313e-16, 1, 0.9834210872650146, 0.18133647739887238, 4.0264786482529486e-17]}, "segments": [6990, 1673, 13386, 6837, 1216, 11840, 1688, 5263, 6874, 7000, 7042, 7318, 10568, 13414, 8102, 7202, 8248, 11860, 7063], "label": "armchair"}, {"objectId": 7, "id": 7, "partId": 7, "index": 4, "dominantNormal": [0.6760189533233643, -0.7368842363357544, -1.6362116913265598e-16], "obb": {"axesLengths": [1.0021185988632675, 0.9400000362098201, 0.9318907602918485], "centroid": [-0.41839650654119287, 2.038579687541648, -0.9800000304838259], "normalizedAxes": [0.7368842363357544, 0.6760189533233643, 1.501063614125196e-16, 0, -2.220446049250313e-16, 1, 0.6760189533233643, -0.7368842363357544, -1.6362116913265598e-16]}, "segments": [5646, 4737, 5757, 6415, 9346, 11463, 11597, 2228, 3785, 10174, 2074, 2112, 2121, 2234, 2579, 3304, 3361, 3386, 3443, 3451, 3905, 6209, 6212, 6226, 6237, 6273, 6279, 6292, 6539, 6555, 6797, 6802, 6815, 7596, 7690, 9414, 9463, 9989, 10077, 10310, 10321, 10336, 10440, 10583, 10586, 11563, 11808, 12154, 12171, 9092, 2006, 12419, 13068, 13153, 12397, 12445, 7650, 5940, 5751, 11263, 3200, 3215, 5710, 5729, 5764, 9472, 11254, 11258, 13174, 13159, 10540, 10536, 5664, 10563, 10566], "label": "armchair"}, {"objectId": 8, "id": 8, "partId": 8, "index": 5, "dominantNormal": [0, -2.220446049250313e-16, 1], "obb": {"axesLengths": [1.043838101335447, 0.6930290305682484, 0.7769896915315003], "centroid": [-1.1516919480723151, 1.6378228592938615, -1.1034855333046119], "normalizedAxes": [0.22563104331493378, 0.9742128252983093, 2.1631870190626164e-16, 0, -2.220446049250313e-16, 1, 0.9742128252983093, -0.22563104331493378, -5.0100155871687097e-17]}, "segments": [781, 2669, 109, 275, 2754, 8546, 10506, 13276, 13046, 681, 957, 7397, 123, 489, 680, 975, 985, 5828, 7411, 7427, 7475, 7903, 7910, 8536, 8661, 8729, 9184, 10560, 745, 645, 13289, 8933, 5407, 5427, 8757, 8814, 8953, 8986, 8988, 10128, 12470, 13093, 13143, 13156], "label": "armchair"}, {"objectId": 9, "id": 9, "partId": 9, "index": 6, "dominantNormal": [0, -2.220446049250313e-16, 1], "obb": {"axesLengths": [1.1311398800678745, 0.4321119688724286, 0.6976393994406339], "centroid": [-0.837849702346666, 0.8181280544246825, -1.0947539894819853], "normalizedAxes": [-0.2992464303970337, 0.9541758894920349, 2.1186960841124922e-16, 0, -2.220446049250313e-16, 1, 0.9541758894920349, 0.2992464303970337, 6.644605541273523e-17]}, "segments": [6955, 4619, 4706, 2902, 9831, 172, 7138, 12227, 4624, 7118, 9787, 9801, 9851, 9861, 10804, 10808, 10856, 11865, 11891, 11893, 11896, 12187, 12190, 12194, 12284, 8012, 8019, 7065, 7974, 7961], "label": "table"}, {"objectId": 10, "id": 10, "initialPoint": [0.8556301924761361, 2.4795623324874008, -0.7791992483780235], "index": 7, "dominantNormal": [-0.24328024685382843, -0.9699560403823853, -2.1537350578135445e-16], "obb": {"axesLengths": [0.32271168716209564, 0.22000002369284566, 0.1705359230838173], "centroid": [0.9052401895489445, 2.5262975384858803, -0.8200000078340615], "normalizedAxes": [0.9699560403823853, -0.24328026175498962, -5.4019069607444875e-17, 0, -2.220446049250313e-16, 1, -0.24328026175498962, -0.9699560403823853, -2.1537350578135445e-16]}, "segments": [9307, 8242, 8169, 8210, 9249, 12358, 8162, 8147, 11208], "partId": 10, "label": "object"}], "scan_id": "b8837e34-57ec-29c6-8b50-775098de406a", "annId": "5943", "appId": "stk.v1"}