{"segGroups": [{"objectId": 1, "id": 1, "partId": 1, "index": 0, "dominantNormal": [0, -2.220446049250313e-16, 1], "obb": {"axesLengths": [2.107440636291156, 0.6606589408071573, 0.9505434181811151], "centroid": [2.022469075246386, 0.16203618888386304, -1.109000484965734], "normalizedAxes": [0.004316186066716909, 0.999990701675415, 2.2204254028222238e-16, 0, -2.220446049250313e-16, 1, 0.999990701675415, -0.004316186066716909, -9.58385829967081e-19]}, "segments": [8383, 7415, 5813, 35208, 8353, 4087, 4023, 5637, 5732, 26983, 35791, 23335, 23540, 28898, 22512, 24408, 2669, 8589, 4389, 5183, 5455, 5798, 8649, 23293, 23331, 23377, 35273, 36391, 1870, 23402, 29596, 30338, 23441, 35235], "label": "bed"}, {"objectId": 2, "id": 2, "partId": 2, "index": 1, "dominantNormal": [0, -2.220446049250313e-16, 1], "obb": {"axesLengths": [3.7485748657088678, 0.22043001159064476, 3.055211700814399], "centroid": [0.4890898085201471, 0.5446252898147295, -1.3602149835925954], "normalizedAxes": [0.5795643329620361, 0.8149265050888062, 1.8095003386538048e-16, 0, -2.220446049250313e-16, 1, 0.8149265050888062, -0.5795643329620361, -1.2868913334119461e-16]}, "segments": [1208, 23202, 30087, 13755, 23173, 27432, 26023, 429, 33951, 209, 270, 487, 13766, 17165, 17225, 29747, 33875, 33919, 34105, 37065, 37067, 37077], "label": "floor"}, {"objectId": 3, "id": 3, "partId": 3, "index": 2, "dominantNormal": [0.9999439120292664, 0.010590833611786366, 2.351637465155846e-18], "obb": {"axesLengths": [2.560303183115959, 2.8399998506903668, 0.16667085905254456], "centroid": [2.514709812907095, 0.26977750909776654, -0.009999995976690101], "normalizedAxes": [-0.010590833611786366, 0.9999439120292664, 2.220321508937287e-16, 0, -2.220446049250313e-16, 1, 0.9999439120292664, 0.010590833611786366, 2.351637465155846e-18]}, "segments": [3553, 29942, 13647, 9550, 36771, 9099, 11246, 13479, 13484, 13488, 13512, 13531, 13537, 13559, 13592, 13676, 13709, 21548, 32471, 32476, 32485, 32486, 32491, 32500, 36635, 36713, 36602, 36747, 23276, 13906, 13601, 13490], "label": "wall"}, {"objectId": 4, "id": 4, "partId": 4, "index": 3, "dominantNormal": [-0.01713523268699646, -0.9998531937599182, -2.2201200739145182e-16], "obb": {"axesLengths": [3.3793214959398368, 2.8527999478697774, 0.28243549666243667], "centroid": [0.8406621908001353, 1.5656919081292506, -0.011269992114532279], "normalizedAxes": [0.9998531937599182, -0.01713523268699646, -3.8047859722826116e-18, 0, -2.220446049250313e-16, 1, -0.01713523268699646, -0.9998531937599182, -2.2201200739145182e-16]}, "segments": [7149, 20740, 28680, 16974, 11198, 16906, 25727, 32019, 33353, 10568, 27674, 23601, 35704, 25140, 22029, 815, 26944, 1027, 26450, 958, 1082, 2202, 22414, 23553, 24534, 36300, 37313, 29851, 37284, 37305, 29326, 33371, 33310], "label": "wall"}, {"objectId": 5, "id": 5, "partId": 5, "index": 4, "dominantNormal": [-0.10524147748947144, -0.9944466948509216, -2.2081152347717606e-16], "obb": {"axesLengths": [1.1843774505371136, 2.8247398698760584, 0.38025966250435633], "centroid": [1.0593554394532185, 1.5519797511596036, -0.01089001251258237], "normalizedAxes": [0.9944466948509216, -0.10524147748947144, -2.336830229087626e-17, 0, -2.220446049250313e-16, 1, -0.10524147748947144, -0.9944466948509216, -2.2081152347717606e-16]}, "segments": [24622, 26206, 36074, 25231, 20096, 16771, 18166, 18916, 19625, 33160, 18895, 16667, 3173, 3327, 32160, 3168, 3413, 4744, 34391, 11995, 11753, 24627, 679, 1256, 18003, 20042, 20269, 20297, 24683, 25465, 25648, 26560, 32923, 33138, 34276, 35939, 22245, 34297, 11928, 32154, 20643, 22608, 19747, 36327, 19593, 31462, 31202, 21151, 30805, 31047, 24871, 25593, 19124, 19554, 19555, 24572, 25597, 26770, 26844, 29669, 29899, 29903, 30307, 30324, 30333, 30933, 30977, 31169, 31311, 31444, 31535, 35847, 37004, 37055, 37137, 37186, 37193, 37238, 37340, 37447, 37501, 14429, 21157, 30978, 37496, 577, 21163, 31586, 31585, 545, 31578, 575, 21125, 570], "label": "curtain"}, {"objectId": 7, "id": 7, "partId": 7, "index": 5, "dominantNormal": [0.9999895691871643, 0.0045690457336604595, 1.0145319548150366e-18], "obb": {"axesLengths": [2.5070055442347963, 2.1132499103266755, 0.2746647107562877], "centroid": [-0.7654130944728217, 0.28371957039158946, 0.36662496723327465], "normalizedAxes": [-0.0045690457336604595, 0.9999895691871643, 2.2204228881931616e-16, 0, -2.220446049250313e-16, 1, 0.9999895691871643, 0.0045690457336604595, 1.0145319548150366e-18]}, "segments": [34790, 21133, 6049, 34704, 34720, 7467, 8053, 34654, 3491, 12720, 12728, 7166, 34144, 34800, 8398, 27082], "label": "wall"}, {"objectId": 8, "id": 8, "partId": 8, "index": 6, "dominantNormal": [0.9947819709777832, -0.10202379524707794, -2.265383330858971e-17], "obb": {"axesLengths": [2.516694959049928, 0.8399999549984938, 0.7246908909301835], "centroid": [-0.5435126232569923, 0.29972487853260626, -1.0099999438226268], "normalizedAxes": [0.10202379524707794, 0.9947819709777832, 2.2088596973230583e-16, 0, -2.220446049250313e-16, 1, 0.9947819709777832, -0.10202379524707794, -2.265383330858971e-17]}, "segments": [18414, 17223, 24728, 14709, 24705, 15485, 15726, 15774, 14967, 27585, 23662, 18462, 14067, 19043, 19697, 18971, 14553, 14590, 32715, 32687, 368, 18759, 15040, 15780, 15766, 15742, 10047, 17333, 17370, 17405, 21190, 21192, 33269, 14937, 33977, 17421, 15817, 17363, 17169, 17407, 15789, 15807, 15820, 15482, 15528, 17378, 17270, 17197, 28101, 32947, 17297, 16472, 15102], "label": "table"}, {"objectId": 9, "id": 9, "partId": 9, "index": 7, "dominantNormal": [0.9998067021369934, 0.019662275910377502, 4.365902286446733e-18], "obb": {"axesLengths": [1.9419077530377093, 0.5685099236255157, 0.15957578281123816], "centroid": [-0.7633901898882653, 0.48087831645833196, -1.1342549723925852], "normalizedAxes": [-0.019662275910377502, 0.9998067021369934, 2.2200168417740716e-16, 0, -2.220446049250313e-16, 1, 0.9998067021369934, 0.019662275910377502, 4.365902286446733e-18]}, "segments": [20041, 19583, 15333], "label": "wall"}, {"objectId": 10, "id": 10, "partId": 10, "index": 8, "dominantNormal": [0, -2.220446049250313e-16, 1], "obb": {"axesLengths": [0.6837411614496692, 0.35501598518306005, 0.6236409124213949], "centroid": [-0.24692813135672725, 0.9776065557338506, -0.8575919732244646], "normalizedAxes": [0.07937857508659363, 0.9968445301055908, 2.213439498589744e-16, 0, -2.220446049250313e-16, 1, 0.9968445301055908, -0.07937857508659363, -1.7625584344614615e-17]}, "segments": [14789, 1576, 14856, 15265, 29225, 14794, 14975, 15103, 529, 14858, 15104, 15158, 15189, 17095, 17103, 17108, 17647, 29160, 31576, 32724, 33112, 33115, 33119, 29082, 15154], "label": "chair"}, {"objectId": 11, "id": 11, "partId": 11, "index": 9, "dominantNormal": [0.012397455051541328, -0.9999231696128845, -2.2202754515207801e-16], "obb": {"axesLengths": [3.4559422857529056, 2.8244199121500557, 0.6137536268520842], "centroid": [0.8498339537393045, -1.1593821298016664, 0.008779996660794875], "normalizedAxes": [0.9999231696128845, 0.012397455051541328, 2.752788008995328e-18, 0, -2.220446049250313e-16, 1, 0.012397455051541328, -0.9999231696128845, -2.2202754515207801e-16]}, "segments": [6460, 6363, 8791, 13442, 11483, 13139, 12851, 13337, 32445, 32329, 13993, 32368, 19386, 33253, 18048, 36822, 111, 30429, 30144, 29964, 11767, 18517, 29730, 1319, 3008, 3041, 4571, 4987, 4994, 5015, 6412, 6640, 7188, 7664, 8706, 8721, 9602, 9646, 10677, 10689, 10696, 10708, 10710, 10719, 10754, 10780, 10953, 10966, 12782, 13024, 13050, 17866, 25731, 30180, 30209, 31595, 31705, 31948, 31957, 32001, 32012, 32017, 32262, 32395, 32404, 32410, 32514, 32824, 682, 18730, 21766], "label": "wall"}, {"objectId": 12, "id": 12, "partId": 12, "index": 10, "dominantNormal": [0.12352931499481201, -0.9923409223556519, -2.2034394805540188e-16], "obb": {"axesLengths": [0.5554977059978995, 0.6140390497288317, 0.5034367192777573], "centroid": [1.283133224387158, -0.6746400752750196, -1.1100604939447265],