{"segGroups": [{"objectId": 1, "id": 1, "partId": 1, "index": 0, "dominantNormal": [0, -2.220446049250313e-16, 1], "obb": {"axesLengths": [5.9178624878613, 0.43719994044602, 3.758265588932228], "centroid": [-0.5052447881256478, 1.5688305742873752, -1.4485999561533343], "normalizedAxes": [-0.3859575688838959, 0.9225165247917175, 2.0483981728418977e-16, 0, -2.220446049250313e-16, 1, 0.9225165247917175, 0.3859575688838959, 8.569979590065022e-17]}, "segments": [10240, 1129, 17125, 3329, 3576, 6169, 3612, 12626, 9311, 12520, 8243, 671, 1309, 23084, 182, 192, 208, 212, 247, 251, 256, 315, 320, 341, 369, 410, 426, 443, 452, 505, 547, 548, 562, 570, 597, 802, 964, 999, 1115, 1215, 1227, 1239, 1240, 1298, 1350, 1390, 1495, 1527, 1539, 1565, 1572, 1606, 1737, 1853, 1873, 1911, 1948, 2007, 2042, 2339, 2389, 2409, 2412, 2418, 2444, 2476, 2477, 2529, 2560, 2592, 2849, 2877, 2997, 3558, 3575, 3952, 3970, 3974, 3978, 3985, 3999, 4056, 4073, 4083, 4127, 4174, 4255, 4271, 4366, 4459, 4530, 4664, 4710, 4797, 4907, 5343, 5365, 5443, 5450, 5608, 5686, 5782, 5807, 5842, 5909, 6096, 6257, 6292, 6404, 6414, 6472, 6525, 6590, 6663, 6685, 6840, 6905, 6921, 7001, 7029, 7046, 7066, 7218, 7414, 7415, 7416, 7465, 7643, 7675, 7686, 7700, 7709, 7713, 7868, 7958, 8242, 8420, 8457, 8474, 8673, 8796, 10424, 10447, 10459, 10627, 10652, 10702, 10703, 11064, 11095, 11100, 12201, 12458, 12486, 12503, 12531, 12692, 12907, 12909, 12916, 12951, 12965, 12982, 13025, 13043, 13070, 13078, 13096, 13109, 13145, 13151, 13185, 13209, 13253, 13257, 13265, 13282, 13338, 13358, 13360, 13422, 13624, 13638, 14353, 14578, 14582, 14586, 14643, 14674, 14675, 14688, 14691, 14725, 14740, 15324, 16168, 16172, 16185, 16214, 16549, 16590, 16723, 16967, 16972, 17090, 17228, 17252, 17280, 17847, 17849, 17926, 18200, 18514, 18707, 18906, 19135, 19143, 19166, 19174, 19176, 20032, 20170, 20182, 20184, 20185, 20187, 20200, 20336, 20383, 20395, 20398, 20402, 20410, 20414, 20419, 20435, 20485, 20488, 20502, 20510, 20513, 20514, 20521, 20549, 20571, 20584, 20643, 20775, 20778, 20781, 20791, 20854, 20857, 21008, 21607, 21662, 21766, 22142, 22158, 22186, 22247, 22289, 22300, 22303, 22315, 22438, 22449, 23373, 23403, 23731, 23744, 23747, 25824, 25835, 25838, 25841, 8703, 25279, 4690, 4656, 20368, 4394, 20352, 20354, 4525, 12894, 20069, 12590, 12435, 7849, 7847, 20175, 6485, 4392, 19250, 13429, 17158, 10600, 20979, 20986, 634], "label": "floor"}, {"objectId": 7, "id": 7, "partId": 7, "index": 6, "dominantNormal": [0, -2.220446049250313e-16, 1], "obb": {"axesLengths": [2.3771567241357068, 0.9604339980982094, 1.2948578230948797], "centroid": [-0.5896013132128395, 1.5336798482443217, -0.9897829910535442], "normalizedAxes": [0.8396459221839905, -0.5431341528892517, -1.2060000839958545e-16, 0, -2.220446049250313e-16, 1, -0.5431341528892517, -0.8396459221839905, -1.8643884706825775e-16]}, "segments": [14525, 22048, 23191, 15987, 7115, 16031, 15984, 15885, 20694, 8584, 1032, 1365, 1416, 22711, 1410, 20527, 17710, 19652, 17567, 23879, 23992, 17703, 16682, 15617, 15626, 13893, 14477, 13939, 19403, 18130, 13916, 21472, 19940, 24387, 23307, 13990, 23287, 20715, 20725, 16829, 16795, 23974, 24643, 11444, 10319, 22323, 21035, 16061, 12931, 22133, 12898, 20835, 22257, 22265, 16060, 16009, 23236, 15982, 7049, 23958, 17578, 23852, 16775, 13879, 17984, 19990, 4692, 20831, 1543, 1421], "label": "dining table"}, {"objectId": 8, "id": 8, "partId": 8, "index": 7, "dominantNormal": [0, -2.220446049250313e-16, 1], "obb": {"axesLengths": [0.5615677604272369, 0.12389403304694513, 0.4243847487520942], "centroid": [0.21922887986378448, 1.059510582452009, -0.5885669699005716], "normalizedAxes": [0.840639591217041, 0.541594922542572, 1.2025823060536834e-16, 0, -2.220446049250313e-16, 1, 0.541594922542572, -0.840639591217041, -1.866594859161277e-16]}, "segments": [17958, 19953, 24028, 26235, 26216], "label": "bag"}, {"objectId": 9, "id": 9, "partId": 9, "index": 8, "dominantNormal": [0, -2.220446049250313e-16, 1], "obb": {"axesLengths": [0.24143803400818867, 0.1604759955299795, 0.17578936665801245], "centroid": [-0.6614489409009447, 1.28029233987934, -0.5746779703912595], "normalizedAxes": [-0.3043733239173889, 0.952552855014801, 2.1150922236197212e-16, 0, -2.220446049250313e-16, 1, 0.952552855014801, 0.3043733239173889, 6.75844544589552e-17]}, "segments": [7034, 24751, 14798, 7019, 14839, 21736], "label": "box"}, {"objectId": 10, "id": 10, "partId": 10, "index": 9, "dominantNormal": [0, -2.220446049250313e-16, 1], "obb": {"axesLengths": [0.4736459126622841, 0.24732100410786995, 0.28925069596505226], "centroid": [-1.1520802604382059, 1.6059622743441344, -0.5463394940091786], "normalizedAxes": [0.7992587089538574, -0.6009871363639832, -1.3344595125896656e-16, 0, -2.220446049250313e-16, 1, -0.6009871363639832, -0.7992587089538574, -1.7747108426254985e-16]}, "segments": [15932, 11655, 11648, 5495, 16497, 5635, 23145, 7011, 23811, 16596, 16618, 5512, 5532, 5544, 5578, 5638, 11669, 16273, 16353, 16357, 16374, 16400, 16510, 16531, 20863, 20875, 20879, 20897, 20910, 22196, 22244, 22262, 22270, 22274, 22276, 22279, 22282, 23817, 16451], "label": "box"}, {"objectId": 11, "id": 11, "partId": 11, "index": 10, "dominantNormal": [0, -2.220446049250313e-16, 1], "obb": {"axesLengths": [0.4503908591756521, 0.17016398526361595, 0.20425779547370185], "centroid": [-1.3185277273363434, 2.0794456191245727, -0.5911719610399317], "normalizedAxes": [0.6539452075958252, 0.756541907787323, 1.679860490238656e-16, 0, -2.220446049250313e-16, 1, 0.756541907787323, -0.6539452075958252, -1.452050052632326e-16]}, "segments": [10503, 10314, 22385, 21061, 22395, 20963], "label": "box"}, {"objectId": 12, "id": 12, "partId": 12, "index": 11, "dominantNormal": [0.809207558631897, -0.5875228643417358, -1.304562822971835e-16], "obb": {"axesLengths": [0.7076460063099287, 1.0258409747665898, 0.528147624802164], "centroid": [-1.3681355788353664, 1.2146932433751292, -0.9574994770370541], "normalizedAxes": [0.5875228643417358, 0.809207558631897, 1.7968017265876867e-16, 0, -2.220446049250313e-16, 1, 0.809207558631897, -0.5875228643417358, -1.304562822971835e-16]}, "segments": [6794, 19718, 6802, 25014, 6779, 12142, 6453, 10630, 12068, 6829, 6780, 7106, 7146, 11873, 24564, 24872, 19719, 6478, 7192, 7668, 7669, 7724, 7757, 7780, 11455, 12018, 12039, 16583, 18912, 18968, 19002, 19012, 19060, 19062, 19064, 19667, 20950, 21001, 21121, 21126, 21143, 24852, 24856, 24862, 13661, 14072, 13389], "label": "dining chair"}, {"objectId": 13, "id": 13, "partId": 13, "index": 12, "dominantNormal": [-0.5467096567153931, -0.8373222947120667, -1.8592289812426147e-16], "obb": {"axesLengths": [0.6447441605220714, 1.0397039717502, 0.35153615339406113], "centroid": [-0.8904297803285981, 0.9978904492682215, -0.9545179782662249], "normalizedAxes": [0.8373222351074219, -0.5467096567153931, -1.2139392973406894e-16, 0, -2.220446049250313e-16, 1, -0.5467096567153931, -0.8373222351074219, -1.8592288488937167e-16]}, "segments": [21453, 19661, 21388, 9911, 26145, 21442, 9839, 6716, 25850, 24782, 19642, 21053, 8326, 21152, 21395, 8304, 8339, 8990, 9715, 9717, 9748, 9867, 9871, 9872, 10107, 13356, 13520, 13953, 14349, 18826, 19567, 19597, 19651, 21146, 21153, 21366, 21410, 21469, 25827, 21646], "label": "dining chair"}, {"objectId": 14, "id": 14, "partId": 14, "index": 13, "dominantNormal": [-0.6400914788246155, -0.7682987451553345, -1.7059659133241355e-16], "obb": {"axesLengths": [0.775388022275718, 0.9354359894520937, 0.32933849905187873], "centroid": [-0.5056221546997495, 0.8221126801805467, -0.9354619714261152], "normalizedAxes": [0.7682987451553345, -0.6400914788246155, -1.4212885953149079e-16, 0, -2.220446049250313e-16, 1, -0.6400914788246155, -0.7682987451553345, -1.7059659133241355e-16]}, "segments": [17581, 9832, 18543, 17829, 17802, 21374, 19637, 15733, 14469, 17827, 24534, 15766, 9774, 16121, 23009, 14289, 17803, 24515, 24518, 18576, 10161, 17593, 16472, 16454], "label": "dining chair"}, {"objectId": 15, "id": 15,